{"type":"FeatureCollection","name":"bairros-anapolis","features":[{"type":"Feature","properties":{"id":"adriana-parque","nome":"Adriana Parque","lat":-16.277498,"lon":-48.981949},"geometry":{"type":"Polygon","coordinates":[[[-48.9876677,-16.2839801],[-48.987666,-16.2838069],[-48.9876659,-16.2832899],[-48.9876498,-16.2816526],[-48.9876647,-16.2816171],[-48.9872518,-16.2814407],[-48.9822078,-16.2792861],[-48.9813294,-16.2788841],[-48.9813294,-16.2787316],[-48.9813154,-16.2786465],[-48.9814929,-16.2785165],[-48.9815769,-16.2784089],[-48.981591,-16.278113],[-48.9816283,-16.2778889],[-48.981633,-16.2776782],[-48.9815816,-16.2775258],[-48.9814368,-16.2771671],[-48.9814415,-16.2770282],[-48.9814088,-16.2768758],[-48.981324,-16.2768235],[-48.9812046,-16.2769562],[-48.9809136,-16.2770496],[-48.978992,-16.2773568],[-48.9788038,-16.2775046],[-48.9787609,-16.27769],[-48.9784498,-16.2782873],[-48.9783237,-16.2785834],[-48.9782158,-16.279014],[-48.9777875,-16.2788386],[-48.9776901,-16.2790431],[-48.9772451,-16.2788417],[-48.9770593,-16.2787577],[-48.9766264,-16.2785618],[-48.976417,-16.278467],[-48.9760229,-16.2782887],[-48.9757874,-16.2781821],[-48.9754098,-16.2780113],[-48.9753373,-16.2779785],[-48.9748389,-16.2777529],[-48.9747929,-16.277734],[-48.9750369,-16.277252],[-48.9751951,-16.2768937],[-48.9782165,-16.2766696],[-48.978269,-16.2766464],[-48.9794354,-16.2761316],[-48.9802854,-16.2752306],[-48.980757,-16.2746881],[-48.9811633,-16.2744416],[-48.9816163,-16.2740381],[-48.9816864,-16.2738409],[-48.9830547,-16.2739888],[-48.9835497,-16.2739216],[-48.9838065,-16.2737781],[-48.9839793,-16.2737288],[-48.9845257,-16.2736974],[-48.9848293,-16.2735629],[-48.9852729,-16.2735988],[-48.985441,-16.2735809],[-48.985838,-16.2736705],[-48.9861836,-16.2736885],[-48.9864778,-16.2737019],[-48.9866646,-16.2736885],[-48.9869981,-16.2736988],[-48.9867645,-16.2743114],[-48.9867553,-16.2745998],[-48.9886464,-16.2776662],[-48.9887167,-16.2777333],[-48.9887224,-16.2831965],[-48.9885258,-16.2833426],[-48.9883047,-16.2835068],[-48.9881347,-16.2836331],[-48.9876677,-16.2839801]]]}},{"type":"Feature","properties":{"id":"alphaville-an-polis","nome":"Alphaville Anápolis","lat":-16.319419,"lon":-48.924306},"geometry":{"type":"Polygon","coordinates":[[[-48.9227434,-16.3185428],[-48.9245568,-16.3162038],[-48.9259065,-16.3133711],[-48.9263591,-16.3125095],[-48.9279659,-16.3137187],[-48.9280083,-16.313909],[-48.9279693,-16.314095],[-48.9258253,-16.3169026],[-48.9272256,-16.3178156],[-48.9269991,-16.3180425],[-48.9267471,-16.3188117],[-48.9252783,-16.3194742],[-48.9250796,-16.3196455],[-48.9246767,-16.3201357],[-48.9246419,-16.3203368],[-48.9244735,-16.320396],[-48.9244372,-16.3205874],[-48.9241743,-16.320878],[-48.9239506,-16.3209423],[-48.9240693,-16.32129],[-48.9242069,-16.3215708],[-48.9243501,-16.3217803],[-48.924512,-16.3219808],[-48.9227237,-16.3234166],[-48.9225209,-16.32327],[-48.9225019,-16.3231616],[-48.9226951,-16.3231376],[-48.9227611,-16.3232193],[-48.9229349,-16.3230702],[-48.9228773,-16.3223532],[-48.9227019,-16.3196184],[-48.9226958,-16.3194847],[-48.9226238,-16.3192924],[-48.9225479,-16.3191431],[-48.9225071,-16.3190659],[-48.9223963,-16.3189435],[-48.9224262,-16.3189175],[-48.9225467,-16.3188812],[-48.9227434,-16.3185428]]]}},{"type":"Feature","properties":{"id":"andracel-center","nome":"Andracel Center","lat":-16.325349,"lon":-48.946196},"geometry":{"type":"Polygon","coordinates":[[[-48.946137,-16.3277057],[-48.945947,-16.3275206],[-48.9458209,-16.3273893],[-48.94463,-16.3256622],[-48.9444771,-16.3254382],[-48.9443725,-16.3252091],[-48.9443081,-16.324998],[-48.9442438,-16.3246274],[-48.9442518,-16.3244626],[-48.9442706,-16.3243417],[-48.9443296,-16.3241924],[-48.9443913,-16.3240765],[-48.9445817,-16.3238423],[-48.9450162,-16.3234742],[-48.9451247,-16.3233527],[-48.9453684,-16.3234597],[-48.9460707,-16.3237007],[-48.9463945,-16.3238508],[-48.9468311,-16.3240923],[-48.9479162,-16.3245531],[-48.9482062,-16.3247008],[-48.948592,-16.32559],[-48.9489741,-16.3264517],[-48.9488186,-16.3265093],[-48.948459,-16.3266348],[-48.9483329,-16.3266639],[-48.9481391,-16.3267356],[-48.948006,-16.3267558],[-48.9471159,-16.327129],[-48.9467582,-16.3273397],[-48.946137,-16.3277057]]]}},{"type":"Feature","properties":{"id":"anexo-antonio-fernandes","nome":"Anexo Antonio Fernandes","lat":-16.301455,"lon":-48.951677},"geometry":{"type":"Polygon","coordinates":[[[-48.9526038,-16.3003565],[-48.9523544,-16.3027591],[-48.9522312,-16.3027827],[-48.9515218,-16.302882],[-48.9514773,-16.3027143],[-48.9515953,-16.3015559],[-48.95126,-16.3014635],[-48.9512385,-16.3011442],[-48.9511741,-16.3009383],[-48.9513243,-16.3007066],[-48.9516194,-16.300583],[-48.951628,-16.3005231],[-48.9517696,-16.3005007],[-48.9526038,-16.3003565]]]}},{"type":"Feature","properties":{"id":"anexo-bom-sucesso","nome":"Anexo Bom Sucesso","lat":-16.308822,"lon":-48.965488},"geometry":{"type":"Polygon","coordinates":[[[-48.9642251,-16.3092434],[-48.9643116,-16.3089677],[-48.9643209,-16.3088979],[-48.9638759,-16.3088387],[-48.9641266,-16.3081016],[-48.9641584,-16.3080081],[-48.9648275,-16.307979],[-48.9649231,-16.3073047],[-48.9655385,-16.3073361],[-48.9662693,-16.3073548],[-48.9665029,-16.3074025],[-48.9663152,-16.3081979],[-48.9662213,-16.3086484],[-48.9664144,-16.3087385],[-48.9664359,-16.3091659],[-48.9664171,-16.3092894],[-48.9664627,-16.3094696],[-48.9665675,-16.3096153],[-48.9663236,-16.3095587],[-48.9660126,-16.3095236],[-48.9658906,-16.3094845],[-48.965787,-16.3094494],[-48.9656935,-16.3094475],[-48.9656731,-16.3094299],[-48.9655004,-16.3094397],[-48.9654983,-16.3094572],[-48.9650206,-16.309387],[-48.9643499,-16.3092675],[-48.9642251,-16.3092434]]]}},{"type":"Feature","properties":{"id":"anexo-frei-eust-quio","nome":"Anexo Frei Eustáquio","lat":-16.316584,"lon":-48.967579},"geometry":{"type":"Polygon","coordinates":[[[-48.967187,-16.3180018],[-48.9672231,-16.3177611],[-48.9673009,-16.317431],[-48.9673658,-16.317115],[-48.967376,-16.3170652],[-48.9670027,-16.3171782],[-48.9668764,-16.3166537],[-48.9670303,-16.3166416],[-48.9668891,-16.3157384],[-48.966886,-16.3157146],[-48.9671006,-16.3156889],[-48.9674201,-16.3155551],[-48.9671648,-16.3148935],[-48.967401,-16.3148703],[-48.9679872,-16.3151762],[-48.9688115,-16.3161443],[-48.9695732,-16.317627],[-48.96897,-16.3179025],[-48.9684299,-16.3179326],[-48.967187,-16.3180018]]]}},{"type":"Feature","properties":{"id":"anexo-itamaraty","nome":"Anexo Itamaraty","lat":-16.291217,"lon":-48.974721},"geometry":{"type":"Polygon","coordinates":[[[-48.980471,-16.290525],[-48.9759488,-16.2915857],[-48.9749541,-16.291066],[-48.9742567,-16.2916581],[-48.9739885,-16.2919052],[-48.9735755,-16.2920237],[-48.9732679,-16.2926301],[-48.9731785,-16.2928063],[-48.9724704,-16.2934087],[-48.9717247,-16.2948041],[-48.9714666,-16.2951429],[-48.9710774,-16.2949823],[-48.970899,-16.293522],[-48.9716568,-16.2928052],[-48.971504,-16.2926594],[-48.9719079,-16.2922867],[-48.9723355,-16.2918923],[-48.9730194,-16.2911717],[-48.9731369,-16.2910617],[-48.9742631,-16.2899994],[-48.9745365,-16.2897333],[-48.9749626,-16.2896921],[-48.975677,-16.2896277],[-48.9765983,-16.2895277],[-48.9771849,-16.2894583],[-48.9776245,-16.2892999],[-48.9777268,-16.2890524],[-48.9778209,-16.2888247],[-48.9780627,-16.2889029],[-48.9783801,-16.2890055],[-48.9785338,-16.2890016],[-48.9788771,-16.2888705],[-48.980471,-16.290525]]]}},{"type":"Feature","properties":{"id":"bairro-alvorada","nome":"Bairro Alvorada","lat":-16.308135,"lon":-48.940552},"geometry":{"type":"Polygon","coordinates":[[[-48.9433292,-16.3090873],[-48.9432269,-16.3087197],[-48.943151,-16.3086571],[-48.9430376,-16.308529],[-48.9427021,-16.3081501],[-48.9424965,-16.3079168],[-48.9424388,-16.3078514],[-48.9420557,-16.307413],[-48.9419807,-16.3073271],[-48.9417693,-16.3070851],[-48.9415697,-16.3068515],[-48.9411923,-16.3064239],[-48.940818,-16.305975],[-48.9404676,-16.3055534],[-48.9403728,-16.3055745],[-48.9403356,-16.3055828],[-48.9401887,-16.305695],[-48.9389014,-16.3065097],[-48.9383014,-16.3068427],[-48.9381761,-16.3069208],[-48.9375774,-16.3072782],[-48.9368436,-16.3077617],[-48.936838,-16.3078081],[-48.9370494,-16.3078106],[-48.9370741,-16.3078457],[-48.9376244,-16.3085203],[-48.9380104,-16.3090681],[-48.9384122,-16.3095911],[-48.938692,-16.3100218],[-48.9395146,-16.3099372],[-48.9400111,-16.3098861],[-48.9402641,-16.30986],[-48.9407424,-16.3098108],[-48.9412322,-16.3097604],[-48.9416431,-16.3097181],[-48.9419887,-16.3096825],[-48.942445,-16.3096356],[-48.9428045,-16.3096071],[-48.9433725,-16.309562],[-48.9434366,-16.3095534],[-48.9433292,-16.3090873]]]}},{"type":"Feature","properties":{"id":"bairro-antonio-fernandes","nome":"Bairro Antonio Fernandes","lat":-16.301933,"lon":-48.953106},"geometry":{"type":"Polygon","coordinates":[[[-48.9548962,-16.2957528],[-48.9554786,-16.2959197],[-48.9554113,-16.2963757],[-48.9554564,-16.2968063],[-48.9551154,-16.2968471],[-48.9548459,-16.2971708],[-48.954739,-16.2972518],[-48.9546443,-16.2973322],[-48.9545837,-16.2974014],[-48.9545473,-16.2977507],[-48.9541684,-16.3012543],[-48.9540814,-16.3020604],[-48.954143,-16.3020693],[-48.9538534,-16.3045622],[-48.9537979,-16.3045769],[-48.9537689,-16.3049452],[-48.9536489,-16.3049642],[-48.9534231,-16.3049051],[-48.9531751,-16.3055854],[-48.9535237,-16.3058596],[-48.9535931,-16.3059783],[-48.9536639,-16.3067354],[-48.9534781,-16.3068633],[-48.9533474,-16.3065487],[-48.9532499,-16.3063107],[-48.9530994,-16.3061117],[-48.9527783,-16.3059712],[-48.9525953,-16.3059166],[-48.9523799,-16.3057839],[-48.9521766,-16.305659],[-48.9519286,-16.3053976],[-48.9517741,-16.3053079],[-48.9517566,-16.3051939],[-48.9517223,-16.3050468],[-48.9515589,-16.30476],[-48.9514048,-16.3045045],[-48.9513347,-16.3043431],[-48.9512226,-16.3041504],[-48.9511386,-16.3038949],[-48.9511806,-16.3034781],[-48.9512273,-16.3033212],[-48.9511433,-16.303115],[-48.9511059,-16.3030254],[-48.950959,-16.3029062],[-48.9514773,-16.3027143],[-48.9515218,-16.302882],[-48.9522312,-16.3027827],[-48.9523544,-16.3027591],[-48.9526038,-16.3003565],[-48.9528773,-16.2969917],[-48.953057,-16.2969531],[-48.9531154,-16.2969381],[-48.9532311,-16.2955797],[-48.9539906,-16.2955601],[-48.9541944,-16.2955626],[-48.9545648,-16.2956611],[-48.9547178,-16.2957004],[-48.9548962,-16.2957528]]]}},{"type":"Feature","properties":{"id":"bairro-batista","nome":"Bairro Batista","lat":-16.340362,"lon":-48.953814},"geometry":{"type":"Polygon","coordinates":[[[-48.9563371,-16.3390386],[-48.9559873,-16.3391629],[-48.9552718,-16.338882],[-48.9552474,-16.3389112],[-48.9550217,-16.3387786],[-48.9548694,-16.3387804],[-48.9545425,-16.3386338],[-48.9542743,-16.3384871],[-48.9541895,-16.3383942],[-48.9536735,-16.338186],[-48.9531531,-16.3379389],[-48.9529783,-16.3378615],[-48.9526201,-16.3380579],[-48.9521471,-16.3380113],[-48.9521301,-16.3381036],[-48.9520205,-16.3384767],[-48.9516558,-16.3391871],[-48.9515217,-16.3395732],[-48.9513983,-16.3400262],[-48.9512266,-16.3403299],[-48.9510925,-16.3408189],[-48.9510228,-16.341205],[-48.9510185,-16.3413717],[-48.9510842,-16.3413712],[-48.9513204,-16.3413875],[-48.951635,-16.3414459],[-48.9524221,-16.3415921],[-48.95255,-16.3416158],[-48.9527557,-16.341654],[-48.9532675,-16.3417491],[-48.9534235,-16.341778],[-48.9536377,-16.3418178],[-48.9538723,-16.3419021],[-48.9541385,-16.3419043],[-48.9541876,-16.3420019],[-48.9543651,-16.3419356],[-48.9545372,-16.3418509],[-48.9546079,-16.3418147],[-48.954853,-16.3416623],[-48.9550917,-16.3414246],[-48.9550723,-16.3413857],[-48.9553313,-16.3411756],[-48.9555366,-16.3409474],[-48.9556118,-16.3408975],[-48.9559377,-16.3407958],[-48.9560184,-16.3410527],[-48.9562603,-16.3411405],[-48.956366,-16.3411073],[-48.9564498,-16.3413284],[-48.9569862,-16.3411646],[-48.9563371,-16.3390386]]]}},{"type":"Feature","properties":{"id":"bairro-boa-vista","nome":"Bairro Boa Vista","lat":-16.304404,"lon":-48.939045},"geometry":{"type":"Polygon","coordinates":[[[-48.9438528,-16.3089642],[-48.9441034,-16.3080535],[-48.9441257,-16.3078695],[-48.9443647,-16.3067519],[-48.9445894,-16.3056841],[-48.9447465,-16.3049867],[-48.9448271,-16.3045836],[-48.9450877,-16.3034894],[-48.9452822,-16.3023989],[-48.9452858,-16.3023839],[-48.9454052,-16.3018861],[-48.9454956,-16.3013398],[-48.9457096,-16.3004205],[-48.9457011,-16.300254],[-48.945974,-16.299098],[-48.9459793,-16.2988389],[-48.9459316,-16.2983528],[-48.94588,-16.2982029],[-48.9452491,-16.298494],[-48.9446458,-16.2987442],[-48.9439926,-16.2990385],[-48.9433598,-16.2992696],[-48.9431726,-16.2993526],[-48.9427085,-16.2995583],[-48.9420794,-16.2998372],[-48.9417194,-16.2999968],[-48.9416484,-16.3000782],[-48.9415584,-16.3001813],[-48.9408755,-16.3004935],[-48.9402635,-16.3007733],[-48.9399817,-16.3008938],[-48.9398678,-16.3009425],[-48.9396458,-16.3010421],[-48.9391261,-16.3012653],[-48.9374385,-16.3020158],[-48.9373542,-16.3020637],[-48.9371851,-16.3021597],[-48.9371008,-16.3023252],[-48.9370989,-16.302471],[-48.9372261,-16.3031922],[-48.9363124,-16.3045213],[-48.9353221,-16.3047394],[-48.9345888,-16.3049008],[-48.9340865,-16.3048],[-48.9335781,-16.3047971],[-48.9273359,-16.3033688],[-48.9272025,-16.3032828],[-48.9272,-16.3033585],[-48.9272308,-16.3037562],[-48.9272668,-16.3044036],[-48.9273051,-16.305092],[-48.9273373,-16.305817],[-48.9273678,-16.3065071],[-48.927395,-16.3071197],[-48.9284143,-16.3073584],[-48.9297225,-16.3076647],[-48.9303381,-16.3078089],[-48.9320088,-16.3082003],[-48.9325437,-16.3083256],[-48.9334588,-16.30854],[-48.9341636,-16.3087204],[-48.9349613,-16.3088568],[-48.9349944,-16.3089094],[-48.936838,-16.3078081],[-48.9368436,-16.3077617],[-48.9375774,-16.3072782],[-48.9381761,-16.3069208],[-48.9383014,-16.3068427],[-48.9389014,-16.3065097],[-48.9401887,-16.305695],[-48.9403356,-16.3055828],[-48.9403728,-16.3055745],[-48.9404676,-16.3055534],[-48.940818,-16.305975],[-48.9411923,-16.3064239],[-48.9415697,-16.3068515],[-48.9417693,-16.3070851],[-48.9419807,-16.3073271],[-48.9420557,-16.307413],[-48.9424388,-16.3078514],[-48.9424965,-16.3079168],[-48.9427021,-16.3081501],[-48.9430376,-16.308529],[-48.943151,-16.3086571],[-48.9432269,-16.3087197],[-48.9433292,-16.3090873],[-48.9434001,-16.3090668],[-48.9438528,-16.3089642]]]}},{"type":"Feature","properties":{"id":"bairro-bom-sucesso","nome":"Bairro Bom Sucesso","lat":-16.310168,"lon":-48.965186},"geometry":{"type":"Polygon","coordinates":[[[-48.9645802,-16.3119428],[-48.9643093,-16.3118487],[-48.9643876,-16.3116576],[-48.9647148,-16.310978],[-48.9647094,-16.3108854],[-48.9646397,-16.3107772],[-48.964409,-16.310646],[-48.9642669,-16.3106228],[-48.96343,-16.3106083],[-48.9629955,-16.3106009],[-48.9625284,-16.3105928],[-48.9627033,-16.310343],[-48.9631095,-16.3103788],[-48.9631607,-16.3103742],[-48.9634718,-16.3104219],[-48.9637156,-16.3103761],[-48.9639128,-16.3104366],[-48.9638537,-16.30981],[-48.9637988,-16.3097873],[-48.963866,-16.3095997],[-48.9638498,-16.3094728],[-48.9638376,-16.3093265],[-48.9639087,-16.3091822],[-48.9642251,-16.3092434],[-48.9643499,-16.3092675],[-48.9650206,-16.309387],[-48.9654983,-16.3094572],[-48.9655004,-16.3094397],[-48.9656731,-16.3094299],[-48.9656935,-16.3094475],[-48.965787,-16.3094494],[-48.9658906,-16.3094845],[-48.9660126,-16.3095236],[-48.9663236,-16.3095587],[-48.9665675,-16.3096153],[-48.9665757,-16.3097557],[-48.9668562,-16.309865],[-48.9669436,-16.3097694],[-48.967033,-16.3097577],[-48.9671733,-16.3096309],[-48.9672709,-16.3096016],[-48.9673806,-16.3095821],[-48.9674233,-16.3095704],[-48.9676632,-16.3095879],[-48.9677404,-16.3101986],[-48.9676947,-16.3110089],[-48.967405,-16.3117437],[-48.9668989,-16.3115603],[-48.9654231,-16.3109399],[-48.9653073,-16.3110453],[-48.9650003,-16.3109868],[-48.9645802,-16.3119428]]]}},{"type":"Feature","properties":{"id":"bairro-campos-el-seos","nome":"Bairro Campos Elíseos","lat":-16.360394,"lon":-48.914594},"geometry":{"type":"Polygon","coordinates":[[[-48.9182427,-16.3589477],[-48.917276,-16.3581818],[-48.9174817,-16.3578901],[-48.9174907,-16.3578416],[-48.9169228,-16.357913],[-48.9162314,-16.3578083],[-48.9148609,-16.3576125],[-48.9136951,-16.3574491],[-48.9136538,-16.3575038],[-48.9134538,-16.357769],[-48.9132208,-16.3580778],[-48.9130513,-16.3583025],[-48.9128105,-16.3586216],[-48.9126227,-16.3588837],[-48.9122311,-16.3593897],[-48.9118545,-16.3598889],[-48.9118159,-16.3599401],[-48.9115122,-16.3603426],[-48.9114143,-16.3604724],[-48.9111821,-16.3607801],[-48.9110262,-16.3609868],[-48.9118506,-16.3616219],[-48.9124098,-16.3620527],[-48.912704,-16.3622833],[-48.9127642,-16.3623266],[-48.9128031,-16.3623557],[-48.913178,-16.3626446],[-48.913568,-16.362945],[-48.9136177,-16.3629833],[-48.9139293,-16.3632234],[-48.9143208,-16.3635249],[-48.9147233,-16.3630252],[-48.914828,-16.3628952],[-48.9150519,-16.3626174],[-48.9151377,-16.3625107],[-48.9154967,-16.3620651],[-48.9155675,-16.3619773],[-48.9158989,-16.3615658],[-48.9159904,-16.3614522],[-48.9163478,-16.3610086],[-48.9164254,-16.3609121],[-48.916675,-16.3606023],[-48.9168384,-16.3603995],[-48.9172496,-16.359891],[-48.9176031,-16.3594839],[-48.9176959,-16.3594081],[-48.9177566,-16.3593585],[-48.9180073,-16.359189],[-48.9182427,-16.3589477]]]}},{"type":"Feature","properties":{"id":"bairro-cidade-jardim","nome":"Bairro Cidade Jardim","lat":-16.316379,"lon":-48.944369},"geometry":{"type":"Polygon","coordinates":[[[-48.950065,-16.3220548],[-48.9500759,-16.3219946],[-48.9500635,-16.3214267],[-48.9498812,-16.3210304],[-48.949635,-16.3204949],[-48.9494172,-16.3199553],[-48.949215,-16.3194834],[-48.9489646,-16.3188656],[-48.9487871,-16.3184798],[-48.9487664,-16.3184236],[-48.948281,-16.3172402],[-48.9478509,-16.3159897],[-48.9478176,-16.3158831],[-48.9474768,-16.315021],[-48.9472699,-16.3150784],[-48.9459046,-16.3115708],[-48.9458992,-16.311557],[-48.9457691,-16.3115793],[-48.945678,-16.3112231],[-48.9455438,-16.3112504],[-48.945058,-16.3107861],[-48.9451925,-16.3107519],[-48.9451876,-16.3107489],[-48.9450156,-16.3106424],[-48.9446918,-16.310442],[-48.9439504,-16.3099838],[-48.9436349,-16.3100267],[-48.9436121,-16.3099333],[-48.9435527,-16.3098783],[-48.9434545,-16.3098972],[-48.9424469,-16.3102709],[-48.9408921,-16.3109167],[-48.9407978,-16.3112295],[-48.9406719,-16.3113663],[-48.9404842,-16.3114636],[-48.940362,-16.3115128],[-48.9399195,-16.3116909],[-48.9408249,-16.311893],[-48.9414147,-16.3119887],[-48.9415876,-16.3119918],[-48.9418849,-16.3123247],[-48.9419769,-16.3129157],[-48.9419486,-16.313235],[-48.9418495,-16.3135407],[-48.9415947,-16.3139687],[-48.9415734,-16.3141317],[-48.9416725,-16.3143084],[-48.94163,-16.3145258],[-48.9414248,-16.3146888],[-48.9413611,-16.3148383],[-48.941269,-16.3152051],[-48.9412124,-16.3157622],[-48.941354,-16.3161969],[-48.9413115,-16.3166113],[-48.9414389,-16.3170393],[-48.9415168,-16.3173586],[-48.9412478,-16.3175963],[-48.9410208,-16.3177669],[-48.9415083,-16.3182411],[-48.9422509,-16.3191287],[-48.9424892,-16.3195609],[-48.9426539,-16.3202261],[-48.942865,-16.3210083],[-48.9431015,-16.3214099],[-48.9433016,-16.3217172],[-48.9435854,-16.3219337],[-48.9440221,-16.3223493],[-48.9444915,-16.3227753],[-48.944939,-16.3232712],[-48.9451247,-16.3233527],[-48.9453684,-16.3234597],[-48.9460707,-16.3237007],[-48.9463945,-16.3238508],[-48.9468311,-16.3240923],[-48.9479162,-16.3245531],[-48.9482062,-16.3247008],[-48.9475907,-16.3231536],[-48.9471963,-16.3221393],[-48.9468512,-16.3213114],[-48.950065,-16.3220548]]]}},{"type":"Feature","properties":{"id":"bairro-das-bandeiras","nome":"Bairro das Bandeiras","lat":-16.28264,"lon":-48.96489},"geometry":{"type":"Polygon","coordinates":[[[-48.9665056,-16.2866766],[-48.9661906,-16.286611],[-48.9662122,-16.2864344],[-48.9659925,-16.286401],[-48.9655433,-16.2862956],[-48.9654258,-16.2862751],[-48.9654501,-16.286073],[-48.965155,-16.2860458],[-48.9651144,-16.2861961],[-48.964842,-16.2861453],[-48.9647476,-16.2861247],[-48.9647618,-16.2860043],[-48.964409,-16.2859678],[-48.9641448,-16.2859541],[-48.9640544,-16.2859729],[-48.9633329,-16.2858233],[-48.9619335,-16.2855009],[-48.9619195,-16.2852617],[-48.962009,-16.2850978],[-48.9620577,-16.2848676],[-48.9621512,-16.284411],[-48.9620252,-16.2842159],[-48.9620049,-16.28397],[-48.9620943,-16.283732],[-48.9621553,-16.2836032],[-48.9622041,-16.2832793],[-48.9620821,-16.2830413],[-48.9618748,-16.2827369],[-48.9617,-16.282292],[-48.9616634,-16.282132],[-48.9616024,-16.2819213],[-48.9615943,-16.2814959],[-48.9614682,-16.2811525],[-48.9614357,-16.2808208],[-48.9614398,-16.2806608],[-48.9614398,-16.2804422],[-48.9614073,-16.2803525],[-48.9615577,-16.2798569],[-48.9625255,-16.2792297],[-48.9643586,-16.2780626],[-48.9658714,-16.2771171],[-48.9690528,-16.2751459],[-48.9691059,-16.2751629],[-48.9684152,-16.2759922],[-48.9683653,-16.2760594],[-48.9682761,-16.2764004],[-48.9681078,-16.2776016],[-48.9679485,-16.2786455],[-48.9678717,-16.279149],[-48.9678448,-16.2793591],[-48.967806,-16.2796629],[-48.9677432,-16.2801225],[-48.9676631,-16.2807087],[-48.9675369,-16.2816323],[-48.9674533,-16.2822438],[-48.9673007,-16.2822232],[-48.9672175,-16.2826372],[-48.9669711,-16.282513],[-48.9669526,-16.2826639],[-48.9668988,-16.2831094],[-48.9668205,-16.2839687],[-48.9665296,-16.2838399],[-48.966425,-16.2846953],[-48.9666432,-16.2848162],[-48.9667154,-16.2849533],[-48.9666111,-16.28669],[-48.9665056,-16.2866766]]]}},{"type":"Feature","properties":{"id":"bairro-eldorado","nome":"Bairro Eldorado","lat":-16.347411,"lon":-48.946038},"geometry":{"type":"Polygon","coordinates":[[[-48.9462602,-16.350445],[-48.9468403,-16.3493202],[-48.947525,-16.3478812],[-48.9475777,-16.347816],[-48.9479947,-16.3466252],[-48.947554,-16.346245],[-48.9471754,-16.3458891],[-48.9470261,-16.3457632],[-48.9469201,-16.3456721],[-48.9463445,-16.345188],[-48.9457819,-16.3447057],[-48.9451101,-16.3462769],[-48.9449775,-16.3466192],[-48.9447798,-16.3470495],[-48.9444789,-16.3477534],[-48.9442538,-16.3482798],[-48.943797,-16.3493481],[-48.9444967,-16.3496648],[-48.9458277,-16.350266],[-48.9462602,-16.350445]]]}},{"type":"Feature","properties":{"id":"bairro-industrial-da-esta-o","nome":"Bairro Industrial da Estação","lat":-16.322534,"lon":-48.957813},"geometry":{"type":"Polygon","coordinates":[[[-48.9603024,-16.3183522],[-48.9596195,-16.3185801],[-48.9587057,-16.3188649],[-48.9577357,-16.3191763],[-48.9577141,-16.3192162],[-48.9576803,-16.3192783],[-48.9573148,-16.3199512],[-48.9571938,-16.3201741],[-48.9569027,-16.3207309],[-48.9564961,-16.32148],[-48.9564136,-16.3216519],[-48.9562068,-16.322027],[-48.9560819,-16.3222632],[-48.9560633,-16.3222983],[-48.9558186,-16.322761],[-48.9557758,-16.3228419],[-48.9557028,-16.32298],[-48.9560391,-16.3231903],[-48.9560126,-16.3233409],[-48.9559826,-16.3234253],[-48.9561128,-16.3235077],[-48.9566912,-16.3238736],[-48.9568666,-16.3239846],[-48.9567967,-16.3240652],[-48.9565251,-16.3244016],[-48.9565351,-16.325612],[-48.9574378,-16.3255375],[-48.9576205,-16.327156],[-48.9584545,-16.3270991],[-48.9594309,-16.3270395],[-48.9593323,-16.3260302],[-48.959276,-16.3253467],[-48.9592122,-16.3246105],[-48.9591426,-16.3239166],[-48.9600613,-16.32384],[-48.9599618,-16.3227512],[-48.9598783,-16.3217463],[-48.9597966,-16.3207715],[-48.960559,-16.3207705],[-48.9604794,-16.3200457],[-48.9603908,-16.3192066],[-48.9603024,-16.3183522]]]}},{"type":"Feature","properties":{"id":"bairro-itamaraty-1-etapa","nome":"Bairro Itamaraty 1 Etapa","lat":-16.300415,"lon":-48.967544},"geometry":{"type":"Polygon","coordinates":[[[-48.9654598,-16.3024472],[-48.9657308,-16.3025679],[-48.9660586,-16.3027138],[-48.9661218,-16.3027419],[-48.966374,-16.3028346],[-48.9665617,-16.3028758],[-48.9668755,-16.3028745],[-48.967361,-16.3028243],[-48.9682407,-16.3027651],[-48.9684151,-16.302711],[-48.968517,-16.3026312],[-48.968871,-16.30233],[-48.9689594,-16.3021427],[-48.968963,-16.3018981],[-48.9689842,-16.3016841],[-48.968981,-16.3009193],[-48.9691038,-16.2991652],[-48.9695125,-16.2989374],[-48.969293,-16.2985765],[-48.9692083,-16.2984372],[-48.9689918,-16.2982516],[-48.9686112,-16.2980342],[-48.9683777,-16.2978751],[-48.9681599,-16.297342],[-48.9681504,-16.2973189],[-48.967858,-16.2974219],[-48.9677311,-16.2974284],[-48.9674066,-16.2973949],[-48.9666817,-16.2973817],[-48.9666602,-16.2977078],[-48.9665831,-16.2988803],[-48.9665027,-16.3000749],[-48.9664812,-16.3003941],[-48.9664222,-16.3007442],[-48.9663578,-16.3009193],[-48.9662559,-16.3011304],[-48.9660896,-16.3014135],[-48.9657473,-16.3019753],[-48.9654598,-16.3024472]]]}},{"type":"Feature","properties":{"id":"bairro-itamaraty-2-etapa","nome":"Bairro Itamaraty 2 Etapa","lat":-16.303055,"lon":-48.973816},"geometry":{"type":"Polygon","coordinates":[[[-48.9683131,-16.30285],[-48.9682407,-16.3027651],[-48.9684151,-16.302711],[-48.968517,-16.3026312],[-48.968871,-16.30233],[-48.9689594,-16.3021427],[-48.968963,-16.3018981],[-48.9689842,-16.3016841],[-48.9691541,-16.3017351],[-48.9693741,-16.3017706],[-48.9695151,-16.3018709],[-48.9696637,-16.3019219],[-48.9697664,-16.3019185],[-48.9700778,-16.3018981],[-48.9702831,-16.3017011],[-48.9706016,-16.3015346],[-48.9708281,-16.3014395],[-48.9710299,-16.3013478],[-48.9711714,-16.3012833],[-48.9714935,-16.3011168],[-48.9716882,-16.3010183],[-48.9718687,-16.300913],[-48.9721164,-16.300879],[-48.9722367,-16.3008043],[-48.9724314,-16.3007499],[-48.9726084,-16.3006684],[-48.9728313,-16.3006277],[-48.9731676,-16.3005359],[-48.973302,-16.3004782],[-48.9733551,-16.3003423],[-48.9735109,-16.3002846],[-48.9738117,-16.3002268],[-48.9739603,-16.3001861],[-48.9743673,-16.3001827],[-48.9746823,-16.3002744],[-48.9747531,-16.300451],[-48.9748345,-16.3005971],[-48.9749301,-16.3007228],[-48.9751849,-16.3008892],[-48.9752911,-16.3009062],[-48.9754822,-16.301093],[-48.9756733,-16.3012629],[-48.9756981,-16.3013614],[-48.9760272,-16.3013716],[-48.976144,-16.3014157],[-48.9764413,-16.3016739],[-48.9765652,-16.3018709],[-48.9767386,-16.3020136],[-48.9768412,-16.3021665],[-48.9769474,-16.3022548],[-48.9770784,-16.3024416],[-48.9772907,-16.3026318],[-48.9774004,-16.3028051],[-48.9774535,-16.3029851],[-48.9775774,-16.3030191],[-48.9777508,-16.3030123],[-48.9778464,-16.3031685],[-48.978041,-16.3033656],[-48.9783454,-16.3035422],[-48.978717,-16.303763],[-48.9789187,-16.304028],[-48.9792125,-16.3045069],[-48.9792833,-16.3046937],[-48.9794496,-16.3049451],[-48.9795523,-16.3052372],[-48.9795806,-16.3054546],[-48.9796054,-16.3055837],[-48.9795983,-16.3056211],[-48.9791842,-16.3055905],[-48.9789011,-16.3058487],[-48.9783312,-16.3060898],[-48.977089,-16.3064159],[-48.9762969,-16.3069025],[-48.9754106,-16.3081121],[-48.9749878,-16.3085492],[-48.9748455,-16.3083892],[-48.9742875,-16.3077039],[-48.9741479,-16.3075114],[-48.9738471,-16.3071734],[-48.9737852,-16.3070596],[-48.9735693,-16.3066741],[-48.9736065,-16.3066588],[-48.9732365,-16.3061312],[-48.9729427,-16.3057338],[-48.9723909,-16.3052215],[-48.9722491,-16.304837],[-48.9720009,-16.3042741],[-48.9720425,-16.304238],[-48.9719717,-16.3041361],[-48.9717947,-16.3038371],[-48.9716319,-16.303545],[-48.9714196,-16.3033684],[-48.9711697,-16.3032877],[-48.9707513,-16.3031332],[-48.9703275,-16.3029994],[-48.9697137,-16.3028453],[-48.969391,-16.3028258],[-48.969335,-16.3028703],[-48.9686741,-16.3028947],[-48.9683131,-16.30285]]]}},{"type":"Feature","properties":{"id":"bairro-itamaraty-3-etapa","nome":"Bairro Itamaraty 3 Etapa","lat":-16.303473,"lon":-48.966749},"geometry":{"type":"Polygon","coordinates":[[[-48.9682407,-16.3027651],[-48.9683131,-16.30285],[-48.9684178,-16.3031435],[-48.9687337,-16.3037888],[-48.9681293,-16.303973],[-48.9679452,-16.3036344],[-48.9675589,-16.3037837],[-48.9666416,-16.3038197],[-48.9661266,-16.3037734],[-48.9657108,-16.303829],[-48.9650591,-16.3049009],[-48.96464,-16.3049586],[-48.9643758,-16.3048018],[-48.9657308,-16.3025679],[-48.9660586,-16.3027138],[-48.9661218,-16.3027419],[-48.966374,-16.3028346],[-48.9665617,-16.3028758],[-48.9668755,-16.3028745],[-48.967361,-16.3028243],[-48.9682407,-16.3027651]]]}},{"type":"Feature","properties":{"id":"bairro-itamaraty-4-etapa","nome":"Bairro Itamaraty 4 Etapa","lat":-16.30578,"lon":-48.97155},"geometry":{"type":"Polygon","coordinates":[[[-48.9683131,-16.30285],[-48.9686741,-16.3028947],[-48.969335,-16.3028703],[-48.969391,-16.3028258],[-48.9697137,-16.3028453],[-48.9703275,-16.3029994],[-48.9707513,-16.3031332],[-48.9711697,-16.3032877],[-48.9714196,-16.3033684],[-48.9716319,-16.303545],[-48.9717947,-16.3038371],[-48.9719717,-16.3041361],[-48.9720425,-16.304238],[-48.9720009,-16.3042741],[-48.9722491,-16.304837],[-48.9723909,-16.3052215],[-48.9729427,-16.3057338],[-48.9732365,-16.3061312],[-48.9736065,-16.3066588],[-48.9735693,-16.3066741],[-48.9737852,-16.3070596],[-48.9738471,-16.3071734],[-48.9741479,-16.3075114],[-48.9742875,-16.3077039],[-48.9740397,-16.3078822],[-48.9740799,-16.308036],[-48.9739592,-16.3080502],[-48.9739184,-16.3088026],[-48.9729144,-16.3082215],[-48.9724596,-16.3090939],[-48.9722208,-16.3090019],[-48.9723635,-16.3087374],[-48.9721864,-16.3086659],[-48.9723277,-16.308403],[-48.9721923,-16.3083462],[-48.9722243,-16.3082426],[-48.9723777,-16.308298],[-48.9725699,-16.3079893],[-48.9704601,-16.3066962],[-48.9698478,-16.3066248],[-48.9690409,-16.3045528],[-48.9687967,-16.3045528],[-48.968644,-16.3042965],[-48.9683325,-16.3044388],[-48.9681293,-16.303973],[-48.9687337,-16.3037888],[-48.9684178,-16.3031435],[-48.9683131,-16.30285]]]}},{"type":"Feature","properties":{"id":"bairro-jundia","nome":"Bairro Jundiaí","lat":-16.332241,"lon":-48.939017},"geometry":{"type":"Polygon","coordinates":[[[-48.9345028,-16.3351898],[-48.9344337,-16.3351855],[-48.931551,-16.3348097],[-48.9313417,-16.3351089],[-48.9309501,-16.3356262],[-48.9302876,-16.3365348],[-48.9298772,-16.3370599],[-48.9296894,-16.3372632],[-48.9296037,-16.3373652],[-48.9296782,-16.3373888],[-48.9298728,-16.3374595],[-48.9299658,-16.3374933],[-48.9304659,-16.3377197],[-48.9309532,-16.3379403],[-48.9319553,-16.338412],[-48.9326258,-16.3387132],[-48.9337927,-16.3392409],[-48.9344819,-16.3395348],[-48.9351507,-16.33982],[-48.9358103,-16.3401054],[-48.9363496,-16.3403387],[-48.9375039,-16.3408569],[-48.9376539,-16.340846],[-48.9379724,-16.3409886],[-48.9382414,-16.341138],[-48.9387758,-16.3414912],[-48.9390802,-16.341678],[-48.9392218,-16.3418173],[-48.9397385,-16.3422282],[-48.9398234,-16.3423131],[-48.94005,-16.3425509],[-48.9402198,-16.3426867],[-48.9403472,-16.342758],[-48.940549,-16.3428327],[-48.9412639,-16.3431927],[-48.9420611,-16.3422853],[-48.9424979,-16.3426061],[-48.9428014,-16.3422655],[-48.9428054,-16.3421322],[-48.9442231,-16.3405508],[-48.9475151,-16.3369714],[-48.949458,-16.3348589],[-48.9494171,-16.3343638],[-48.9493435,-16.3342658],[-48.949967,-16.3339832],[-48.9498433,-16.3337002],[-48.9497633,-16.3334857],[-48.9496974,-16.3332796],[-48.9495717,-16.3329372],[-48.9487229,-16.3317729],[-48.9485338,-16.3313181],[-48.9485081,-16.3311993],[-48.9484007,-16.3302604],[-48.9483423,-16.3299781],[-48.9482816,-16.3297607],[-48.9481461,-16.3295232],[-48.9479407,-16.3292901],[-48.947793,-16.3291607],[-48.9468271,-16.3282161],[-48.9465014,-16.3279513],[-48.9463648,-16.3277924],[-48.9462145,-16.3277812],[-48.9456198,-16.3277302],[-48.9452454,-16.3276865],[-48.944468,-16.327569],[-48.9438828,-16.3274806],[-48.943674,-16.3274409],[-48.9435038,-16.3274086],[-48.9436561,-16.3268861],[-48.9436782,-16.3268109],[-48.9431787,-16.3266256],[-48.943146,-16.3265875],[-48.9431016,-16.3265629],[-48.9426977,-16.3265023],[-48.9424618,-16.326471],[-48.9424338,-16.326518],[-48.9421606,-16.326462],[-48.9421723,-16.3264172],[-48.9418944,-16.3263634],[-48.9419201,-16.3263007],[-48.941292,-16.3261752],[-48.9411309,-16.3261438],[-48.9411122,-16.3261954],[-48.9377545,-16.325373],[-48.9373799,-16.3251944],[-48.9375065,-16.3249895],[-48.936936,-16.3248579],[-48.9368321,-16.3248038],[-48.9367528,-16.3248284],[-48.9363838,-16.3245573],[-48.9361457,-16.3244027],[-48.9357254,-16.3241382],[-48.9355689,-16.3240643],[-48.9352123,-16.3240325],[-48.9351976,-16.3242246],[-48.9351708,-16.3248372],[-48.935152,-16.3251924],[-48.9350968,-16.3255079],[-48.9350304,-16.3259111],[-48.9350002,-16.3260947],[-48.9348902,-16.3265658],[-48.9347481,-16.3270085],[-48.9346864,-16.327181],[-48.9345577,-16.3273792],[-48.9343538,-16.3277473],[-48.9339568,-16.328486],[-48.9337557,-16.3288232],[-48.9336082,-16.3291656],[-48.9333802,-16.3294513],[-48.9331978,-16.3298503],[-48.9330744,-16.3300768],[-48.9329859,-16.3304577],[-48.9328223,-16.3308953],[-48.9328338,-16.3314102],[-48.9328163,-16.3315067],[-48.9345018,-16.3320088],[-48.9344397,-16.3322502],[-48.9344208,-16.3323444],[-48.9342528,-16.333032],[-48.9342248,-16.3334756],[-48.9342342,-16.3340672],[-48.9343182,-16.3346408],[-48.9344853,-16.3351374],[-48.9345028,-16.3351898]]]}},{"type":"Feature","properties":{"id":"bairro-maracananzinho","nome":"Bairro Maracananzinho","lat":-16.316471,"lon":-48.949496},"geometry":{"type":"Polygon","coordinates":[[[-48.95098,-16.3152535],[-48.9501873,-16.3151984],[-48.949978,-16.3151749],[-48.94979,-16.3150657],[-48.9491652,-16.315031],[-48.9490056,-16.3151173],[-48.9488193,-16.314938],[-48.9486262,-16.3150657],[-48.9480956,-16.3150306],[-48.9478781,-16.315015],[-48.9475831,-16.3149884],[-48.947645,-16.3150665],[-48.9476857,-16.3151956],[-48.9476663,-16.3152176],[-48.9477105,-16.3152992],[-48.9477538,-16.3152699],[-48.9477707,-16.315289],[-48.9478141,-16.3154529],[-48.9477494,-16.3154673],[-48.9479595,-16.31595],[-48.9481834,-16.3162597],[-48.9480847,-16.3163009],[-48.9484313,-16.3171326],[-48.9484977,-16.3171813],[-48.9486775,-16.3173924],[-48.9486077,-16.3174567],[-48.9487177,-16.317588],[-48.9487928,-16.3175468],[-48.948884,-16.3176627],[-48.9489805,-16.3178995],[-48.9492085,-16.3178634],[-48.9495234,-16.3178585],[-48.949686,-16.3177366],[-48.9498415,-16.3179252],[-48.9502045,-16.3176621],[-48.9504941,-16.3180132],[-48.9510341,-16.3176212],[-48.9511422,-16.3177524],[-48.9514106,-16.3175571],[-48.9515286,-16.3176935],[-48.9518935,-16.3176157],[-48.9519792,-16.3175519],[-48.9522233,-16.3175545],[-48.9521992,-16.3176858],[-48.9523762,-16.3177888],[-48.9525006,-16.3168878],[-48.9518034,-16.3160997],[-48.9510378,-16.315222],[-48.95098,-16.3152535]]]}},{"type":"Feature","properties":{"id":"bairro-paraiso","nome":"Bairro Paraiso","lat":-16.358183,"lon":-48.983987},"geometry":{"type":"Polygon","coordinates":[[[-48.9814148,-16.3609925],[-48.9852774,-16.3652084],[-48.9853953,-16.3649235],[-48.9855873,-16.3645318],[-48.9859069,-16.3638797],[-48.9863738,-16.3631206],[-48.986702,-16.3628765],[-48.9863935,-16.3622614],[-48.9859188,-16.3617261],[-48.9855709,-16.3611924],[-48.9851076,-16.360664],[-48.9846842,-16.3600246],[-48.9847598,-16.3601],[-48.9852796,-16.359415],[-48.9856564,-16.3588972],[-48.986001,-16.3584236],[-48.9863695,-16.3579172],[-48.9867754,-16.3573593],[-48.9869595,-16.3571065],[-48.9871137,-16.356718],[-48.9870737,-16.3564514],[-48.9868634,-16.356114],[-48.9865345,-16.3559138],[-48.9862387,-16.355831],[-48.9857879,-16.355973],[-48.9852527,-16.3550712],[-48.984406,-16.3548442],[-48.9831528,-16.3548253],[-48.9823038,-16.3547827],[-48.9815338,-16.354744],[-48.9812765,-16.3546486],[-48.9807416,-16.354464],[-48.9809483,-16.3546963],[-48.9812351,-16.3551501],[-48.980982,-16.3554942],[-48.9803884,-16.3557331],[-48.9798953,-16.3559315],[-48.9793485,-16.3561516],[-48.9788549,-16.3563502],[-48.9782169,-16.3566118],[-48.9791788,-16.3584019],[-48.9814148,-16.3609925]]]}},{"type":"Feature","properties":{"id":"bairro-santos-dumont","nome":"Bairro Santos Dumont","lat":-16.25206,"lon":-48.938668},"geometry":{"type":"Polygon","coordinates":[[[-48.936867,-16.2561612],[-48.9374867,-16.2558548],[-48.9381263,-16.2555535],[-48.9387862,-16.25524],[-48.9394403,-16.2549289],[-48.9400328,-16.2546329],[-48.9406491,-16.2543416],[-48.9412607,-16.2540413],[-48.9416262,-16.2538804],[-48.9418694,-16.2531421],[-48.9408845,-16.2525835],[-48.9410153,-16.2522889],[-48.9407211,-16.2520535],[-48.940511,-16.251919],[-48.93938,-16.2511959],[-48.9396286,-16.2508305],[-48.9398291,-16.2508833],[-48.9399736,-16.2506771],[-48.9364149,-16.248437],[-48.9361475,-16.248486],[-48.9354977,-16.2486214],[-48.9351345,-16.2483318],[-48.9350632,-16.2482987],[-48.9348629,-16.2482956],[-48.9355001,-16.2508093],[-48.936867,-16.2561612]]]}},{"type":"Feature","properties":{"id":"bairro-s-o-carlos-2-etapa","nome":"Bairro São Carlos 2 Etapa","lat":-16.314776,"lon":-48.937661},"geometry":{"type":"Polygon","coordinates":[[[-48.9412478,-16.3175963],[-48.9415168,-16.3173586],[-48.9414389,-16.3170393],[-48.9413115,-16.3166113],[-48.941354,-16.3161969],[-48.9412124,-16.3157622],[-48.941269,-16.3152051],[-48.9413611,-16.3148383],[-48.9414248,-16.3146888],[-48.94163,-16.3145258],[-48.9416725,-16.3143084],[-48.9415734,-16.3141317],[-48.9415947,-16.3139687],[-48.9418495,-16.3135407],[-48.9419486,-16.313235],[-48.9419769,-16.3129157],[-48.9418849,-16.3123247],[-48.9415876,-16.3119918],[-48.9414147,-16.3119887],[-48.9408249,-16.311893],[-48.9399195,-16.3116909],[-48.9397497,-16.3117593],[-48.9393043,-16.3119386],[-48.9390962,-16.3120224],[-48.9388472,-16.3121226],[-48.9387091,-16.3121782],[-48.9385305,-16.3122501],[-48.9377552,-16.3125622],[-48.9374248,-16.3126952],[-48.9368544,-16.3129463],[-48.9360359,-16.3132543],[-48.9358728,-16.3139865],[-48.93467,-16.3137571],[-48.9343415,-16.3136937],[-48.9339823,-16.3136244],[-48.9331142,-16.3123775],[-48.9312774,-16.3143509],[-48.9314659,-16.3145164],[-48.931277,-16.3147361],[-48.9316395,-16.3148634],[-48.9318948,-16.3151719],[-48.932027,-16.3154121],[-48.9322185,-16.3157213],[-48.9325051,-16.3158681],[-48.9327308,-16.3158953],[-48.9334314,-16.3158847],[-48.9337004,-16.3159552],[-48.9339759,-16.3160999],[-48.9342445,-16.316422],[-48.9347803,-16.3171973],[-48.9352987,-16.3174357],[-48.9358026,-16.3175691],[-48.9360688,-16.3175713],[-48.9367505,-16.3173335],[-48.9370575,-16.3171582],[-48.9373718,-16.3169772],[-48.9377141,-16.3169144],[-48.9386054,-16.3169125],[-48.9397881,-16.3172083],[-48.9403571,-16.3173914],[-48.9410208,-16.3177669],[-48.9412478,-16.3175963]]]}},{"type":"Feature","properties":{"id":"bairro-s-o-louren-o","nome":"Bairro São Lourenço","lat":-16.314804,"lon":-48.964216},"geometry":{"type":"Polygon","coordinates":[[[-48.9631252,-16.3171726],[-48.9630228,-16.3159797],[-48.9611925,-16.3161359],[-48.9610981,-16.3161441],[-48.9610724,-16.3158613],[-48.9611406,-16.3157404],[-48.9613203,-16.3155138],[-48.9614115,-16.3152847],[-48.9614283,-16.3150316],[-48.9619337,-16.3149963],[-48.9619158,-16.3148062],[-48.9623703,-16.3147722],[-48.9622362,-16.313292],[-48.9622259,-16.3132206],[-48.9621939,-16.3127478],[-48.9625629,-16.3127164],[-48.9628851,-16.3127433],[-48.9630812,-16.3127433],[-48.9640339,-16.3128016],[-48.9645009,-16.3128598],[-48.9647391,-16.3128822],[-48.9649166,-16.3129674],[-48.9650847,-16.3130436],[-48.9653275,-16.3131691],[-48.9654863,-16.3130884],[-48.9656638,-16.3129405],[-48.965958,-16.3128598],[-48.9661448,-16.3128822],[-48.9669235,-16.3139268],[-48.9667413,-16.3141895],[-48.9672889,-16.314563],[-48.9671648,-16.3148935],[-48.9674201,-16.3155551],[-48.9671006,-16.3156889],[-48.966886,-16.3157146],[-48.9668891,-16.3157384],[-48.9661903,-16.315802],[-48.9662039,-16.3159472],[-48.9655084,-16.3162001],[-48.9653664,-16.3162142],[-48.96537,-16.3162601],[-48.9649064,-16.3164571],[-48.9648245,-16.316494],[-48.964163,-16.3167768],[-48.9641752,-16.3169171],[-48.9634777,-16.316989],[-48.9634836,-16.3170553],[-48.9631252,-16.3171726]]]}},{"type":"Feature","properties":{"id":"bairro-s-o-sebasti-o","nome":"Bairro São Sebastião","lat":-16.359861,"lon":-48.936015},"geometry":{"type":"Polygon","coordinates":[[[-48.93333,-16.3615237],[-48.9326893,-16.3601414],[-48.9322478,-16.3592262],[-48.9335364,-16.3587669],[-48.9338054,-16.3586439],[-48.9344315,-16.3583577],[-48.9343021,-16.3581061],[-48.9352164,-16.3576683],[-48.935478,-16.3578944],[-48.935639,-16.3579563],[-48.9354213,-16.3582065],[-48.9365452,-16.3591039],[-48.937411,-16.3587196],[-48.9396502,-16.3603655],[-48.9395928,-16.3604221],[-48.9393835,-16.360556],[-48.9385065,-16.3612225],[-48.9378639,-16.3607358],[-48.937488,-16.3609959],[-48.9371953,-16.3610639],[-48.9371122,-16.3612147],[-48.9370875,-16.361466],[-48.9364343,-16.3615074],[-48.9361574,-16.3605384],[-48.9349715,-16.3610722],[-48.9348978,-16.3609187],[-48.93333,-16.3615237]]]}},{"type":"Feature","properties":{"id":"calixtol-ndia","nome":"Calixtolândia","lat":-16.366906,"lon":-48.964939},"geometry":{"type":"Polygon","coordinates":[[[-48.9679999,-16.3719274],[-48.9673286,-16.3715792],[-48.9665563,-16.3712512],[-48.9664693,-16.3711984],[-48.9657297,-16.3707498],[-48.9650213,-16.3703823],[-48.9644746,-16.3700988],[-48.9641138,-16.3699116],[-48.9640385,-16.3697961],[-48.9640235,-16.3696806],[-48.9640014,-16.3695324],[-48.9639168,-16.368964],[-48.963838,-16.3684346],[-48.9636333,-16.3684779],[-48.9636985,-16.3677987],[-48.9636978,-16.3676803],[-48.9636998,-16.367491],[-48.9636985,-16.3672707],[-48.9636915,-16.3670275],[-48.9636844,-16.3668135],[-48.9636767,-16.3666662],[-48.9636223,-16.3661911],[-48.9635958,-16.3659898],[-48.9635046,-16.3655206],[-48.963096,-16.3638654],[-48.9629441,-16.363293],[-48.9627279,-16.3624783],[-48.9625605,-16.3618474],[-48.9633192,-16.3616752],[-48.9639658,-16.3615296],[-48.9646478,-16.361376],[-48.964903,-16.3613185],[-48.9651367,-16.3612659],[-48.9655064,-16.3626383],[-48.9659444,-16.3642642],[-48.9660839,-16.3647819],[-48.9662287,-16.3653197],[-48.9663864,-16.3659049],[-48.9665356,-16.3664586],[-48.9666802,-16.3669953],[-48.9668384,-16.36761],[-48.9668553,-16.367676],[-48.9669353,-16.3679448],[-48.9672384,-16.3690788],[-48.9673152,-16.3693661],[-48.9676283,-16.3705371],[-48.9679999,-16.3719274]]]}},{"type":"Feature","properties":{"id":"calixtol-ndia-2-etapa","nome":"Calixtolândia 2 Etapa","lat":-16.37022,"lon":-48.968457},"geometry":{"type":"Polygon","coordinates":[[[-48.9668553,-16.367676],[-48.9692374,-16.3676513],[-48.9693729,-16.3679632],[-48.9693608,-16.3696563],[-48.9693247,-16.3698971],[-48.9696803,-16.3699843],[-48.969315,-16.3725422],[-48.9692996,-16.3726144],[-48.9688452,-16.3723604],[-48.9687273,-16.3723066],[-48.9681727,-16.3720195],[-48.9679999,-16.3719274],[-48.9676283,-16.3705371],[-48.9673152,-16.3693661],[-48.9672384,-16.3690788],[-48.9669353,-16.3679448],[-48.9668553,-16.367676]]]}},{"type":"Feature","properties":{"id":"campos-sales","nome":"Campos Sales","lat":-16.330742,"lon":-48.954773},"geometry":{"type":"Polygon","coordinates":[[[-48.955501,-16.3318227],[-48.9554591,-16.3314787],[-48.955349,-16.3305756],[-48.9553349,-16.3304596],[-48.9552186,-16.3295063],[-48.9540504,-16.3298924],[-48.9538717,-16.3299326],[-48.9541873,-16.3308801],[-48.9543132,-16.3312526],[-48.9544468,-16.3316153],[-48.955501,-16.3318227]]]}},{"type":"Feature","properties":{"id":"ch-caras-americanas","nome":"Chácaras Americanas","lat":-16.340458,"lon":-48.912392},"geometry":{"type":"Polygon","coordinates":[[[-48.9137853,-16.3316645],[-48.9126002,-16.3317888],[-48.9122676,-16.3318237],[-48.9113336,-16.3319285],[-48.9107624,-16.3319888],[-48.9107337,-16.3319479],[-48.9078605,-16.3322743],[-48.9079305,-16.3323908],[-48.9079865,-16.3325611],[-48.9078698,-16.3327404],[-48.9076701,-16.3327847],[-48.907874,-16.3332584],[-48.9079437,-16.333593],[-48.9077399,-16.3339842],[-48.9077613,-16.334135],[-48.9083836,-16.3345247],[-48.9087323,-16.3347255],[-48.9088522,-16.3348112],[-48.909258,-16.3350447],[-48.909376,-16.3351322],[-48.9095048,-16.3352866],[-48.9096442,-16.3353484],[-48.909773,-16.3355595],[-48.9100841,-16.3357705],[-48.9102933,-16.335961],[-48.9107278,-16.3361257],[-48.910878,-16.3363574],[-48.9109424,-16.3365787],[-48.9113394,-16.3366971],[-48.9114735,-16.3368207],[-48.9114842,-16.3369339],[-48.9115754,-16.3370163],[-48.9115486,-16.3372325],[-48.9115647,-16.3375568],[-48.9115432,-16.3378091],[-48.9116237,-16.3381025],[-48.9116344,-16.3383547],[-48.9116827,-16.3386482],[-48.9118034,-16.3389725],[-48.911841,-16.3391681],[-48.911798,-16.3394177],[-48.9117149,-16.3396391],[-48.9117229,-16.3397755],[-48.9118356,-16.339966],[-48.9118115,-16.3400715],[-48.9117632,-16.3404164],[-48.9117846,-16.3406558],[-48.9118571,-16.3407845],[-48.9119107,-16.3409543],[-48.9117203,-16.3413404],[-48.9116612,-16.3415643],[-48.9116827,-16.3417419],[-48.9117739,-16.3419839],[-48.9117766,-16.3422799],[-48.9117605,-16.3425373],[-48.911731,-16.3428127],[-48.9116612,-16.3430366],[-48.9116371,-16.3441845],[-48.9116908,-16.3444548],[-48.9116559,-16.3449618],[-48.9117283,-16.3452629],[-48.9117176,-16.3455898],[-48.9117417,-16.3462101],[-48.9118168,-16.3466759],[-48.911849,-16.3470517],[-48.9117954,-16.3473297],[-48.9126025,-16.3474325],[-48.9127043,-16.3474972],[-48.9128892,-16.3476568],[-48.9130062,-16.347716],[-48.9131418,-16.3477337],[-48.9132527,-16.3477692],[-48.9135442,-16.3478161],[-48.9137963,-16.3478316],[-48.9139089,-16.3479036],[-48.9138553,-16.3480735],[-48.9139197,-16.3483309],[-48.9145956,-16.3486758],[-48.914778,-16.3490258],[-48.9151213,-16.3490412],[-48.9155505,-16.3492368],[-48.9157382,-16.3494067],[-48.9159152,-16.3493913],[-48.9159581,-16.34952],[-48.915985,-16.3496744],[-48.9160869,-16.3498751],[-48.916375,-16.3498771],[-48.9164207,-16.3488372],[-48.9165106,-16.3467942],[-48.9165131,-16.3467366],[-48.9165997,-16.3447654],[-48.9166033,-16.3446836],[-48.91663,-16.3440758],[-48.916686,-16.3428043],[-48.9167733,-16.3408174],[-48.9168602,-16.3388405],[-48.9169344,-16.337152],[-48.9163232,-16.3360832],[-48.9156306,-16.3348722],[-48.9155635,-16.3347547],[-48.9151243,-16.3339869],[-48.9150491,-16.3338554],[-48.9142887,-16.3325258],[-48.9142495,-16.3324572],[-48.9137853,-16.3316645]]]}},{"type":"Feature","properties":{"id":"ch-caras-atibaia","nome":"Chácaras Atibaia","lat":-16.33167,"lon":-48.875928},"geometry":{"type":"Polygon","coordinates":[[[-48.8797794,-16.3313148],[-48.8787295,-16.3358725],[-48.8675962,-16.3365357],[-48.8676336,-16.3312296],[-48.8777208,-16.3287737],[-48.8782438,-16.3295804],[-48.8786361,-16.3299389],[-48.8790844,-16.3301182],[-48.8797794,-16.3313148]]]}},{"type":"Feature","properties":{"id":"ch-caras-boa-vista","nome":"Chácaras Boa Vista","lat":-16.305862,"lon":-48.810786},"geometry":{"type":"Polygon","coordinates":[[[-48.8244383,-16.3086966],[-48.8218448,-16.3103472],[-48.8187133,-16.3125612],[-48.8166597,-16.3139473],[-48.8165568,-16.3140168],[-48.8164105,-16.3132474],[-48.816153,-16.312712],[-48.8157024,-16.3123001],[-48.8148441,-16.312053],[-48.8139429,-16.312053],[-48.8127198,-16.312053],[-48.8122048,-16.3120735],[-48.8105311,-16.3118058],[-48.8110246,-16.3107555],[-48.8102307,-16.3102201],[-48.8094368,-16.3100759],[-48.8085999,-16.309664],[-48.8082137,-16.3089432],[-48.8072695,-16.3088403],[-48.807012,-16.3086549],[-48.8069906,-16.3082019],[-48.8068618,-16.3077488],[-48.8071193,-16.3072133],[-48.8072481,-16.3061012],[-48.806776,-16.3056275],[-48.8058748,-16.3051951],[-48.8050379,-16.3048861],[-48.8042869,-16.3043713],[-48.8045015,-16.3028061],[-48.8050165,-16.3021264],[-48.8053813,-16.3015498],[-48.8054242,-16.3010555],[-48.805274,-16.3005818],[-48.8051667,-16.3003964],[-48.8056327,-16.3002332],[-48.805789,-16.2997992],[-48.8063039,-16.2993049],[-48.806776,-16.2987694],[-48.8074481,-16.2984491],[-48.8088755,-16.2991567],[-48.8101129,-16.2998673],[-48.8105658,-16.3000591],[-48.8112072,-16.3002857],[-48.8122421,-16.3005245],[-48.8145006,-16.3013428],[-48.8160044,-16.3018862],[-48.8166589,-16.3021422],[-48.8172891,-16.3024143],[-48.8178908,-16.3027655],[-48.8185124,-16.3032246],[-48.8244383,-16.3086966]]]}},{"type":"Feature","properties":{"id":"ch-caras-colorado","nome":"Chácaras Colorado","lat":-16.274913,"lon":-48.946657},"geometry":{"type":"Polygon","coordinates":[[[-48.9480899,-16.2850005],[-48.9480079,-16.2845205],[-48.9479598,-16.283916],[-48.9479236,-16.2833178],[-48.9478187,-16.2816714],[-48.9478186,-16.2814043],[-48.9469692,-16.2806569],[-48.9467611,-16.280334],[-48.9467331,-16.2800561],[-48.9461727,-16.278254],[-48.9453601,-16.2774113],[-48.9451359,-16.2767837],[-48.9448184,-16.2757885],[-48.9446502,-16.2752954],[-48.9445662,-16.2747485],[-48.9445288,-16.2740043],[-48.9442393,-16.273305],[-48.9434641,-16.2728836],[-48.9429317,-16.272498],[-48.942474,-16.2719153],[-48.942035,-16.2712966],[-48.9418763,-16.2710635],[-48.942007,-16.2708573],[-48.9420257,-16.2706062],[-48.9421938,-16.2705435],[-48.9424273,-16.2704359],[-48.9425394,-16.2701938],[-48.9425954,-16.2700145],[-48.9427262,-16.26988],[-48.9428196,-16.2696648],[-48.9427916,-16.2694855],[-48.9428009,-16.2692703],[-48.9429784,-16.2692165],[-48.9431558,-16.2692703],[-48.9433893,-16.2692703],[-48.9436602,-16.2693062],[-48.9438937,-16.2693062],[-48.9442113,-16.2691986],[-48.9445288,-16.2690013],[-48.9446316,-16.2687862],[-48.9448651,-16.268562],[-48.9477978,-16.2737174],[-48.9504023,-16.2727858],[-48.9504317,-16.272893],[-48.9504841,-16.2730838],[-48.9505929,-16.2734799],[-48.9507424,-16.2740246],[-48.9509009,-16.2746019],[-48.9510625,-16.2751902],[-48.9512146,-16.2757445],[-48.9513722,-16.2763183],[-48.9514671,-16.2766641],[-48.9515272,-16.2768732],[-48.9516783,-16.2773996],[-48.9518529,-16.2780079],[-48.9520182,-16.2785835],[-48.9521776,-16.2791386],[-48.9523337,-16.2796826],[-48.9524817,-16.2802602],[-48.9525392,-16.2804776],[-48.9494722,-16.2822351],[-48.949587,-16.284463],[-48.9480899,-16.2850005]]]}},{"type":"Feature","properties":{"id":"ch-caras-de-recreio-mans-es-do-planalto","nome":"Chácaras de Recreio Mansões do Planalto","lat":-16.266213,"lon":-48.943974},"geometry":{"type":"Polygon","coordinates":[[[-48.9445757,-16.2579317],[-48.9451094,-16.2613516],[-48.9452758,-16.26325],[-48.9453162,-16.2638833],[-48.945504,-16.2652918],[-48.9456207,-16.2663365],[-48.9462655,-16.2682931],[-48.9461206,-16.2683394],[-48.9458149,-16.2683961],[-48.9455091,-16.2684424],[-48.9453428,-16.2684579],[-48.9451228,-16.2685093],[-48.9449995,-16.2684579],[-48.9448814,-16.2684939],[-48.9448651,-16.268562],[-48.9446316,-16.2687862],[-48.9445288,-16.2690013],[-48.9442113,-16.2691986],[-48.9438937,-16.2693062],[-48.9436602,-16.2693062],[-48.9433893,-16.2692703],[-48.9431558,-16.2692703],[-48.9430415,-16.2690243],[-48.9426912,-16.2674467],[-48.9422547,-16.2658555],[-48.9419594,-16.2643732],[-48.9416574,-16.263648],[-48.9412954,-16.2624355],[-48.9411593,-16.261868],[-48.9406873,-16.2599699],[-48.9406571,-16.2598348],[-48.9445757,-16.2579317]]]}},{"type":"Feature","properties":{"id":"ch-caras-jonas-duarte","nome":"Chácaras Jonas Duarte","lat":-16.350077,"lon":-48.959848},"geometry":{"type":"Polygon","coordinates":[[[-48.959686,-16.3521401],[-48.9597925,-16.3520873],[-48.9599904,-16.3515517],[-48.9600274,-16.3513093],[-48.96028,-16.3510964],[-48.9603355,-16.3508599],[-48.9606497,-16.3506116],[-48.9616171,-16.3499178],[-48.9613975,-16.3497474],[-48.9601658,-16.3487479],[-48.9599646,-16.3487401],[-48.9595891,-16.3489074],[-48.9593805,-16.3488903],[-48.9592974,-16.3488826],[-48.9596769,-16.3490937],[-48.9598278,-16.3491173],[-48.9598084,-16.3492969],[-48.9598032,-16.3493982],[-48.9597108,-16.3499097],[-48.9597046,-16.3500013],[-48.959643,-16.3501018],[-48.9595105,-16.3501728],[-48.9595413,-16.3502408],[-48.9594427,-16.3502615],[-48.9592825,-16.3502851],[-48.9589775,-16.3503236],[-48.9588036,-16.3503798],[-48.959686,-16.3521401]]]}},{"type":"Feature","properties":{"id":"cidade-universit-ria","nome":"Cidade Universitária","lat":-16.293899,"lon":-48.94373},"geometry":{"type":"Polygon","coordinates":[[[-48.946485,-16.2979033],[-48.9465635,-16.297848],[-48.9466067,-16.2976668],[-48.9467641,-16.2975557],[-48.9484258,-16.2957172],[-48.9485583,-16.2956581],[-48.9488602,-16.2956078],[-48.9511825,-16.2955684],[-48.9511769,-16.2955317],[-48.9508628,-16.2927662],[-48.9501427,-16.2927662],[-48.9490474,-16.2928024],[-48.9491142,-16.291734],[-48.9491334,-16.2914278],[-48.9491398,-16.2913267],[-48.9491558,-16.2910722],[-48.9491698,-16.2908498],[-48.9478612,-16.2908078],[-48.94628,-16.2908251],[-48.9461749,-16.290877],[-48.946251,-16.2913546],[-48.9462632,-16.2914316],[-48.9463699,-16.2921018],[-48.946494,-16.2928867],[-48.945397,-16.2929229],[-48.9453405,-16.292919],[-48.9447176,-16.2903644],[-48.9430613,-16.2904324],[-48.9431851,-16.2895559],[-48.9420703,-16.2896578],[-48.9418042,-16.2876555],[-48.9417801,-16.2875618],[-48.9398123,-16.2881903],[-48.9389912,-16.288496],[-48.9384254,-16.2887281],[-48.9377383,-16.2891177],[-48.9371012,-16.2896476],[-48.9362695,-16.2905139],[-48.9351582,-16.2916112],[-48.934192,-16.2927118],[-48.9339586,-16.2931143],[-48.9368447,-16.2953129],[-48.9367644,-16.2955085],[-48.937271,-16.2960297],[-48.9380599,-16.2962048],[-48.9386929,-16.2963619],[-48.9388287,-16.2964199],[-48.9419949,-16.2971696],[-48.9420671,-16.2971871],[-48.9416484,-16.3000782],[-48.9417194,-16.2999968],[-48.9420794,-16.2998372],[-48.9427085,-16.2995583],[-48.9431726,-16.2993526],[-48.9433598,-16.2992696],[-48.9439926,-16.2990385],[-48.9446458,-16.2987442],[-48.9452491,-16.298494],[-48.94588,-16.2982029],[-48.946485,-16.2979033]]]}},{"type":"Feature","properties":{"id":"condom-nio-residencial-gaudi","nome":"Condomínio Residencial Gaudi","lat":-16.360894,"lon":-48.892965},"geometry":{"type":"Polygon","coordinates":[[[-48.8967802,-16.3614239],[-48.8966599,-16.3615937],[-48.8964971,-16.3617635],[-48.8963484,-16.3618654],[-48.8961571,-16.3619347],[-48.8932611,-16.3621842],[-48.893112,-16.3621256],[-48.8919393,-16.3622192],[-48.8899054,-16.3623538],[-48.8878728,-16.3626177],[-48.8877187,-16.3625882],[-48.8875215,-16.3624995],[-48.8873675,-16.3623576],[-48.8872689,-16.3622157],[-48.8872196,-16.3619733],[-48.8873855,-16.3601075],[-48.8903322,-16.3588529],[-48.89154,-16.3583668],[-48.8923134,-16.3598856],[-48.8924765,-16.3599517],[-48.8926635,-16.3600141],[-48.8929566,-16.3600878],[-48.8931473,-16.3601038],[-48.893632,-16.3601197],[-48.8937567,-16.3600778],[-48.8939193,-16.3600622],[-48.8942811,-16.3599296],[-48.8949307,-16.3595731],[-48.8952201,-16.3594143],[-48.8955774,-16.3592304],[-48.8966669,-16.3603851],[-48.8967519,-16.360507],[-48.896851,-16.3607244],[-48.8968864,-16.3609757],[-48.896851,-16.361193],[-48.8967802,-16.3614239]]]}},{"type":"Feature","properties":{"id":"condom-nio-residencial-gran-trianon","nome":"Condomínio Residencial Gran Trianon","lat":-16.302132,"lon":-48.933165},"geometry":{"type":"Polygon","coordinates":[[[-48.9302411,-16.2969915],[-48.9333588,-16.2992128],[-48.9334651,-16.2992879],[-48.934266,-16.2997353],[-48.9348696,-16.3001098],[-48.9354057,-16.3004965],[-48.9342312,-16.3017921],[-48.9350523,-16.302322],[-48.9352901,-16.3022461],[-48.9354832,-16.3017415],[-48.9358308,-16.301584],[-48.9359383,-16.3015532],[-48.9361806,-16.3014326],[-48.9363952,-16.3015973],[-48.9365282,-16.3019341],[-48.9366569,-16.3024489],[-48.9367385,-16.3030802],[-48.9371292,-16.3031185],[-48.9367881,-16.3036096],[-48.9362065,-16.3044468],[-48.9344893,-16.3048556],[-48.9343845,-16.304808],[-48.9342766,-16.304759],[-48.9342301,-16.3047519],[-48.9341225,-16.3047353],[-48.9338829,-16.3046932],[-48.9334176,-16.3046577],[-48.9310267,-16.3041195],[-48.9285927,-16.3035399],[-48.9274034,-16.3032679],[-48.9257489,-16.3024487],[-48.9260293,-16.3018248],[-48.926781,-16.3007336],[-48.9271939,-16.3002515],[-48.9278317,-16.2996512],[-48.928491,-16.2989297],[-48.9302411,-16.2969915]]]}},{"type":"Feature","properties":{"id":"condom-nio-residencial-villa-lobos","nome":"Condomínio Residencial Villa Lobos","lat":-16.261632,"lon":-48.939561},"geometry":{"type":"Polygon","coordinates":[[[-48.9380563,-16.2610947],[-48.9385256,-16.2630491],[-48.9390106,-16.2629583],[-48.9394466,-16.2628505],[-48.9398092,-16.2627735],[-48.94028,-16.2626633],[-48.9407431,-16.2625523],[-48.9412349,-16.2624381],[-48.9406036,-16.259853],[-48.9400584,-16.2601169],[-48.9396026,-16.2603376],[-48.9391638,-16.2605512],[-48.9388394,-16.2607157],[-48.9384823,-16.2608909],[-48.9380563,-16.2610947]]]}},{"type":"Feature","properties":{"id":"condom-nio-sol-nascente","nome":"Condomínio Sol Nascente","lat":-16.352332,"lon":-48.907598},"geometry":{"type":"Polygon","coordinates":[[[-48.909318,-16.3491137],[-48.9092376,-16.349206],[-48.9044039,-16.3553527],[-48.9049384,-16.3563586],[-48.9057001,-16.3553703],[-48.9062661,-16.354539],[-48.9070171,-16.3535481],[-48.9070909,-16.3533979],[-48.9099136,-16.3497336],[-48.9099934,-16.3496323],[-48.909694,-16.3493967],[-48.909318,-16.3491137]]]}},{"type":"Feature","properties":{"id":"condom-nio-sunflower","nome":"Condomínio Sunflower","lat":-16.36202,"lon":-48.959932},"geometry":{"type":"Polygon","coordinates":[[[-48.9625997,-16.3655775],[-48.9603878,-16.3661628],[-48.960352,-16.3661257],[-48.9599939,-16.3654652],[-48.9593078,-16.3641406],[-48.9570459,-16.3599936],[-48.9567579,-16.3594679],[-48.9567954,-16.3593752],[-48.9576403,-16.3589171],[-48.9576564,-16.3588759],[-48.9579085,-16.3587447],[-48.9579622,-16.3586778],[-48.9582787,-16.3584667],[-48.9587052,-16.3580833],[-48.9598494,-16.3591813],[-48.9600276,-16.3593468],[-48.9610191,-16.3621899],[-48.9619391,-16.3634294],[-48.9621518,-16.3637169],[-48.9623047,-16.364018],[-48.9624334,-16.3643834],[-48.962457,-16.3644888],[-48.9623184,-16.3645302],[-48.9624817,-16.3651143],[-48.9625997,-16.3655775]]]}},{"type":"Feature","properties":{"id":"condom-nio-vale-dos-p-ssaros","nome":"Condomínio Vale dos Pássaros","lat":-16.366638,"lon":-48.955515},"geometry":{"type":"Polygon","coordinates":[[[-48.9591116,-16.3672787],[-48.9590231,-16.3666868],[-48.9578805,-16.367217],[-48.9564187,-16.3661541],[-48.9547745,-16.3652765],[-48.9538464,-16.3653409],[-48.9539537,-16.3656651],[-48.9538813,-16.3658607],[-48.9537469,-16.3660018],[-48.9540825,-16.366378],[-48.9540449,-16.3668772],[-48.9541468,-16.3672118],[-48.9556489,-16.3685603],[-48.9566493,-16.3684214],[-48.9591116,-16.3672787]]]}},{"type":"Feature","properties":{"id":"conj-hab-filostro-machado-carneiro","nome":"Conj. Hab. Filostro Machado Carneiro","lat":-16.316193,"lon":-48.902151},"geometry":{"type":"Polygon","coordinates":[[[-48.9067447,-16.3139301],[-48.9067168,-16.3139667],[-48.9062977,-16.3144814],[-48.9059833,-16.3148963],[-48.9056286,-16.3153457],[-48.9054942,-16.315516],[-48.9052818,-16.3157853],[-48.9051823,-16.3159113],[-48.9048983,-16.3162712],[-48.9045731,-16.3166948],[-48.9041894,-16.3171696],[-48.903845,-16.3176059],[-48.903482,-16.318066],[-48.9031423,-16.3184966],[-48.9027723,-16.3189655],[-48.9026927,-16.3190665],[-48.9023246,-16.3195329],[-48.9019713,-16.3199807],[-48.9016523,-16.320385],[-48.9016196,-16.3204264],[-48.9010072,-16.3212025],[-48.9005734,-16.3205487],[-48.9001969,-16.32001],[-48.8998639,-16.3195111],[-48.8995288,-16.319008],[-48.8991971,-16.3185156],[-48.898392,-16.3173205],[-48.8983431,-16.3172845],[-48.8985926,-16.3168403],[-48.898628,-16.3167788],[-48.8986687,-16.3167067],[-48.8995262,-16.315185],[-48.8999651,-16.3144141],[-48.900194,-16.3138897],[-48.900278,-16.313576],[-48.900306,-16.3134191],[-48.9003037,-16.3132061],[-48.9003742,-16.3131994],[-48.9005091,-16.3130275],[-48.9015822,-16.3116608],[-48.9025733,-16.3103986],[-48.9026062,-16.3103495],[-48.9034146,-16.3110719],[-48.9055449,-16.3128941],[-48.9067447,-16.3139301]]]}},{"type":"Feature","properties":{"id":"conj-habitacional-esperan-a-ii","nome":"Conj. Habitacional Esperança II","lat":-16.38964,"lon":-48.977602},"geometry":{"type":"Polygon","coordinates":[[[-48.9789176,-16.3909908],[-48.9788128,-16.3909074],[-48.9787525,-16.3908723],[-48.9782858,-16.3907231],[-48.9782207,-16.390704],[-48.9778063,-16.3905832],[-48.9776677,-16.3905416],[-48.9772474,-16.3904181],[-48.9771078,-16.3903772],[-48.9767356,-16.3902701],[-48.9763123,-16.3882049],[-48.9763723,-16.3882227],[-48.9764435,-16.3882438],[-48.9768532,-16.3883617],[-48.9769947,-16.3884073],[-48.9772947,-16.3884963],[-48.9776983,-16.3886439],[-48.9784024,-16.3888468],[-48.9785171,-16.3893426],[-48.9789176,-16.3909908]]]}},{"type":"Feature","properties":{"id":"conj-residencial-jamaica-iapc","nome":"Conj. Residencial Jamaica (IAPC)","lat":-16.33739,"lon":-48.967082},"geometry":{"type":"Polygon","coordinates":[[[-48.9681917,-16.3385975],[-48.9681426,-16.3380429],[-48.9678109,-16.338069],[-48.9677645,-16.3375079],[-48.9674846,-16.3375234],[-48.9674635,-16.3372608],[-48.9675768,-16.3372404],[-48.9675651,-16.3368328],[-48.9671353,-16.3366775],[-48.9665948,-16.3364319],[-48.9659965,-16.3361903],[-48.9660639,-16.3362962],[-48.9665327,-16.3370324],[-48.966553,-16.3371313],[-48.9666108,-16.3374137],[-48.9666529,-16.3375829],[-48.966688,-16.3377238],[-48.9667938,-16.3381489],[-48.96694,-16.3387077],[-48.9681917,-16.3385975]]]}},{"type":"Feature","properties":{"id":"conjunto-hab-vila-uni-o","nome":"Conjunto Hab. Vila União","lat":-16.371552,"lon":-48.989051},"geometry":{"type":"Polygon","coordinates":[[[-48.9900816,-16.3772094],[-48.9891672,-16.3763897],[-48.9888345,-16.3760605],[-48.9884951,-16.3757247],[-48.9881642,-16.3752921],[-48.9868446,-16.3740106],[-48.9864369,-16.3735371],[-48.9862239,-16.3732502],[-48.9861311,-16.3731253],[-48.9858361,-16.3726003],[-48.9855893,-16.3721268],[-48.9854391,-16.3717254],[-48.9852514,-16.3709945],[-48.9850421,-16.3700681],[-48.9846291,-16.3683181],[-48.9844772,-16.3677045],[-48.9845282,-16.3676286],[-48.9850169,-16.3675756],[-48.9855055,-16.3675225],[-48.985977,-16.3674714],[-48.9863426,-16.3674317],[-48.9872111,-16.3673282],[-48.9875511,-16.3673242],[-48.988142,-16.3672238],[-48.988443,-16.3670898],[-48.9891217,-16.3671163],[-48.9898347,-16.3668874],[-48.990648,-16.3669387],[-48.991281,-16.3668718],[-48.9915116,-16.3671754],[-48.9915921,-16.3677004],[-48.9916404,-16.3681071],[-48.9917638,-16.368385],[-48.9919086,-16.3686784],[-48.9919515,-16.3692909],[-48.9914795,-16.3696203],[-48.9910718,-16.3698725],[-48.9908143,-16.3700166],[-48.9905568,-16.370171],[-48.9904334,-16.3702997],[-48.9903583,-16.3704953],[-48.990369,-16.370768],[-48.9903261,-16.3710048],[-48.9901169,-16.371432],[-48.9900579,-16.371818],[-48.9900847,-16.3720239],[-48.9901169,-16.3721731],[-48.9901598,-16.3724665],[-48.9902885,-16.3730533],[-48.9903046,-16.373604],[-48.9903797,-16.3736966],[-48.9902939,-16.3740003],[-48.9902242,-16.3741495],[-48.9902295,-16.3743245],[-48.9903529,-16.3745407],[-48.9903905,-16.3748135],[-48.9904012,-16.3750502],[-48.9904817,-16.3752973],[-48.9904227,-16.3756576],[-48.9904548,-16.3759098],[-48.9903905,-16.3761311],[-48.9903368,-16.37627],[-48.9902939,-16.3765531],[-48.9902671,-16.3768207],[-48.9902564,-16.3769391],[-48.9900816,-16.3772094]]]}},{"type":"Feature","properties":{"id":"daiana-ii","nome":"Daiana II","lat":-16.396649,"lon":-48.864529},"geometry":{"type":"Polygon","coordinates":[[[-48.8700452,-16.3931294],[-48.8596643,-16.4044286],[-48.8568615,-16.4042954],[-48.8625633,-16.3972863],[-48.8654816,-16.393828],[-48.8680699,-16.3913645],[-48.8690164,-16.3922077],[-48.8700452,-16.3931294]]]}},{"type":"Feature","properties":{"id":"distrito-agroindustrial-de-an-polis","nome":"Distrito Agroindustrial de Anápolis","lat":-16.398879,"lon":-48.934355},"geometry":{"type":"Polygon","coordinates":[[[-48.9738846,-16.4018454],[-48.9738158,-16.4019516],[-48.9737044,-16.4021378],[-48.971914,-16.4060008],[-48.9716833,-16.4071435],[-48.9718701,-16.4078693],[-48.971702,-16.4080574],[-48.9712069,-16.4083889],[-48.9708987,-16.4088548],[-48.9705998,-16.4090609],[-48.9703103,-16.4096522],[-48.9660868,-16.4071726],[-48.9645716,-16.4068456],[-48.9628335,-16.4037888],[-48.9615766,-16.4038315],[-48.9605126,-16.4044019],[-48.9599055,-16.40571],[-48.9595413,-16.4066866],[-48.9587474,-16.4077617],[-48.9586913,-16.4086219],[-48.9582524,-16.4091505],[-48.9578215,-16.4100589],[-48.9574271,-16.4108746],[-48.9521356,-16.4113885],[-48.9459987,-16.4112444],[-48.9450975,-16.4130969],[-48.9439817,-16.4138996],[-48.942823,-16.4177281],[-48.9389177,-16.4178104],[-48.9364071,-16.415855],[-48.9300127,-16.4160197],[-48.9258499,-16.4152787],[-48.9202709,-16.4124382],[-48.9180179,-16.4114914],[-48.9171381,-16.4125],[-48.9140268,-16.4118207],[-48.912911,-16.4118001],[-48.9138122,-16.4093507],[-48.9122189,-16.407955],[-48.9121199,-16.4080312],[-48.9106115,-16.4047557],[-48.9102638,-16.4041717],[-48.9099178,-16.4039944],[-48.9095577,-16.4036073],[-48.908226,-16.4023889],[-48.9080873,-16.4022721],[-48.9079523,-16.4021523],[-48.9075648,-16.4018062],[-48.9060451,-16.400448],[-48.9047807,-16.399318],[-48.9045929,-16.3991044],[-48.9044642,-16.3989346],[-48.9038088,-16.3976762],[-48.9029146,-16.3959593],[-48.9025853,-16.3952834],[-48.9020517,-16.3947763],[-48.9008849,-16.3933611],[-48.9005684,-16.3929803],[-48.9003136,-16.3930034],[-48.9001822,-16.3929159],[-48.9001205,-16.3927513],[-48.9001285,-16.3925969],[-48.9001902,-16.3923962],[-48.9002492,-16.3923138],[-48.900378,-16.3921877],[-48.9006408,-16.3920256],[-48.900791,-16.3918815],[-48.9015117,-16.3912447],[-48.9044005,-16.3893096],[-48.9046521,-16.3891868],[-48.9075923,-16.3877865],[-48.9119978,-16.3859011],[-48.9144673,-16.3863387],[-48.9160359,-16.3868087],[-48.9140404,-16.3910797],[-48.914212,-16.3920781],[-48.913039,-16.3932347],[-48.9177545,-16.392947],[-48.9203902,-16.3927862],[-48.9215919,-16.3929612],[-48.9228471,-16.3920143],[-48.9181946,-16.3881884],[-48.9191602,-16.3833712],[-48.9196406,-16.3813622],[-48.9198213,-16.3806064],[-48.919997,-16.3798715],[-48.9264343,-16.3808597],[-48.9303825,-16.3826507],[-48.9322279,-16.389053],[-48.9329789,-16.391585],[-48.9328207,-16.3943997],[-48.9332418,-16.3946853],[-48.9338748,-16.3951073],[-48.9352052,-16.3960465],[-48.9355646,-16.3962395],[-48.935983,-16.3963964],[-48.936431,-16.3964582],[-48.9368521,-16.3964813],[-48.9373885,-16.3963938],[-48.9382415,-16.3961262],[-48.9385928,-16.3959899],[-48.9390515,-16.3958869],[-48.9393921,-16.3958586],[-48.9400493,-16.3958869],[-48.9405347,-16.3960156],[-48.9446251,-16.3974746],[-48.9448504,-16.3976624],[-48.9459883,-16.3988257],[-48.9465799,-16.3999134],[-48.9472084,-16.4005755],[-48.9477586,-16.4010388],[-48.9492821,-16.4006065],[-48.9497542,-16.3999478],[-48.9499902,-16.3962837],[-48.9501404,-16.3943487],[-48.95087,-16.391899],[-48.9512347,-16.3915902],[-48.9525866,-16.3911579],[-48.9527797,-16.3910756],[-48.9566206,-16.391652],[-48.9573073,-16.3917343],[-48.9585504,-16.3918333],[-48.9590372,-16.39259],[-48.9594809,-16.3930866],[-48.9606218,-16.3941313],[-48.961322,-16.3946246],[-48.9636085,-16.3960597],[-48.9645407,-16.396658],[-48.9679784,-16.3988503],[-48.9701228,-16.4000385],[-48.9738694,-16.4016996],[-48.9738846,-16.4018454]]]}},{"type":"Feature","properties":{"id":"dom-pedro-ii","nome":"Dom Pedro II","lat":-16.330334,"lon":-48.968458},"geometry":{"type":"Polygon","coordinates":[[[-48.9703269,-16.328289],[-48.9702428,-16.3282711],[-48.9700264,-16.3282884],[-48.9698579,-16.3282917],[-48.9685131,-16.3283895],[-48.9672786,-16.3284792],[-48.9669412,-16.3285037],[-48.9669219,-16.328572],[-48.9669061,-16.3286905],[-48.9669409,-16.328935],[-48.9669409,-16.3290946],[-48.9668605,-16.3292799],[-48.9667049,-16.3295167],[-48.9666756,-16.3297681],[-48.9667056,-16.329913],[-48.9668417,-16.330397],[-48.9668497,-16.3305412],[-48.9668398,-16.3306775],[-48.9668229,-16.3309093],[-48.966812,-16.3309603],[-48.9674355,-16.3311628],[-48.9674532,-16.3314652],[-48.9676302,-16.3314536],[-48.9676723,-16.3317552],[-48.9678522,-16.3317363],[-48.9679643,-16.3317363],[-48.967979,-16.3318051],[-48.9682365,-16.3319312],[-48.9684993,-16.3320059],[-48.9686978,-16.3320498],[-48.9687081,-16.3322536],[-48.9690094,-16.332225],[-48.9693906,-16.3317441],[-48.9695194,-16.331533],[-48.9696397,-16.3313112],[-48.9697872,-16.331059],[-48.9698677,-16.3308582],[-48.9698998,-16.3307398],[-48.9699401,-16.3304567],[-48.9702007,-16.3304557],[-48.9702167,-16.3303799],[-48.9702328,-16.3301945],[-48.9702704,-16.3301482],[-48.970324,-16.3299062],[-48.9703004,-16.3296118],[-48.9703362,-16.3296066],[-48.9703269,-16.328289]]]}},{"type":"Feature","properties":{"id":"est-ncia-vale-das-brisas","nome":"Estância Vale das Brisas","lat":-16.365267,"lon":-48.891656},"geometry":{"type":"Polygon","coordinates":[[[-48.9006633,-16.3587155],[-48.8974393,-16.357879],[-48.8964183,-16.3585776],[-48.8955917,-16.3591845],[-48.8976488,-16.3613734],[-48.8962917,-16.3620142],[-48.8932611,-16.3621842],[-48.8919393,-16.3622192],[-48.8882135,-16.3626794],[-48.8871671,-16.3629013],[-48.8859387,-16.3633948],[-48.8868746,-16.3640907],[-48.8871085,-16.3644387],[-48.8872372,-16.3645509],[-48.8872606,-16.3648764],[-48.8876233,-16.3650897],[-48.8877753,-16.3652132],[-48.88767,-16.365404],[-48.8876584,-16.3656958],[-48.8879157,-16.3659091],[-48.8881614,-16.3660662],[-48.8884187,-16.3661448],[-48.8885357,-16.3662234],[-48.8886293,-16.3664479],[-48.8888633,-16.3666387],[-48.8892376,-16.366807],[-48.8892727,-16.3671438],[-48.8896354,-16.3672672],[-48.8897757,-16.3672223],[-48.8898225,-16.3670876],[-48.8899863,-16.367054],[-48.8900565,-16.3672111],[-48.8903373,-16.3673009],[-48.8905244,-16.3674131],[-48.8906648,-16.367604],[-48.8906531,-16.3679744],[-48.8907233,-16.3680754],[-48.890852,-16.3682213],[-48.8911211,-16.3683335],[-48.8911211,-16.3686478],[-48.8910509,-16.3689509],[-48.8910626,-16.3690743],[-48.8911795,-16.369209],[-48.8913901,-16.3693886],[-48.8916117,-16.3695617],[-48.8917512,-16.3691474],[-48.8919719,-16.3685773],[-48.8923522,-16.3676859],[-48.8924083,-16.3675544],[-48.8925022,-16.3674103],[-48.8935518,-16.3660939],[-48.8947339,-16.3648701],[-48.8949561,-16.364742],[-48.8969788,-16.3636632],[-48.8973788,-16.3628857],[-48.8984248,-16.3607569],[-48.898491,-16.3608019],[-48.9000586,-16.3599938],[-48.9017665,-16.3590958],[-48.9006633,-16.3587155]]]}},{"type":"Feature","properties":{"id":"frei-eust-quio","nome":"Frei Eustáquio","lat":-16.319698,"lon":-48.968423},"geometry":{"type":"Polygon","coordinates":[[[-48.9648996,-16.3192522],[-48.9648817,-16.3192132],[-48.964799,-16.3190333],[-48.9647148,-16.3188499],[-48.9646764,-16.3187971],[-48.9649096,-16.3187274],[-48.9657791,-16.3185095],[-48.9658375,-16.3186567],[-48.9662961,-16.3184879],[-48.966444,-16.3184169],[-48.9668969,-16.3182602],[-48.9671602,-16.3181422],[-48.967187,-16.3180018],[-48.9684299,-16.3179326],[-48.96897,-16.3179025],[-48.9693599,-16.3177219],[-48.9695732,-16.317627],[-48.9710259,-16.3180044],[-48.9721696,-16.3185228],[-48.9726996,-16.320074],[-48.9737253,-16.3195113],[-48.9741222,-16.3196348],[-48.9737896,-16.3204689],[-48.9731268,-16.322125],[-48.9723935,-16.3228051],[-48.9712576,-16.3228988],[-48.9703457,-16.3226002],[-48.9698414,-16.3217765],[-48.9694091,-16.3217121],[-48.9694049,-16.3211701],[-48.9693888,-16.3207054],[-48.9693243,-16.3206594],[-48.9693034,-16.3203816],[-48.9691937,-16.3203972],[-48.9691612,-16.3201904],[-48.9691571,-16.3200817],[-48.9686436,-16.3201181],[-48.9667659,-16.3202829],[-48.9666753,-16.3202817],[-48.9665882,-16.3203068],[-48.966527,-16.3203459],[-48.9663277,-16.319892],[-48.9661482,-16.3194409],[-48.9660659,-16.3194762],[-48.9656405,-16.3190316],[-48.9648996,-16.3192522]]]}},{"type":"Feature","properties":{"id":"gibran-el-hadj","nome":"Gibran El Hadj","lat":-16.372443,"lon":-48.978493},"geometry":{"type":"Polygon","coordinates":[[[-48.9801156,-16.3731589],[-48.980655,-16.3724081],[-48.9811325,-16.3717415],[-48.9818513,-16.370743],[-48.9827752,-16.3694634],[-48.9830232,-16.3690383],[-48.9831045,-16.368773],[-48.983133,-16.3684727],[-48.9831574,-16.3681177],[-48.9831152,-16.3679912],[-48.9830124,-16.3680266],[-48.9807676,-16.3682283],[-48.9797405,-16.3683448],[-48.9784429,-16.3681278],[-48.9782925,-16.3684131],[-48.977103,-16.3701813],[-48.9764037,-16.371687],[-48.9758508,-16.3728338],[-48.9758752,-16.3730366],[-48.9756882,-16.3732784],[-48.9754606,-16.3739181],[-48.9751353,-16.3745188],[-48.9750215,-16.3749635],[-48.9751899,-16.3750234],[-48.9754296,-16.3751803],[-48.9755557,-16.3751778],[-48.97575,-16.3752323],[-48.976236,-16.3754969],[-48.9766044,-16.3755844],[-48.9768441,-16.3756822],[-48.9768797,-16.3756358],[-48.9773647,-16.3757837],[-48.9774537,-16.3758108],[-48.9774252,-16.3758366],[-48.9780233,-16.3760064],[-48.978123,-16.376018],[-48.9801156,-16.3731589]]]}},{"type":"Feature","properties":{"id":"gran-ville","nome":"Gran Ville","lat":-16.311423,"lon":-48.909611},"geometry":{"type":"Polygon","coordinates":[[[-48.9147286,-16.3097132],[-48.9139968,-16.3101502],[-48.91333,-16.3101658],[-48.9124031,-16.3099005],[-48.9118665,-16.3096976],[-48.911281,-16.3094167],[-48.9105655,-16.3089796],[-48.909541,-16.3085738],[-48.9088418,-16.3083397],[-48.9084027,-16.308012],[-48.9052301,-16.3073472],[-48.9048815,-16.3072742],[-48.9026902,-16.3068443],[-48.899074,-16.3060944],[-48.8991854,-16.306853],[-48.8991561,-16.307036],[-48.8990378,-16.3071615],[-48.8992235,-16.3072683],[-48.89936,-16.3074502],[-48.899746,-16.3077797],[-48.9014923,-16.3093541],[-48.9026062,-16.3103495],[-48.9034146,-16.3110719],[-48.9055449,-16.3128941],[-48.9067447,-16.3139301],[-48.9070094,-16.3141152],[-48.9097542,-16.3160542],[-48.9104653,-16.3165678],[-48.9111941,-16.3171032],[-48.911612,-16.3174102],[-48.9121512,-16.316866],[-48.9123848,-16.3162953],[-48.9124768,-16.3159896],[-48.9125688,-16.3157247],[-48.9126609,-16.3152763],[-48.9126688,-16.3147772],[-48.9127583,-16.3142755],[-48.9129192,-16.313938],[-48.9129192,-16.3136216],[-48.913048,-16.3133797],[-48.9132786,-16.3134054],[-48.9134878,-16.3133385],[-48.9137131,-16.313184],[-48.9140726,-16.3129266],[-48.9143864,-16.3124493],[-48.9143971,-16.3118676],[-48.914499,-16.3116101],[-48.9144803,-16.3113821],[-48.9146144,-16.3112585],[-48.9145554,-16.3110114],[-48.9146305,-16.3107539],[-48.91455,-16.310548],[-48.9146036,-16.3102134],[-48.914786,-16.3098581],[-48.9147286,-16.3097132]]]}},{"type":"Feature","properties":{"id":"granjas-santo-antonio","nome":"Granjas Santo Antonio","lat":-16.349748,"lon":-48.903987},"geometry":{"type":"Polygon","coordinates":[[[-48.9020888,-16.3430993],[-48.8999482,-16.349555],[-48.9011366,-16.3507116],[-48.9024536,-16.3527281],[-48.9025937,-16.3525633],[-48.9030803,-16.3531765],[-48.9031461,-16.3531134],[-48.9035324,-16.3522538],[-48.9037848,-16.3518071],[-48.9044814,-16.3505738],[-48.9053341,-16.3490641],[-48.9053725,-16.3489961],[-48.9056252,-16.3485677],[-48.9059127,-16.3480805],[-48.9062008,-16.3475921],[-48.9065053,-16.3469869],[-48.9065818,-16.3468488],[-48.9020888,-16.3430993]]]}},{"type":"Feature","properties":{"id":"jardim-alexandrina","nome":"Jardim Alexandrina","lat":-16.300079,"lon":-48.959597},"geometry":{"type":"Polygon","coordinates":[[[-48.9571797,-16.3049193],[-48.9570722,-16.3050304],[-48.9570079,-16.3052055],[-48.9569006,-16.3053599],[-48.956686,-16.3055453],[-48.9564178,-16.3056894],[-48.956171,-16.305813],[-48.9557848,-16.3059572],[-48.9556131,-16.306019],[-48.9552483,-16.3060704],[-48.9549587,-16.306194],[-48.9547977,-16.3062867],[-48.954669,-16.3063485],[-48.9544115,-16.3063897],[-48.9541647,-16.3064206],[-48.9538969,-16.3066084],[-48.9536639,-16.3067354],[-48.9535931,-16.3059783],[-48.9535237,-16.3058596],[-48.9531751,-16.3055854],[-48.9534231,-16.3049051],[-48.9536489,-16.3049642],[-48.9537689,-16.3049452],[-48.9537979,-16.3045769],[-48.9538534,-16.3045622],[-48.954143,-16.3020693],[-48.9540814,-16.3020604],[-48.9541684,-16.3012543],[-48.9545473,-16.2977507],[-48.9545837,-16.2974014],[-48.9546443,-16.2973322],[-48.954739,-16.2972518],[-48.9548459,-16.2971708],[-48.9551154,-16.2968471],[-48.9554564,-16.2968063],[-48.9554113,-16.2963757],[-48.9554786,-16.2959197],[-48.9548962,-16.2957528],[-48.9547119,-16.2955994],[-48.9548889,-16.2953174],[-48.9550068,-16.2950453],[-48.9551551,-16.2947909],[-48.9552636,-16.2945932],[-48.9554405,-16.2945347],[-48.9556857,-16.2945174],[-48.955725,-16.2944488],[-48.9574061,-16.2944723],[-48.9584998,-16.2944811],[-48.9588034,-16.2945125],[-48.9590274,-16.2945476],[-48.9592634,-16.2945347],[-48.9595262,-16.2944858],[-48.9596872,-16.2944317],[-48.9598481,-16.2943493],[-48.9600225,-16.2942386],[-48.9601255,-16.2941631],[-48.9602719,-16.2940558],[-48.9604516,-16.29394],[-48.9607145,-16.2938524],[-48.9609639,-16.2937778],[-48.9612026,-16.293734],[-48.9614413,-16.2937186],[-48.9616908,-16.2937263],[-48.9618904,-16.2937546],[-48.9633452,-16.2941033],[-48.9644507,-16.2943682],[-48.9651025,-16.2945244],[-48.9655,-16.2946197],[-48.9659574,-16.2936481],[-48.9666331,-16.2939482],[-48.9669277,-16.294079],[-48.9669861,-16.2941049],[-48.9668553,-16.2950559],[-48.966816,-16.295342],[-48.9667298,-16.2966516],[-48.9666817,-16.2973817],[-48.9666602,-16.2977078],[-48.9665831,-16.2988803],[-48.9665027,-16.3000749],[-48.9664812,-16.3003941],[-48.9664222,-16.3007442],[-48.9663578,-16.3009193],[-48.9662559,-16.3011304],[-48.9660896,-16.3014135],[-48.9657473,-16.3019753],[-48.9654598,-16.3024472],[-48.9653869,-16.3025669],[-48.9646393,-16.3038137],[-48.9643371,-16.3043167],[-48.9640676,-16.3048305],[-48.9639205,-16.305191],[-48.9636197,-16.3051531],[-48.9635929,-16.3051497],[-48.9633166,-16.305039],[-48.9632953,-16.3049119],[-48.963121,-16.304899],[-48.9630593,-16.3049428],[-48.9624611,-16.3049804],[-48.9624632,-16.3049594],[-48.9624151,-16.3046891],[-48.9623316,-16.3045649],[-48.9620616,-16.3045763],[-48.9618867,-16.3049234],[-48.9618567,-16.3050595],[-48.9583411,-16.3053907],[-48.958339,-16.3053108],[-48.9571797,-16.3049193]]]}},{"type":"Feature","properties":{"id":"jardim-alvorada","nome":"Jardim Alvorada","lat":-16.355747,"lon":-48.914921},"geometry":{"type":"Polygon","coordinates":[[[-48.9210177,-16.353595],[-48.9210752,-16.3542936],[-48.9211282,-16.3549363],[-48.9205088,-16.3555595],[-48.9199036,-16.3561921],[-48.919467,-16.3566486],[-48.9192706,-16.3567956],[-48.9190247,-16.357111],[-48.9188083,-16.3573809],[-48.9189192,-16.3573795],[-48.9210873,-16.3594123],[-48.9209015,-16.3596459],[-48.9206286,-16.3595199],[-48.9203845,-16.3594221],[-48.9198063,-16.359241],[-48.9183292,-16.3588158],[-48.9182427,-16.3589477],[-48.917276,-16.3581818],[-48.9174817,-16.3578901],[-48.9175285,-16.3577568],[-48.9171655,-16.3578362],[-48.9168791,-16.3578441],[-48.9162657,-16.3577689],[-48.915706,-16.357691],[-48.9148951,-16.357567],[-48.9139071,-16.3574158],[-48.91373,-16.3574029],[-48.9130989,-16.3573604],[-48.9129392,-16.3573566],[-48.9121245,-16.3567095],[-48.9116875,-16.3564115],[-48.9111143,-16.3559377],[-48.9099024,-16.356137],[-48.909327,-16.3562145],[-48.9086921,-16.3563022],[-48.908677,-16.3564268],[-48.9080502,-16.3564801],[-48.9084573,-16.3559355],[-48.9087125,-16.3556303],[-48.9089167,-16.3553862],[-48.9092196,-16.3550241],[-48.9093804,-16.3548198],[-48.9097218,-16.3543859],[-48.9102084,-16.3537859],[-48.910284,-16.3536927],[-48.9107483,-16.3531198],[-48.9112116,-16.3525491],[-48.9112584,-16.3524914],[-48.9116637,-16.3519917],[-48.9121824,-16.3513522],[-48.9127859,-16.3517537],[-48.9131051,-16.3519313],[-48.9141002,-16.3523791],[-48.9143738,-16.3525078],[-48.9146822,-16.3527085],[-48.914768,-16.352742],[-48.9162622,-16.3529413],[-48.9180659,-16.3531831],[-48.9198375,-16.3534205],[-48.9203901,-16.3534946],[-48.9210177,-16.353595]]]}},{"type":"Feature","properties":{"id":"jardim-am-rica","nome":"Jardim América","lat":-16.348415,"lon":-48.940761},"geometry":{"type":"Polygon","coordinates":[[[-48.943797,-16.3493481],[-48.9442538,-16.3482798],[-48.9444789,-16.3477534],[-48.9447798,-16.3470495],[-48.9449775,-16.3466192],[-48.9415155,-16.3449015],[-48.9412179,-16.3447618],[-48.9412179,-16.3449078],[-48.9410656,-16.3451351],[-48.9409135,-16.3451557],[-48.9405277,-16.3458112],[-48.940234,-16.3462934],[-48.9401278,-16.3463681],[-48.9399721,-16.346633],[-48.9397739,-16.3470338],[-48.9394679,-16.3475464],[-48.9394094,-16.3476111],[-48.9390696,-16.3481953],[-48.9387758,-16.3487013],[-48.938343,-16.34939],[-48.938206,-16.349608],[-48.9383755,-16.3498874],[-48.9384372,-16.3499312],[-48.9385287,-16.3502502],[-48.9384542,-16.3503882],[-48.9390377,-16.3507327],[-48.9392538,-16.350847],[-48.9396712,-16.3511428],[-48.9403688,-16.3514659],[-48.9419507,-16.3521132],[-48.9425158,-16.3523447],[-48.9431476,-16.3508671],[-48.9432349,-16.3506297],[-48.943797,-16.3493481]]]}},{"type":"Feature","properties":{"id":"jardim-ana-paula","nome":"Jardim Ana Paula","lat":-16.34814,"lon":-48.951822},"geometry":{"type":"Polygon","coordinates":[[[-48.9555762,-16.3485862],[-48.9547999,-16.3471066],[-48.9547495,-16.3470116],[-48.9543007,-16.3461668],[-48.9542646,-16.3460958],[-48.9535998,-16.3460219],[-48.9533831,-16.3459978],[-48.9529613,-16.3459509],[-48.9526974,-16.3459215],[-48.9522906,-16.3458763],[-48.9520251,-16.3458468],[-48.9505255,-16.3457502],[-48.9504541,-16.3459514],[-48.9504922,-16.3462222],[-48.9504332,-16.3465362],[-48.9501805,-16.3469552],[-48.9499123,-16.3475317],[-48.9497782,-16.3478715],[-48.9496977,-16.3480104],[-48.9491827,-16.3489833],[-48.9490915,-16.3493179],[-48.9489735,-16.3495804],[-48.9489371,-16.3496668],[-48.9491132,-16.3497186],[-48.9493766,-16.349796],[-48.9494366,-16.3498136],[-48.9495849,-16.3498402],[-48.94965,-16.3495455],[-48.9497336,-16.3495616],[-48.9508762,-16.3498602],[-48.9519706,-16.3501073],[-48.9519706,-16.3500738],[-48.9528955,-16.3502306],[-48.9530967,-16.349873],[-48.9533364,-16.3494471],[-48.9534433,-16.3492572],[-48.953792,-16.3486375],[-48.9538948,-16.3486544],[-48.9543267,-16.3487232],[-48.9545673,-16.3487573],[-48.9553487,-16.3488778],[-48.9555762,-16.3485862]]]}},{"type":"Feature","properties":{"id":"jardim-arco-verde-1-etapa","nome":"Jardim Arco Verde 1 Etapa","lat":-16.366209,"lon":-48.94211},"geometry":{"type":"Polygon","coordinates":[[[-48.9381122,-16.3621542],[-48.9370537,-16.362788],[-48.9378343,-16.364243],[-48.9380579,-16.3650388],[-48.9378546,-16.3666654],[-48.9390581,-16.3674873],[-48.9398289,-16.3681942],[-48.9401631,-16.3685007],[-48.9402262,-16.3685617],[-48.9406232,-16.3689452],[-48.9410309,-16.3693389],[-48.9414186,-16.3697133],[-48.9418102,-16.3700916],[-48.9422045,-16.3704724],[-48.9426216,-16.3708752],[-48.9430092,-16.3712496],[-48.943052,-16.3712909],[-48.9431366,-16.3713692],[-48.9438593,-16.3713475],[-48.9444923,-16.370802],[-48.9445585,-16.3707275],[-48.9446452,-16.3706862],[-48.944385,-16.3702381],[-48.9443303,-16.3701485],[-48.9443582,-16.3700428],[-48.9443957,-16.3698845],[-48.9443376,-16.3697208],[-48.9449631,-16.3694881],[-48.9451965,-16.3693105],[-48.9450007,-16.368837],[-48.9446931,-16.3688857],[-48.9446669,-16.3684354],[-48.944827,-16.3683713],[-48.9448259,-16.3682918],[-48.9448196,-16.3678156],[-48.9448129,-16.3677621],[-48.9447501,-16.3672142],[-48.9451977,-16.3670086],[-48.9447804,-16.3666178],[-48.9449349,-16.3663807],[-48.9448539,-16.3663067],[-48.9447042,-16.3661697],[-48.9445513,-16.3659895],[-48.9441543,-16.365413],[-48.9437842,-16.3647825],[-48.9434832,-16.3643299],[-48.9433872,-16.3641855],[-48.9432934,-16.3640285],[-48.9432022,-16.3639075],[-48.9429742,-16.363663],[-48.9426899,-16.3634417],[-48.9425075,-16.363331],[-48.9423519,-16.3632538],[-48.9421534,-16.3631741],[-48.9419657,-16.3631303],[-48.9418986,-16.3631123],[-48.941895,-16.3631426],[-48.9416148,-16.3630902],[-48.9415651,-16.3630809],[-48.9413719,-16.3631195],[-48.9411654,-16.3631761],[-48.9411627,-16.3631529],[-48.9409267,-16.3631401],[-48.9409133,-16.3631761],[-48.9408301,-16.3631838],[-48.94046,-16.3632507],[-48.9401542,-16.3633254],[-48.9399343,-16.3633511],[-48.9398967,-16.3633871],[-48.9394461,-16.3634232],[-48.9392208,-16.3633768],[-48.9387809,-16.3631349],[-48.9384224,-16.3629812],[-48.9383059,-16.3627872],[-48.9382356,-16.3626998],[-48.9381712,-16.362517],[-48.9381283,-16.3623446],[-48.9381122,-16.3621542]]]}},{"type":"Feature","properties":{"id":"jardim-arco-verde-2-etapa","nome":"Jardim Arco Verde 2 Etapa","lat":-16.362155,"lon":-48.939974},"geometry":{"type":"Polygon","coordinates":[[[-48.9416148,-16.3630902],[-48.9415031,-16.3624932],[-48.9413663,-16.3616954],[-48.9411705,-16.3608564],[-48.9410452,-16.3604716],[-48.9408738,-16.3605062],[-48.9405841,-16.360465],[-48.9404602,-16.3605443],[-48.9404387,-16.3606575],[-48.9405353,-16.3608016],[-48.940568,-16.3608871],[-48.9404822,-16.36099],[-48.9401759,-16.3611362],[-48.9399628,-16.3613132],[-48.9398424,-16.3614286],[-48.9397292,-16.3615475],[-48.9394673,-16.3616188],[-48.9392018,-16.3616833],[-48.9389718,-16.3617444],[-48.938809,-16.3618429],[-48.9385648,-16.3619142],[-48.9383241,-16.3620569],[-48.9381122,-16.3621542],[-48.9381283,-16.3623446],[-48.9381712,-16.362517],[-48.9382356,-16.3626998],[-48.9383059,-16.3627872],[-48.9384224,-16.3629812],[-48.9387809,-16.3631349],[-48.9392208,-16.3633768],[-48.9394461,-16.3634232],[-48.9398967,-16.3633871],[-48.9399343,-16.3633511],[-48.9401542,-16.3633254],[-48.94046,-16.3632507],[-48.9408301,-16.3631838],[-48.9409133,-16.3631761],[-48.9409267,-16.3631401],[-48.9411627,-16.3631529],[-48.9411654,-16.3631761],[-48.9413719,-16.3631195],[-48.9415651,-16.3630809],[-48.9416148,-16.3630902]]]}},{"type":"Feature","properties":{"id":"jardim-bandeirante","nome":"Jardim Bandeirante","lat":-16.313123,"lon":-48.949664},"geometry":{"type":"Polygon","coordinates":[[[-48.9526204,-16.3103558],[-48.9520513,-16.3103669],[-48.9497525,-16.3104116],[-48.9496642,-16.3104133],[-48.9495794,-16.310415],[-48.9496779,-16.3108188],[-48.949925,-16.3118313],[-48.9498588,-16.3118385],[-48.9491008,-16.3116549],[-48.9483726,-16.3114889],[-48.9476508,-16.3112577],[-48.9469066,-16.3111047],[-48.946192,-16.3109818],[-48.9451925,-16.3107519],[-48.945058,-16.3107861],[-48.9455438,-16.3112504],[-48.945678,-16.3112231],[-48.9457691,-16.3115793],[-48.9458992,-16.311557],[-48.9459046,-16.3115708],[-48.9472699,-16.3150784],[-48.9474768,-16.315021],[-48.9475831,-16.3149884],[-48.9478781,-16.315015],[-48.9480956,-16.3150306],[-48.9486262,-16.3150657],[-48.9488193,-16.314938],[-48.9490056,-16.3151173],[-48.9491652,-16.315031],[-48.94979,-16.3150657],[-48.949978,-16.3151749],[-48.9501873,-16.3151984],[-48.95098,-16.3152535],[-48.9510378,-16.315222],[-48.9518034,-16.3160997],[-48.9525006,-16.3168878],[-48.9526621,-16.3167143],[-48.952617,-16.3161214],[-48.9526218,-16.3157702],[-48.9524502,-16.3149888],[-48.9524024,-16.3145672],[-48.9524362,-16.3143039],[-48.9524808,-16.31363],[-48.9525127,-16.3130273],[-48.9526371,-16.3125918],[-48.9525896,-16.3120665],[-48.9525161,-16.3115205],[-48.9524696,-16.3110543],[-48.9525696,-16.3108076],[-48.9526204,-16.3103558]]]}},{"type":"Feature","properties":{"id":"jardim-bela-vista","nome":"Jardim Bela Vista","lat":-16.333462,"lon":-48.966205},"geometry":{"type":"Polygon","coordinates":[[[-48.9661843,-16.336029],[-48.9658162,-16.3360867],[-48.9656012,-16.3359553],[-48.9647259,-16.3354351],[-48.9646837,-16.3348259],[-48.9646391,-16.3343473],[-48.9650146,-16.3343168],[-48.9649745,-16.3339502],[-48.965047,-16.3339399],[-48.9650335,-16.3338061],[-48.9651891,-16.333801],[-48.9651588,-16.333448],[-48.9655368,-16.3334393],[-48.9654988,-16.3332226],[-48.9659772,-16.3331663],[-48.9659618,-16.3330392],[-48.966162,-16.3330244],[-48.966101,-16.3325383],[-48.9660973,-16.3322409],[-48.9661836,-16.3321876],[-48.9662545,-16.33196],[-48.9663746,-16.3317767],[-48.9664763,-16.3316702],[-48.9666378,-16.3314112],[-48.96668,-16.331463],[-48.9666614,-16.3315347],[-48.9665726,-16.3317095],[-48.9666193,-16.3318215],[-48.966666,-16.3318798],[-48.9667174,-16.3320187],[-48.9668388,-16.3320859],[-48.9671704,-16.3323145],[-48.9671493,-16.332442],[-48.9671424,-16.3326013],[-48.9671424,-16.3328119],[-48.9671937,-16.3328164],[-48.9672675,-16.3332324],[-48.9670712,-16.3332557],[-48.9671154,-16.3337239],[-48.9669479,-16.3336867],[-48.9669059,-16.3338695],[-48.9669246,-16.3341845],[-48.9666439,-16.3342147],[-48.9666431,-16.3346417],[-48.9664707,-16.3346629],[-48.9659648,-16.3347258],[-48.9660038,-16.3350896],[-48.9661135,-16.3352119],[-48.9661312,-16.3355651],[-48.9661772,-16.3359421],[-48.9661843,-16.336029]]]}},{"type":"Feature","properties":{"id":"jardim-bom-clima","nome":"Jardim Bom Clima","lat":-16.358724,"lon":-48.953699},"geometry":{"type":"Polygon","coordinates":[[[-48.9571122,-16.3570885],[-48.9566026,-16.3570344],[-48.9561559,-16.356965],[-48.9562364,-16.357586],[-48.9559438,-16.3576159],[-48.9559006,-16.3577992],[-48.955802,-16.3579293],[-48.9549964,-16.3583057],[-48.954924,-16.3582826],[-48.9548221,-16.3582903],[-48.9547335,-16.3583418],[-48.9545297,-16.3583855],[-48.9544036,-16.3583752],[-48.9531859,-16.3580329],[-48.9529338,-16.3579687],[-48.9530674,-16.3579071],[-48.953204,-16.3578105],[-48.9532373,-16.3577434],[-48.9533091,-16.3571937],[-48.952351,-16.3570487],[-48.952215,-16.3570421],[-48.9522525,-16.3579403],[-48.9494174,-16.3592168],[-48.9490438,-16.3593996],[-48.9489847,-16.3596878],[-48.9490594,-16.3598082],[-48.9493437,-16.3599009],[-48.9497996,-16.3599935],[-48.9503575,-16.3603075],[-48.9505721,-16.3605391],[-48.9506794,-16.3608016],[-48.9510447,-16.3611341],[-48.9514948,-16.3613215],[-48.9516665,-16.3614502],[-48.9518864,-16.3616921],[-48.9521981,-16.3618753],[-48.9545444,-16.3603597],[-48.9556287,-16.3591951],[-48.9561154,-16.3587126],[-48.9563851,-16.3585748],[-48.9564081,-16.3583437],[-48.9566276,-16.358151],[-48.9567606,-16.35816],[-48.9568377,-16.3578934],[-48.9569545,-16.3578934],[-48.9570277,-16.3576201],[-48.9570752,-16.3573213],[-48.9571122,-16.3570885]]]}},{"type":"Feature","properties":{"id":"jardim-das-am-ricas-1-etapa","nome":"Jardim das Américas 1ª Etapa","lat":-16.291704,"lon":-48.952261},"geometry":{"type":"Polygon","coordinates":[[[-48.9547119,-16.2955994],[-48.9548889,-16.2953174],[-48.9550068,-16.2950453],[-48.9551551,-16.2947909],[-48.9552636,-16.2945932],[-48.9550447,-16.2944254],[-48.9549811,-16.2943819],[-48.9544142,-16.2939807],[-48.9540116,-16.2937096],[-48.9536593,-16.2934723],[-48.9536362,-16.2933233],[-48.9536058,-16.2931273],[-48.9534919,-16.292392],[-48.9534607,-16.2921913],[-48.9532947,-16.2911202],[-48.9531963,-16.2904854],[-48.9530977,-16.2898488],[-48.9529952,-16.2891877],[-48.9528275,-16.2881058],[-48.952719,-16.2874059],[-48.9525918,-16.286584],[-48.9524639,-16.2857597],[-48.9523358,-16.2849338],[-48.9522203,-16.2841883],[-48.949459,-16.2851088],[-48.9494549,-16.2853907],[-48.9494618,-16.2862108],[-48.9494093,-16.2870624],[-48.9493522,-16.2879409],[-48.9493107,-16.288611],[-48.9492392,-16.2897469],[-48.9491973,-16.290413],[-48.9491698,-16.2908498],[-48.9491558,-16.2910722],[-48.9491398,-16.2913267],[-48.9491334,-16.2914278],[-48.9491142,-16.291734],[-48.9490474,-16.2928024],[-48.9501427,-16.2927662],[-48.9508628,-16.2927662],[-48.9511769,-16.2955317],[-48.9511825,-16.2955684],[-48.9521723,-16.2955516],[-48.9532211,-16.2955223],[-48.9532311,-16.2955797],[-48.9539906,-16.2955601],[-48.9541944,-16.2955626],[-48.9545648,-16.2956611],[-48.9547178,-16.2957004],[-48.9548962,-16.2957528],[-48.9547119,-16.2955994]]]}},{"type":"Feature","properties":{"id":"jardim-das-am-ricas-2-etapa","nome":"Jardim das Américas 2 Etapa","lat":-16.288835,"lon":-48.946431},"geometry":{"type":"Polygon","coordinates":[[[-48.9491698,-16.2908498],[-48.9491973,-16.290413],[-48.9492392,-16.2897469],[-48.9493107,-16.288611],[-48.9493522,-16.2879409],[-48.9494093,-16.2870624],[-48.9494618,-16.2862108],[-48.9494549,-16.2853907],[-48.949459,-16.2851088],[-48.9486928,-16.2853618],[-48.9480264,-16.2855818],[-48.9473322,-16.2858099],[-48.9466775,-16.2860251],[-48.9460058,-16.2862459],[-48.9453445,-16.2864632],[-48.9447772,-16.2866497],[-48.9417801,-16.2875618],[-48.9418042,-16.2876555],[-48.9418303,-16.2878841],[-48.9420703,-16.2896578],[-48.9431851,-16.2895559],[-48.9430613,-16.2904324],[-48.9447176,-16.2903644],[-48.9453405,-16.292919],[-48.945397,-16.2929229],[-48.946494,-16.2928867],[-48.9463699,-16.2921018],[-48.9462632,-16.2914316],[-48.946251,-16.2913546],[-48.9461749,-16.290877],[-48.94628,-16.2908251],[-48.9478612,-16.2908078],[-48.9491698,-16.2908498]]]}},{"type":"Feature","properties":{"id":"jardim-das-am-ricas-3-etapa","nome":"Jardim das Américas 3 Etapa","lat":-16.283302,"lon":-48.941363},"geometry":{"type":"Polygon","coordinates":[[[-48.9405826,-16.2876547],[-48.9407868,-16.2875956],[-48.9415551,-16.2873432],[-48.9419261,-16.2871664],[-48.9424801,-16.2869175],[-48.9431069,-16.2866722],[-48.9432953,-16.2865809],[-48.9434352,-16.2864055],[-48.9434837,-16.2862945],[-48.9434949,-16.2862049],[-48.9434882,-16.2861288],[-48.9437563,-16.285756],[-48.9438562,-16.2856326],[-48.9440386,-16.2852413],[-48.9444462,-16.285162],[-48.9444574,-16.2847478],[-48.9451097,-16.2847178],[-48.9450278,-16.2841376],[-48.9447646,-16.282565],[-48.9439865,-16.2827053],[-48.9433154,-16.2828585],[-48.9429087,-16.2829267],[-48.942381,-16.2807312],[-48.9422601,-16.2802284],[-48.9421353,-16.2797094],[-48.9417661,-16.2781734],[-48.9416435,-16.2776631],[-48.9416187,-16.2775599],[-48.9414126,-16.2776119],[-48.9407409,-16.2777685],[-48.9406227,-16.2780614],[-48.9405906,-16.2781408],[-48.9403704,-16.2786864],[-48.9402439,-16.2789999],[-48.940121,-16.2793045],[-48.9400001,-16.2796041],[-48.9398864,-16.2798857],[-48.9396807,-16.2803954],[-48.9396364,-16.2804989],[-48.9393755,-16.2811828],[-48.9392453,-16.2814327],[-48.9387009,-16.282823],[-48.9387761,-16.2832375],[-48.9388134,-16.2834432],[-48.938891,-16.2838712],[-48.9389321,-16.2840978],[-48.938998,-16.284461],[-48.9390495,-16.2847446],[-48.9391133,-16.2850965],[-48.9391654,-16.2853839],[-48.9392805,-16.2860183],[-48.9393812,-16.2864787],[-48.9395274,-16.2865925],[-48.9399284,-16.2869472],[-48.9403039,-16.2872665],[-48.9404607,-16.2874034],[-48.9405826,-16.2876547]]]}},{"type":"Feature","properties":{"id":"jardim-das-oliveiras","nome":"Jardim das Oliveiras","lat":-16.329065,"lon":-48.977804},"geometry":{"type":"Polygon","coordinates":[[[-48.9768605,-16.3323973],[-48.9764465,-16.3318398],[-48.975978,-16.3312539],[-48.97563,-16.3308543],[-48.9753384,-16.3305307],[-48.9753994,-16.3303484],[-48.9753198,-16.3301434],[-48.9752506,-16.3299384],[-48.9752491,-16.3298307],[-48.9755246,-16.3297231],[-48.9757487,-16.329629],[-48.9759449,-16.329508],[-48.9762157,-16.3294587],[-48.9765976,-16.3294267],[-48.9770659,-16.3291546],[-48.9771768,-16.3289772],[-48.9772686,-16.3285527],[-48.9772686,-16.3284441],[-48.977304,-16.3282742],[-48.9773252,-16.3281588],[-48.9773394,-16.3280501],[-48.9773465,-16.3278395],[-48.9773606,-16.3276493],[-48.9772686,-16.3273368],[-48.9772544,-16.3271262],[-48.9772969,-16.3269292],[-48.977304,-16.3265624],[-48.977304,-16.326413],[-48.9773252,-16.3263247],[-48.9773622,-16.3261796],[-48.9777323,-16.3262379],[-48.9784546,-16.3263517],[-48.9788899,-16.3263051],[-48.9796048,-16.3261612],[-48.9806123,-16.3259583],[-48.9808224,-16.325916],[-48.9815901,-16.3277693],[-48.981348,-16.3279454],[-48.9806727,-16.3284884],[-48.9802493,-16.3288632],[-48.9801799,-16.3289391],[-48.9800412,-16.3290909],[-48.9797602,-16.3294237],[-48.9794996,-16.3298488],[-48.9793473,-16.3300834],[-48.9791982,-16.3303248],[-48.9790831,-16.3305571],[-48.9788394,-16.3309404],[-48.9787388,-16.3310773],[-48.9784315,-16.3314358],[-48.9782574,-16.3315739],[-48.9780957,-16.3317145],[-48.9775195,-16.3321001],[-48.9772452,-16.332247],[-48.9769554,-16.3323845],[-48.9768605,-16.3323973]]]}},{"type":"Feature","properties":{"id":"jardim-dos-ip-s","nome":"Jardim dos Ipês","lat":-16.27832,"lon":-48.93626},"geometry":{"type":"Polygon","coordinates":[[[-48.9393812,-16.2864787],[-48.9392805,-16.2860183],[-48.9391654,-16.2853839],[-48.9391133,-16.2850965],[-48.9390495,-16.2847446],[-48.938998,-16.284461],[-48.9389321,-16.2840978],[-48.938891,-16.2838712],[-48.9388134,-16.2834432],[-48.9387761,-16.2832375],[-48.9387009,-16.282823],[-48.9385346,-16.2822455],[-48.9384005,-16.2817957],[-48.9382488,-16.2813447],[-48.9382015,-16.2813123],[-48.9380459,-16.2808592],[-48.9374397,-16.279044],[-48.9367504,-16.277131],[-48.9367045,-16.2770055],[-48.937033,-16.2767608],[-48.9368427,-16.2764036],[-48.9367566,-16.276242],[-48.9365578,-16.2758688],[-48.9362204,-16.2752354],[-48.9361233,-16.2750269],[-48.9358497,-16.2742373],[-48.935616,-16.2735685],[-48.9355635,-16.2734116],[-48.9355559,-16.2733896],[-48.9354267,-16.2730166],[-48.9352328,-16.2724573],[-48.9351936,-16.2714527],[-48.9351555,-16.2712452],[-48.935088,-16.2708146],[-48.9349667,-16.2702488],[-48.9345322,-16.2701947],[-48.9342533,-16.2701767],[-48.9339394,-16.2704496],[-48.933757,-16.2705268],[-48.9336658,-16.2704908],[-48.9336444,-16.2703131],[-48.9334995,-16.2703312],[-48.9333896,-16.2703466],[-48.9333413,-16.2703826],[-48.9341383,-16.2729653],[-48.9312523,-16.2750303],[-48.9306529,-16.2753884],[-48.9322386,-16.2774362],[-48.9323468,-16.2775758],[-48.9324154,-16.2776357],[-48.933653,-16.2792091],[-48.9336407,-16.2792535],[-48.9349568,-16.2809576],[-48.935033,-16.2809955],[-48.9371295,-16.2836585],[-48.9372184,-16.2836521],[-48.9373633,-16.2838465],[-48.9375644,-16.2840995],[-48.9376076,-16.2841558],[-48.9378575,-16.284481],[-48.9379175,-16.2845591],[-48.9382712,-16.2850195],[-48.9386173,-16.28547],[-48.9390069,-16.2859771],[-48.9393562,-16.2864452],[-48.9393812,-16.2864787]]]}},{"type":"Feature","properties":{"id":"jardim-eldorado","nome":"Jardim Eldorado","lat":-16.35413,"lon":-48.931827},"geometry":{"type":"Polygon","coordinates":[[[-48.9323193,-16.3520234],[-48.9325946,-16.3524121],[-48.9324529,-16.3525422],[-48.9327549,-16.3528792],[-48.9329498,-16.3533886],[-48.9328065,-16.353516],[-48.9332377,-16.3539801],[-48.9334006,-16.3541589],[-48.9332478,-16.3542923],[-48.9333992,-16.3547146],[-48.9325425,-16.3554556],[-48.931404,-16.3564404],[-48.9309457,-16.3559129],[-48.9305162,-16.3554186],[-48.9304256,-16.3553212],[-48.9301236,-16.3546412],[-48.9301113,-16.3544165],[-48.9301914,-16.3540972],[-48.9304995,-16.3536301],[-48.9306197,-16.3533594],[-48.9323193,-16.3520234]]]}},{"type":"Feature","properties":{"id":"jardim-esperan-a","nome":"Jardim Esperança","lat":-16.40945,"lon":-48.895769},"geometry":{"type":"Polygon","coordinates":[[[-48.8965309,-16.4149267],[-48.8919543,-16.4109799],[-48.8887294,-16.4082086],[-48.8877525,-16.4072974],[-48.8906409,-16.4058823],[-48.8912194,-16.4056631],[-48.892808,-16.4048407],[-48.8931498,-16.4050215],[-48.8927098,-16.4055076],[-48.8937934,-16.4064751],[-48.8947805,-16.4054973],[-48.8971788,-16.4077577],[-48.897703,-16.4082266],[-48.8977172,-16.4082393],[-48.8978033,-16.4083375],[-48.8978317,-16.4082924],[-48.8980886,-16.408321],[-48.8981652,-16.4090763],[-48.8982469,-16.4098805],[-48.8983306,-16.4107058],[-48.8984051,-16.4114394],[-48.8983943,-16.4115629],[-48.8983974,-16.4116297],[-48.8984289,-16.4123072],[-48.8985392,-16.4129369],[-48.8982576,-16.41314],[-48.8977263,-16.4135231],[-48.8972328,-16.4139476],[-48.896794,-16.4144286],[-48.8965309,-16.4149267]]]}},{"type":"Feature","properties":{"id":"jardim-flor-de-liz","nome":"Jardim Flor de Liz","lat":-16.345586,"lon":-48.909842},"geometry":{"type":"Polygon","coordinates":[[[-48.9116332,-16.3426911],[-48.911731,-16.3428127],[-48.9116612,-16.3430366],[-48.9116371,-16.3441845],[-48.9116908,-16.3444548],[-48.9116559,-16.3449618],[-48.9117283,-16.3452629],[-48.9117176,-16.3455898],[-48.9117417,-16.3462101],[-48.9118168,-16.3466759],[-48.911849,-16.3470517],[-48.9117954,-16.3473297],[-48.9110658,-16.348614],[-48.9105845,-16.3493581],[-48.9096818,-16.34865],[-48.9095067,-16.3485125],[-48.9070183,-16.3465576],[-48.9055244,-16.3454019],[-48.9053353,-16.3452568],[-48.9054734,-16.3450551],[-48.9065051,-16.3446067],[-48.9074665,-16.3442449],[-48.9077544,-16.344138],[-48.9096229,-16.3434075],[-48.9116332,-16.3426911]]]}},{"type":"Feature","properties":{"id":"jardim-goiano","nome":"Jardim Goiano","lat":-16.335273,"lon":-48.968194},"geometry":{"type":"Polygon","coordinates":[[[-48.9661772,-16.3359421],[-48.9661312,-16.3355651],[-48.9661135,-16.3352119],[-48.9660038,-16.3350896],[-48.9659648,-16.3347258],[-48.9664707,-16.3346629],[-48.9666431,-16.3346417],[-48.9674335,-16.3345929],[-48.9675444,-16.3345387],[-48.9678106,-16.3341011],[-48.9678781,-16.3339586],[-48.9679028,-16.3336019],[-48.9682255,-16.333646],[-48.9682053,-16.3333626],[-48.9688381,-16.3335922],[-48.9689937,-16.3337363],[-48.9693584,-16.3339731],[-48.9695241,-16.3341624],[-48.9696154,-16.3345073],[-48.9698406,-16.3345941],[-48.9699259,-16.3345766],[-48.9700123,-16.3349809],[-48.9701089,-16.3351765],[-48.9702162,-16.3355111],[-48.9703073,-16.3357222],[-48.9704576,-16.3357634],[-48.9706648,-16.3361204],[-48.9701107,-16.3363934],[-48.9696358,-16.3365172],[-48.969297,-16.3365833],[-48.9689083,-16.3366591],[-48.9684423,-16.33675],[-48.9680356,-16.3368293],[-48.9676742,-16.3368739],[-48.9675651,-16.3368328],[-48.9671353,-16.3366775],[-48.9665948,-16.3364319],[-48.9659965,-16.3361903],[-48.9658162,-16.3360867],[-48.9661843,-16.336029],[-48.9661772,-16.3359421]]]}},{"type":"Feature","properties":{"id":"jardim-gon-alves","nome":"Jardim Gonçalves","lat":-16.350021,"lon":-48.957371},"geometry":{"type":"Polygon","coordinates":[[[-48.9577816,-16.3537673],[-48.9583715,-16.3538606],[-48.9583315,-16.353719],[-48.9582811,-16.3533371],[-48.9583078,-16.3532117],[-48.9583468,-16.3531644],[-48.95846,-16.3527229],[-48.9584565,-16.3525803],[-48.9585202,-16.3522611],[-48.9585057,-16.3521555],[-48.9584741,-16.3520904],[-48.9585373,-16.3516964],[-48.9586557,-16.3512646],[-48.9587428,-16.3511233],[-48.9588676,-16.351045],[-48.958302,-16.3499942],[-48.9582149,-16.3498522],[-48.9583698,-16.3494344],[-48.9584253,-16.3485997],[-48.9584354,-16.3482075],[-48.9584317,-16.3474652],[-48.9584504,-16.346609],[-48.9584488,-16.3460006],[-48.9579203,-16.3459895],[-48.9577123,-16.3460016],[-48.9575357,-16.3460119],[-48.9572107,-16.3460308],[-48.9567194,-16.3460616],[-48.9567659,-16.3467568],[-48.9561839,-16.3475299],[-48.9558866,-16.3480533],[-48.9555762,-16.3485862],[-48.9553487,-16.3488778],[-48.9555526,-16.3489092],[-48.9555342,-16.3489771],[-48.9551092,-16.3496784],[-48.9549784,-16.3497703],[-48.9549177,-16.3501422],[-48.9546259,-16.3501041],[-48.954552,-16.350485],[-48.9556714,-16.3506591],[-48.9567176,-16.3508215],[-48.9567999,-16.3508343],[-48.9578013,-16.3509902],[-48.9579063,-16.3511203],[-48.9578761,-16.3516524],[-48.9578114,-16.3527611],[-48.9577816,-16.3537673]]]}},{"type":"Feature","properties":{"id":"jardim-ibirapuera","nome":"Jardim Ibirapuera","lat":-16.340193,"lon":-48.90449},"geometry":{"type":"Polygon","coordinates":[[[-48.9040491,-16.3440764],[-48.9040959,-16.3440019],[-48.9040492,-16.3438975],[-48.9040333,-16.3437787],[-48.904062,-16.3436352],[-48.9041332,-16.3435175],[-48.9042486,-16.3434226],[-48.9042185,-16.3432969],[-48.9042185,-16.3430807],[-48.9042457,-16.3425609],[-48.9042607,-16.3422751],[-48.9055838,-16.3419611],[-48.9057325,-16.341749],[-48.9053987,-16.3413691],[-48.9054735,-16.3413707],[-48.9054921,-16.3407277],[-48.9053883,-16.3407237],[-48.9054053,-16.3400793],[-48.9054224,-16.3394299],[-48.9054393,-16.3387906],[-48.9054232,-16.3380951],[-48.9054546,-16.3374873],[-48.9055171,-16.3368223],[-48.9055349,-16.3366733],[-48.9052643,-16.3367074],[-48.9048377,-16.3367898],[-48.9047116,-16.3368155],[-48.9045829,-16.3368773],[-48.9045266,-16.3369494],[-48.9045136,-16.337027],[-48.9040009,-16.3370163],[-48.903835,-16.3370703],[-48.9036711,-16.33732],[-48.9035906,-16.3377472],[-48.9035538,-16.3386884],[-48.9033392,-16.3390333],[-48.9035771,-16.3400027],[-48.903489,-16.3406253],[-48.9033844,-16.341279],[-48.9033146,-16.3419199],[-48.9030326,-16.3432219],[-48.9040491,-16.3440764]]]}},{"type":"Feature","properties":{"id":"jardim-it-lia","nome":"Jardim Itália","lat":-16.321292,"lon":-48.906191},"geometry":{"type":"Polygon","coordinates":[[[-48.9105327,-16.3206721],[-48.9087915,-16.3194289],[-48.9086485,-16.319363],[-48.9085798,-16.3195937],[-48.9084637,-16.3195654],[-48.9082438,-16.3193388],[-48.9078519,-16.319056],[-48.9077139,-16.3189564],[-48.9074463,-16.3187632],[-48.9073152,-16.3186686],[-48.9069569,-16.31841],[-48.9064543,-16.3180472],[-48.9054605,-16.3173298],[-48.9049452,-16.3169579],[-48.9045731,-16.3166948],[-48.9041894,-16.3171696],[-48.903845,-16.3176059],[-48.903482,-16.318066],[-48.9031423,-16.3184966],[-48.9027723,-16.3189655],[-48.9026927,-16.3190665],[-48.9023246,-16.3195329],[-48.9019713,-16.3199807],[-48.9016523,-16.320385],[-48.9016196,-16.3204264],[-48.9010072,-16.3212025],[-48.9012539,-16.3216813],[-48.9018011,-16.3224381],[-48.9021444,-16.3227985],[-48.9029736,-16.3233993],[-48.903743,-16.3239568],[-48.9056045,-16.3253056],[-48.9058837,-16.3249525],[-48.9062804,-16.3252438],[-48.9063482,-16.3253699],[-48.9064874,-16.3254009],[-48.906898,-16.3254816],[-48.907205,-16.3253996],[-48.9078606,-16.325993],[-48.9080295,-16.3255621],[-48.9081234,-16.3249942],[-48.9083058,-16.3242689],[-48.9083487,-16.3240984],[-48.9085982,-16.3235028],[-48.908787,-16.3232619],[-48.9091909,-16.3228835],[-48.9095396,-16.3227393],[-48.9099795,-16.3223481],[-48.9103523,-16.3213354],[-48.9105937,-16.3209338],[-48.9107129,-16.3207978],[-48.9105327,-16.3206721]]]}},{"type":"Feature","properties":{"id":"jardim-leblon","nome":"Jardim Leblon","lat":-16.359108,"lon":-48.906582},"geometry":{"type":"Polygon","coordinates":[[[-48.9086921,-16.3563022],[-48.908591,-16.3571389],[-48.9085049,-16.357851],[-48.9084916,-16.3579613],[-48.9084339,-16.358439],[-48.9084124,-16.3586167],[-48.9084068,-16.358796],[-48.9084294,-16.3594168],[-48.9084754,-16.3606845],[-48.9083903,-16.3607141],[-48.9082493,-16.3607632],[-48.907991,-16.3608878],[-48.9075023,-16.3610925],[-48.9070219,-16.3612937],[-48.9081886,-16.3626762],[-48.9078579,-16.3630214],[-48.9075426,-16.3633505],[-48.9072282,-16.3636787],[-48.9071698,-16.3636842],[-48.9071151,-16.3636645],[-48.9056123,-16.3618731],[-48.9044486,-16.360486],[-48.9043613,-16.3603785],[-48.9034933,-16.3593557],[-48.9028197,-16.3585634],[-48.9028444,-16.3584924],[-48.903198,-16.358222],[-48.9035588,-16.3579461],[-48.9039491,-16.3576477],[-48.9043265,-16.3573591],[-48.9047138,-16.357063],[-48.9050558,-16.3568014],[-48.9051372,-16.356708],[-48.9057614,-16.3566423],[-48.9061552,-16.3566238],[-48.9062579,-16.3566276],[-48.9064625,-16.3565999],[-48.9068379,-16.3565812],[-48.9074339,-16.3565267],[-48.9080502,-16.3564801],[-48.908677,-16.3564268],[-48.9086921,-16.3563022]]]}},{"type":"Feature","properties":{"id":"jardim-luzitano","nome":"Jardim Luzitano","lat":-16.351337,"lon":-48.886212},"geometry":{"type":"Polygon","coordinates":[[[-48.8910332,-16.3492941],[-48.8900749,-16.3491393],[-48.8894154,-16.3488496],[-48.8885878,-16.3486744],[-48.8877777,-16.3485111],[-48.8870079,-16.3483318],[-48.8855266,-16.3480269],[-48.8855128,-16.3480532],[-48.8851732,-16.3484457],[-48.8850458,-16.3489382],[-48.8849357,-16.3492212],[-48.8848523,-16.3495683],[-48.8846789,-16.3503105],[-48.8844732,-16.3511771],[-48.8843018,-16.3519184],[-48.884008,-16.3531883],[-48.8837302,-16.3543896],[-48.8834528,-16.3555887],[-48.8832798,-16.3563366],[-48.8831983,-16.3567402],[-48.8833728,-16.3566137],[-48.8848163,-16.3551471],[-48.886249,-16.3537653],[-48.8872116,-16.3528352],[-48.8882013,-16.3519222],[-48.8886972,-16.3514599],[-48.8891579,-16.3509807],[-48.8901671,-16.349997],[-48.8910332,-16.3492941]]]}},{"type":"Feature","properties":{"id":"jardim-na-es-unidas","nome":"Jardim Nações Unidas","lat":-16.339647,"lon":-48.965464},"geometry":{"type":"Polygon","coordinates":[[[-48.9656296,-16.3360781],[-48.9649091,-16.3366492],[-48.9648571,-16.3365689],[-48.964626,-16.3367459],[-48.9640961,-16.3371519],[-48.9638622,-16.3373271],[-48.9637603,-16.3373838],[-48.9636048,-16.3374301],[-48.9634009,-16.3374558],[-48.9631756,-16.3374404],[-48.9628846,-16.3373812],[-48.9628887,-16.3374893],[-48.9629677,-16.337811],[-48.9631765,-16.3384129],[-48.9631995,-16.338572],[-48.9632059,-16.3386163],[-48.9631847,-16.3387845],[-48.963121,-16.3390075],[-48.963002,-16.3397932],[-48.9628744,-16.340433],[-48.9627574,-16.3410405],[-48.9640247,-16.3419086],[-48.9643364,-16.3421024],[-48.964497,-16.3422022],[-48.9649743,-16.3426081],[-48.9651896,-16.3427719],[-48.9658685,-16.3425423],[-48.9659627,-16.3425023],[-48.9660409,-16.3424794],[-48.9663043,-16.3426218],[-48.9665377,-16.3425275],[-48.9668754,-16.3435867],[-48.9676314,-16.3442403],[-48.9676611,-16.3439783],[-48.9677572,-16.3435203],[-48.9678724,-16.3430023],[-48.9680446,-16.3423364],[-48.9680664,-16.342252],[-48.9682225,-16.3417264],[-48.9684094,-16.3411267],[-48.9681068,-16.3407907],[-48.9677595,-16.3404242],[-48.9676869,-16.3402088],[-48.9673807,-16.339578],[-48.96694,-16.3387077],[-48.9667938,-16.3381489],[-48.966688,-16.3377238],[-48.9666529,-16.3375829],[-48.9666108,-16.3374137],[-48.966553,-16.3371313],[-48.9665327,-16.3370324],[-48.9660639,-16.3362962],[-48.9659965,-16.3361903],[-48.9658162,-16.3360867],[-48.9656296,-16.3360781]]]}},{"type":"Feature","properties":{"id":"jardim-nova-alexandrina","nome":"Jardim Nova Alexandrina","lat":-16.301402,"lon":-48.960144},"geometry":{"type":"Polygon","coordinates":[[[-48.9622159,-16.3013408],[-48.9621847,-16.3012636],[-48.9621181,-16.3010989],[-48.9619272,-16.3008144],[-48.9618532,-16.3006908],[-48.961816,-16.3006865],[-48.9611384,-16.300608],[-48.9608611,-16.3006938],[-48.960784,-16.3007766],[-48.9606577,-16.300818],[-48.9604973,-16.3006285],[-48.9595584,-16.2995187],[-48.9595097,-16.2994612],[-48.9592504,-16.2996508],[-48.9588443,-16.3001392],[-48.9582216,-16.3010283],[-48.9578473,-16.3015626],[-48.9572238,-16.3024525],[-48.9578018,-16.3027045],[-48.9583309,-16.3029352],[-48.9586456,-16.3030724],[-48.959035,-16.3032421],[-48.9595722,-16.3034763],[-48.9599787,-16.3028581],[-48.960511,-16.3022973],[-48.9606988,-16.3021325],[-48.9610957,-16.3018288],[-48.9618414,-16.3014889],[-48.9622159,-16.3013408]]]}},{"type":"Feature","properties":{"id":"jardim-para-so-2-etapa","nome":"Jardim Paraíso 2 Etapa","lat":-16.365934,"lon":-48.984536},"geometry":{"type":"Polygon","coordinates":[[[-48.9852774,-16.3652084],[-48.985377,-16.3653883],[-48.9856666,-16.3659133],[-48.986132,-16.3669587],[-48.9863426,-16.3674317],[-48.985977,-16.3674714],[-48.9855055,-16.3675225],[-48.9850169,-16.3675756],[-48.9845282,-16.3676286],[-48.9844772,-16.3677045],[-48.9844261,-16.3677806],[-48.9832159,-16.3679044],[-48.9832681,-16.3669253],[-48.9833868,-16.3638416],[-48.9832754,-16.36359],[-48.9832612,-16.3634964],[-48.9835606,-16.3633327],[-48.9836735,-16.3634625],[-48.9838091,-16.3636013],[-48.9852774,-16.3652084]]]}},{"type":"Feature","properties":{"id":"jardim-petr-polis","nome":"Jardim Petrópolis","lat":-16.325243,"lon":-48.972874},"geometry":{"type":"Polygon","coordinates":[[[-48.9701454,-16.3274595],[-48.9701253,-16.3270233],[-48.9701161,-16.3267158],[-48.9701068,-16.3263994],[-48.9700999,-16.3260811],[-48.9700914,-16.3257844],[-48.9701438,-16.3257844],[-48.9701315,-16.3255154],[-48.9701377,-16.3251901],[-48.9701007,-16.3248737],[-48.9702888,-16.3248507],[-48.9702324,-16.3240981],[-48.9702068,-16.3237565],[-48.9701998,-16.3236633],[-48.9702163,-16.32308],[-48.9704903,-16.3229761],[-48.9709838,-16.3230018],[-48.9715203,-16.3231305],[-48.9719148,-16.3232758],[-48.9722874,-16.3235887],[-48.9728016,-16.3237972],[-48.9729848,-16.3238358],[-48.9733388,-16.3237586],[-48.9735472,-16.3238075],[-48.9738959,-16.3237818],[-48.97424,-16.3238873],[-48.9742615,-16.323702],[-48.9743688,-16.3236299],[-48.9748615,-16.3236067],[-48.9750132,-16.3236579],[-48.9749133,-16.3241089],[-48.974861,-16.3243648],[-48.9749393,-16.3243609],[-48.9748352,-16.3250556],[-48.9748132,-16.3252026],[-48.9747547,-16.3252248],[-48.9747222,-16.3256813],[-48.9747435,-16.3257586],[-48.9752687,-16.3258433],[-48.9764989,-16.3260417],[-48.9765221,-16.3260454],[-48.9770196,-16.3261256],[-48.9767916,-16.3261718],[-48.975354,-16.3269479],[-48.9752518,-16.3269991],[-48.9750063,-16.3270838],[-48.974759,-16.3271413],[-48.9739308,-16.3271984],[-48.9732385,-16.3272461],[-48.9727594,-16.3272792],[-48.9721853,-16.3273188],[-48.9716222,-16.3273576],[-48.9710822,-16.3273949],[-48.9704757,-16.3274367],[-48.9701454,-16.3274595]]]}},{"type":"Feature","properties":{"id":"jardim-primavera-1-etapa","nome":"Jardim Primavera 1 Etapa","lat":-16.301239,"lon":-48.895703},"geometry":{"type":"Polygon","coordinates":[[[-48.8990378,-16.3071615],[-48.8991854,-16.306853],[-48.899074,-16.3060944],[-48.8988385,-16.3046458],[-48.8987231,-16.3037596],[-48.8987092,-16.3036529],[-48.8986369,-16.3030976],[-48.8985042,-16.3020788],[-48.8983969,-16.301255],[-48.8983575,-16.3009528],[-48.8982846,-16.3003932],[-48.8981787,-16.2995795],[-48.8980438,-16.2995836],[-48.8974699,-16.2993024],[-48.896435,-16.2984635],[-48.8960913,-16.298255],[-48.8955777,-16.2979455],[-48.8938485,-16.2969919],[-48.8914007,-16.2964055],[-48.8888387,-16.2981035],[-48.8887795,-16.2982262],[-48.888862,-16.2982961],[-48.8900446,-16.2992979],[-48.8917095,-16.3007561],[-48.8940568,-16.3028534],[-48.8942579,-16.303033],[-48.8943397,-16.3031037],[-48.8960003,-16.3045376],[-48.8990378,-16.3071615]]]}},{"type":"Feature","properties":{"id":"jardim-primavera-2-etapa","nome":"Jardim Primavera 2 Etapa","lat":-16.305225,"lon":-48.890326},"geometry":{"type":"Polygon","coordinates":[[[-48.897495,-16.3060591],[-48.8957486,-16.3068031],[-48.8953803,-16.3069719],[-48.8943494,-16.3070124],[-48.8942132,-16.3067095],[-48.8934703,-16.3051127],[-48.8888977,-16.3072422],[-48.8888282,-16.3072746],[-48.8883936,-16.3074763],[-48.8879134,-16.3076991],[-48.8877791,-16.307751],[-48.8866393,-16.3082051],[-48.8856742,-16.306592],[-48.8856398,-16.3065105],[-48.8851607,-16.3053742],[-48.8851135,-16.3052622],[-48.884946,-16.3047376],[-48.8848162,-16.3045572],[-48.8844842,-16.3037847],[-48.8843417,-16.3034533],[-48.8903806,-16.3009515],[-48.8914544,-16.3005358],[-48.8917095,-16.3007561],[-48.8940568,-16.3028534],[-48.8942579,-16.303033],[-48.8943397,-16.3031037],[-48.8960003,-16.3045376],[-48.897633,-16.3059474],[-48.897495,-16.3060591]]]}},{"type":"Feature","properties":{"id":"jardim-progresso","nome":"Jardim Progresso","lat":-16.286987,"lon":-48.96065},"geometry":{"type":"Polygon","coordinates":[[[-48.9609639,-16.2937778],[-48.9607145,-16.2938524],[-48.9604516,-16.29394],[-48.9602719,-16.2940558],[-48.9601255,-16.2941631],[-48.9600225,-16.2942386],[-48.9598481,-16.2943493],[-48.9596872,-16.2944317],[-48.9595262,-16.2944858],[-48.9592634,-16.2945347],[-48.9590274,-16.2945476],[-48.9588034,-16.2945125],[-48.9587274,-16.2943143],[-48.9580953,-16.2908051],[-48.9568361,-16.2840439],[-48.956643,-16.2829105],[-48.9566227,-16.2827744],[-48.9566925,-16.2827525],[-48.9573584,-16.2825137],[-48.9579861,-16.2822562],[-48.9586084,-16.2818546],[-48.9595444,-16.281198],[-48.9599736,-16.280938],[-48.9604269,-16.2806136],[-48.960789,-16.2803613],[-48.9609982,-16.2802634],[-48.9615577,-16.2798569],[-48.9614073,-16.2803525],[-48.9614398,-16.2804422],[-48.9614398,-16.2806608],[-48.9614357,-16.2808208],[-48.9614682,-16.2811525],[-48.9615943,-16.2814959],[-48.9616024,-16.2819213],[-48.9616634,-16.282132],[-48.9617,-16.282292],[-48.9618748,-16.2827369],[-48.9620821,-16.2830413],[-48.9622041,-16.2832793],[-48.9621553,-16.2836032],[-48.9620943,-16.283732],[-48.9620049,-16.28397],[-48.9620252,-16.2842159],[-48.9621512,-16.284411],[-48.9620577,-16.2848676],[-48.962009,-16.2850978],[-48.9619195,-16.2852617],[-48.9619335,-16.2855009],[-48.961953,-16.2856976],[-48.9619369,-16.285847],[-48.9619369,-16.2860478],[-48.9618993,-16.2862332],[-48.9617438,-16.2865782],[-48.9617008,-16.2867738],[-48.9616257,-16.2869849],[-48.9615614,-16.2872321],[-48.9614809,-16.2874844],[-48.9615506,-16.2877419],[-48.9615775,-16.2881126],[-48.9615453,-16.2883392],[-48.9614594,-16.2887047],[-48.9613307,-16.2890291],[-48.9613039,-16.2892866],[-48.9612231,-16.2894238],[-48.9611987,-16.2895175],[-48.9612719,-16.2897126],[-48.9611703,-16.2898531],[-48.9609914,-16.2900248],[-48.9608857,-16.2901731],[-48.960658,-16.2903097],[-48.9605117,-16.2904579],[-48.9596608,-16.2908916],[-48.9597036,-16.290986],[-48.9597777,-16.291157],[-48.9599299,-16.2915079],[-48.9600563,-16.2916286],[-48.9605959,-16.2929471],[-48.9609639,-16.2937778]]]}},{"type":"Feature","properties":{"id":"jardim-promiss-o","nome":"Jardim Promissão","lat":-16.236443,"lon":-48.933021},"geometry":{"type":"Polygon","coordinates":[[[-48.9410663,-16.2372464],[-48.9397134,-16.238279],[-48.9386896,-16.239207],[-48.9378368,-16.2397157],[-48.938234,-16.2398686],[-48.9382274,-16.2400926],[-48.9372363,-16.2407572],[-48.9346062,-16.2428907],[-48.9342711,-16.2431693],[-48.9340888,-16.242747],[-48.9340995,-16.2424225],[-48.9339385,-16.2419538],[-48.9337723,-16.2415212],[-48.9335201,-16.241104],[-48.9333431,-16.2408156],[-48.9329944,-16.2401512],[-48.9327906,-16.2400636],[-48.9325492,-16.2397598],[-48.9322917,-16.2395795],[-48.9321737,-16.2393735],[-48.9320074,-16.2391108],[-48.9315353,-16.2386164],[-48.9312993,-16.2382713],[-48.9311759,-16.2378284],[-48.9310096,-16.2375142],[-48.9308808,-16.2372361],[-48.9303176,-16.2368807],[-48.930044,-16.2366695],[-48.9298455,-16.2364686],[-48.9296363,-16.2361493],[-48.9291681,-16.2355863],[-48.9287209,-16.2350789],[-48.9285502,-16.2346417],[-48.9283469,-16.2342514],[-48.9283225,-16.2339704],[-48.9282249,-16.2336347],[-48.9281436,-16.2329477],[-48.9280786,-16.2325964],[-48.9279973,-16.232128],[-48.9279566,-16.2319016],[-48.9277371,-16.2306681],[-48.9297373,-16.2303168],[-48.9302414,-16.2300435],[-48.9323798,-16.2282245],[-48.9329409,-16.228326],[-48.9341686,-16.2295907],[-48.9367055,-16.2303168],[-48.9366974,-16.2311911],[-48.9369584,-16.2317834],[-48.9380569,-16.2335555],[-48.9390581,-16.2348051],[-48.9392216,-16.2350695],[-48.9395076,-16.2354046],[-48.9410663,-16.2372464]]]}},{"type":"Feature","properties":{"id":"jardim-samambaia","nome":"Jardim Samambaia","lat":-16.3467,"lon":-48.963884},"geometry":{"type":"Polygon","coordinates":[[[-48.9613226,-16.3473822],[-48.9621086,-16.3479967],[-48.963031,-16.3487179],[-48.9635276,-16.3491299],[-48.9638886,-16.3488446],[-48.9643346,-16.3486205],[-48.9645682,-16.3481858],[-48.964731,-16.347982],[-48.9649079,-16.3478394],[-48.9653256,-16.34733],[-48.9652902,-16.3471602],[-48.9653814,-16.3470856],[-48.9653129,-16.3467754],[-48.9652858,-16.3466524],[-48.965154,-16.3460549],[-48.9650001,-16.345357],[-48.9649171,-16.3449804],[-48.9646438,-16.3448391],[-48.9644288,-16.3448391],[-48.9641482,-16.3449257],[-48.9641414,-16.3450721],[-48.9637418,-16.3452175],[-48.9634343,-16.345413],[-48.9628935,-16.3457622],[-48.9628593,-16.3457941],[-48.9623644,-16.346269],[-48.9623014,-16.3463294],[-48.9618877,-16.3467743],[-48.9617048,-16.346971],[-48.9613226,-16.3473822]]]}},{"type":"Feature","properties":{"id":"jardim-santa-cec-lia","nome":"Jardim Santa Cecília","lat":-16.343947,"lon":-48.978106},"geometry":{"type":"Polygon","coordinates":[[[-48.974127,-16.3443449],[-48.9747288,-16.3443473],[-48.9752617,-16.344339],[-48.9755024,-16.3444429],[-48.9758681,-16.3445054],[-48.976062,-16.3445632],[-48.9764605,-16.3446821],[-48.9766583,-16.3447411],[-48.9770586,-16.3447811],[-48.9772363,-16.3447988],[-48.9776797,-16.3448156],[-48.9782435,-16.3448415],[-48.9788109,-16.3448639],[-48.9791238,-16.344855],[-48.9794447,-16.3448107],[-48.9799948,-16.3446892],[-48.9805715,-16.3445189],[-48.9810305,-16.344313],[-48.9814285,-16.3441268],[-48.9813601,-16.3434792],[-48.9809777,-16.3432677],[-48.9804075,-16.3429523],[-48.9798408,-16.3428063],[-48.9792288,-16.342659],[-48.9789548,-16.3425857],[-48.9786112,-16.3425108],[-48.9779677,-16.3424776],[-48.9773803,-16.3425265],[-48.9768252,-16.3426988],[-48.9763265,-16.3430557],[-48.974127,-16.3443449]]]}},{"type":"Feature","properties":{"id":"jardim-santana","nome":"Jardim Santana","lat":-16.33487,"lon":-48.971178},"geometry":{"type":"Polygon","coordinates":[[[-48.9706648,-16.3361204],[-48.9704576,-16.3357634],[-48.9703073,-16.3357222],[-48.9702162,-16.3355111],[-48.9701089,-16.3351765],[-48.9700123,-16.3349809],[-48.9699259,-16.3345766],[-48.9704629,-16.3344661],[-48.9710369,-16.3339771],[-48.9715143,-16.3337248],[-48.9715626,-16.3336476],[-48.9717879,-16.3335138],[-48.9719107,-16.3334305],[-48.9728902,-16.3347452],[-48.9726543,-16.3349382],[-48.972285,-16.3352273],[-48.9721953,-16.3353298],[-48.9715068,-16.3356632],[-48.9708749,-16.3360169],[-48.9706648,-16.3361204]]]}},{"type":"Feature","properties":{"id":"jardim-santana-2-etapa","nome":"Jardim Santana 2 Etapa","lat":-16.337489,"lon":-48.970542},"geometry":{"type":"Polygon","coordinates":[[[-48.9675651,-16.3368328],[-48.9675768,-16.3372404],[-48.9674635,-16.3372608],[-48.9674846,-16.3375234],[-48.9677645,-16.3375079],[-48.9678109,-16.338069],[-48.9681426,-16.3380429],[-48.9681917,-16.3385975],[-48.969026,-16.338524],[-48.9691121,-16.3385164],[-48.9691054,-16.338927],[-48.9692715,-16.3388431],[-48.9694571,-16.3388127],[-48.9697067,-16.3387892],[-48.9698631,-16.3388002],[-48.9700118,-16.3388095],[-48.9702807,-16.3388298],[-48.970486,-16.3386329],[-48.970847,-16.3385038],[-48.9712717,-16.3384495],[-48.9715195,-16.3382457],[-48.9718309,-16.3382457],[-48.9720857,-16.3383272],[-48.9723476,-16.3383068],[-48.9724467,-16.3381438],[-48.9727157,-16.3380419],[-48.9729493,-16.3380012],[-48.9732112,-16.3380012],[-48.9734207,-16.3379742],[-48.9731456,-16.3371102],[-48.973258,-16.3370537],[-48.9734135,-16.3368633],[-48.9735825,-16.3365827],[-48.9736275,-16.3364159],[-48.9735935,-16.3358208],[-48.9727845,-16.3358846],[-48.972285,-16.3352273],[-48.9721953,-16.3353298],[-48.9715068,-16.3356632],[-48.9708749,-16.3360169],[-48.9706648,-16.3361204],[-48.9701107,-16.3363934],[-48.9696358,-16.3365172],[-48.969297,-16.3365833],[-48.9689083,-16.3366591],[-48.9684423,-16.33675],[-48.9680356,-16.3368293],[-48.9676742,-16.3368739],[-48.9675651,-16.3368328]]]}},{"type":"Feature","properties":{"id":"jardim-silveira","nome":"Jardim Silveira","lat":-16.327487,"lon":-48.976698},"geometry":{"type":"Polygon","coordinates":[[[-48.9772352,-16.3286947],[-48.9769655,-16.3285833],[-48.9767161,-16.3285446],[-48.9764487,-16.3284553],[-48.9761354,-16.3280168],[-48.9759372,-16.3277349],[-48.9758133,-16.3275141],[-48.9757142,-16.327487],[-48.9756378,-16.3275125],[-48.9755305,-16.3273555],[-48.9753712,-16.3271518],[-48.9752518,-16.3269991],[-48.975354,-16.3269479],[-48.9767916,-16.3261718],[-48.9770196,-16.3261256],[-48.9773622,-16.3261796],[-48.9773252,-16.3263247],[-48.977304,-16.326413],[-48.977304,-16.3265624],[-48.9772969,-16.3269292],[-48.9772544,-16.3271262],[-48.9772686,-16.3273368],[-48.9773606,-16.3276493],[-48.9773465,-16.3278395],[-48.9773394,-16.3280501],[-48.9773252,-16.3281588],[-48.977304,-16.3282742],[-48.9772686,-16.3284441],[-48.9772686,-16.3285527],[-48.9772352,-16.3286947]]]}},{"type":"Feature","properties":{"id":"jardim-sui-o","nome":"Jardim Suiço","lat":-16.335128,"lon":-48.975303},"geometry":{"type":"Polygon","coordinates":[[[-48.9727845,-16.3358846],[-48.9735935,-16.3358208],[-48.9736275,-16.3364159],[-48.9735825,-16.3365827],[-48.9734135,-16.3368633],[-48.973258,-16.3370537],[-48.9731456,-16.3371102],[-48.9734207,-16.3379742],[-48.9736755,-16.3379708],[-48.9738383,-16.3379504],[-48.9739515,-16.3378621],[-48.9741108,-16.3378349],[-48.9742488,-16.3377195],[-48.9742488,-16.3376312],[-48.9743762,-16.3376685],[-48.974355,-16.3373561],[-48.9744435,-16.3372168],[-48.9746771,-16.3370028],[-48.9749956,-16.3369247],[-48.9751867,-16.336901],[-48.9752646,-16.336884],[-48.9753849,-16.3368738],[-48.9754911,-16.3368636],[-48.9756327,-16.3368262],[-48.975753,-16.3367889],[-48.9757343,-16.3366803],[-48.9759007,-16.3365916],[-48.976067,-16.3365679],[-48.9762273,-16.336497],[-48.9765662,-16.3364319],[-48.9766648,-16.3362782],[-48.9768681,-16.3360535],[-48.9770653,-16.3358524],[-48.977281,-16.3357755],[-48.9776938,-16.3357578],[-48.977891,-16.3357874],[-48.9781375,-16.3357578],[-48.978067,-16.3351135],[-48.977935,-16.3343783],[-48.9778316,-16.334404],[-48.9777965,-16.3342062],[-48.9777685,-16.3340481],[-48.9776669,-16.3337633],[-48.9776268,-16.333447],[-48.9775921,-16.3333968],[-48.9772452,-16.332247],[-48.9769554,-16.3323845],[-48.9768605,-16.3323973],[-48.9764465,-16.3318398],[-48.975978,-16.3312539],[-48.97563,-16.3308543],[-48.9753384,-16.3305307],[-48.9751943,-16.3306875],[-48.9749958,-16.3308626],[-48.9748242,-16.3312023],[-48.974454,-16.3319539],[-48.9742502,-16.332129],[-48.9739873,-16.3321959],[-48.9736226,-16.3322886],[-48.9744657,-16.3334739],[-48.9743709,-16.3336986],[-48.9734954,-16.3342715],[-48.973234,-16.3344639],[-48.9728902,-16.3347452],[-48.9726543,-16.3349382],[-48.972285,-16.3352273],[-48.9727845,-16.3358846]]]}},{"type":"Feature","properties":{"id":"jardim-s-o-jorge","nome":"Jardim São Jorge","lat":-16.369582,"lon":-48.955953},"geometry":{"type":"Polygon","coordinates":[[[-48.9573969,-16.3704208],[-48.9563798,-16.3707208],[-48.9561267,-16.370587],[-48.9560022,-16.3704966],[-48.9552068,-16.3698445],[-48.9547478,-16.3694305],[-48.954391,-16.369322],[-48.9542823,-16.3692704],[-48.9541447,-16.368739],[-48.9556489,-16.3685603],[-48.9566493,-16.3684214],[-48.9568059,-16.3686979],[-48.9569594,-16.3691926],[-48.9571943,-16.369757],[-48.9573601,-16.3702743],[-48.9573969,-16.3704208]]]}},{"type":"Feature","properties":{"id":"jardim-s-o-paulo","nome":"Jardim São Paulo","lat":-16.374798,"lon":-48.950739},"geometry":{"type":"Polygon","coordinates":[[[-48.9467177,-16.375197],[-48.9496089,-16.3721773],[-48.9503127,-16.3715683],[-48.9504597,-16.3713261],[-48.9507644,-16.3715229],[-48.9508376,-16.3715702],[-48.9509878,-16.371704],[-48.9512024,-16.3720077],[-48.9512882,-16.3722213],[-48.9513472,-16.3724503],[-48.9513807,-16.3726279],[-48.9513981,-16.3728055],[-48.9513728,-16.3733043],[-48.9513267,-16.3736073],[-48.9512739,-16.3739309],[-48.9512399,-16.3742131],[-48.9512775,-16.3743521],[-48.9514304,-16.3750695],[-48.9515783,-16.3757637],[-48.9519927,-16.3759938],[-48.9523973,-16.3761901],[-48.9524162,-16.37627],[-48.9517254,-16.3775559],[-48.9515541,-16.3779305],[-48.9515271,-16.3779908],[-48.951207,-16.3787047],[-48.9509426,-16.3792944],[-48.9505371,-16.378917],[-48.9496608,-16.3780595],[-48.9486943,-16.37712],[-48.9483958,-16.3768297],[-48.9467852,-16.3752645],[-48.9467177,-16.375197]]]}},{"type":"Feature","properties":{"id":"jardim-tesouro","nome":"Jardim Tesouro","lat":-16.352646,"lon":-48.90517},"geometry":{"type":"Polygon","coordinates":[[[-48.9088555,-16.3487333],[-48.9041194,-16.3547815],[-48.904278,-16.3551157],[-48.9044368,-16.3553114],[-48.9036982,-16.3553298],[-48.9035909,-16.3550724],[-48.9037947,-16.3548768],[-48.9029042,-16.3534355],[-48.9033131,-16.3533507],[-48.9035197,-16.3536442],[-48.9079354,-16.3480205],[-48.9081483,-16.3481762],[-48.9086188,-16.3485451],[-48.9088555,-16.3487333]]]}},{"type":"Feature","properties":{"id":"jardim-vera-cruz","nome":"Jardim Vera Cruz","lat":-16.361889,"lon":-48.916389},"geometry":{"type":"Polygon","coordinates":[[[-48.9212717,-16.3599367],[-48.9141055,-16.3688257],[-48.9140837,-16.3663859],[-48.9128713,-16.3655315],[-48.9127638,-16.3654579],[-48.9130255,-16.365133],[-48.9134487,-16.3646076],[-48.9136206,-16.3643941],[-48.9136649,-16.3643391],[-48.9137469,-16.3642373],[-48.9143208,-16.3635249],[-48.9147233,-16.3630252],[-48.914828,-16.3628952],[-48.9150519,-16.3626174],[-48.9151377,-16.3625107],[-48.9154967,-16.3620651],[-48.9155675,-16.3619773],[-48.9158989,-16.3615658],[-48.9159904,-16.3614522],[-48.9163478,-16.3610086],[-48.9164254,-16.3609121],[-48.916675,-16.3606023],[-48.9168384,-16.3603995],[-48.9172496,-16.359891],[-48.9176031,-16.3594839],[-48.9176959,-16.3594081],[-48.9177566,-16.3593585],[-48.9180073,-16.359189],[-48.9182427,-16.3589477],[-48.9183292,-16.3588158],[-48.9198063,-16.359241],[-48.9203845,-16.3594221],[-48.9206286,-16.3595199],[-48.9209015,-16.3596459],[-48.9210946,-16.3597746],[-48.9212717,-16.3599367]]]}},{"type":"Feature","properties":{"id":"jk-nova-capital","nome":"JK Nova Capital","lat":-16.345714,"lon":-48.933988},"geometry":{"type":"Polygon","coordinates":[[[-48.9323193,-16.3520234],[-48.9325946,-16.3524121],[-48.9324529,-16.3525422],[-48.9327549,-16.3528792],[-48.9329498,-16.3533886],[-48.9328065,-16.353516],[-48.9332377,-16.3539801],[-48.9336831,-16.354469],[-48.933833,-16.3543394],[-48.9342337,-16.3539928],[-48.9344571,-16.3537996],[-48.9341439,-16.3531642],[-48.9343271,-16.3529726],[-48.9346713,-16.3526611],[-48.9349985,-16.3523741],[-48.9353357,-16.3520671],[-48.9355532,-16.3518692],[-48.93567,-16.3517627],[-48.9360566,-16.3514103],[-48.9360297,-16.351381],[-48.9356841,-16.3510054],[-48.9356855,-16.3500422],[-48.9356997,-16.3498097],[-48.9357062,-16.3493125],[-48.9357096,-16.349052],[-48.9366093,-16.3482796],[-48.937118,-16.3477734],[-48.9374376,-16.3474249],[-48.9376863,-16.3480907],[-48.937594,-16.3481328],[-48.9368933,-16.3482876],[-48.9366819,-16.3483343],[-48.9365765,-16.3484271],[-48.9362807,-16.3486877],[-48.9368895,-16.3504687],[-48.9377126,-16.3504642],[-48.9381706,-16.3496114],[-48.938206,-16.349608],[-48.9384785,-16.3491835],[-48.9387758,-16.3487013],[-48.9390696,-16.3481953],[-48.9394094,-16.3476111],[-48.9394679,-16.3475464],[-48.9397739,-16.3470338],[-48.9399721,-16.346633],[-48.9401278,-16.3463681],[-48.940234,-16.3462934],[-48.9405277,-16.3458112],[-48.9409135,-16.3451557],[-48.9410656,-16.3451351],[-48.9412179,-16.3449078],[-48.9412179,-16.3447618],[-48.9409595,-16.3446293],[-48.9412396,-16.3442547],[-48.9406284,-16.3439617],[-48.9405798,-16.3439384],[-48.9412639,-16.3431927],[-48.9412161,-16.3431578],[-48.940549,-16.3428327],[-48.9403472,-16.342758],[-48.9402198,-16.3426867],[-48.94005,-16.3425509],[-48.9398234,-16.3423131],[-48.9397385,-16.3422282],[-48.9392218,-16.3418173],[-48.9390802,-16.341678],[-48.9387758,-16.3414912],[-48.9382414,-16.341138],[-48.9379724,-16.3409886],[-48.9376539,-16.340846],[-48.9375039,-16.3408569],[-48.9363496,-16.3403387],[-48.9358103,-16.3401054],[-48.9351507,-16.33982],[-48.9344819,-16.3395348],[-48.9337927,-16.3392409],[-48.9326258,-16.3387132],[-48.9319553,-16.338412],[-48.9309532,-16.3379403],[-48.9304659,-16.3377197],[-48.9299658,-16.3374933],[-48.9298728,-16.3374595],[-48.9296782,-16.3373888],[-48.9296037,-16.3373652],[-48.9294883,-16.3374846],[-48.929388,-16.3376479],[-48.9293611,-16.3378976],[-48.9294336,-16.3380726],[-48.9296428,-16.3384819],[-48.9296508,-16.3385874],[-48.9296106,-16.3387393],[-48.9296133,-16.3388525],[-48.9296803,-16.3388602],[-48.9297501,-16.3388937],[-48.9297876,-16.3390044],[-48.9297769,-16.3391356],[-48.9298305,-16.3393338],[-48.9298386,-16.3395809],[-48.9297906,-16.3398334],[-48.9297674,-16.3401329],[-48.9297372,-16.3402632],[-48.9295848,-16.3405012],[-48.929601,-16.3407295],[-48.9296311,-16.3408645],[-48.929875,-16.3408166],[-48.9300949,-16.3408063],[-48.9301915,-16.3408577],[-48.9305509,-16.3418461],[-48.9306689,-16.3422167],[-48.9306528,-16.3426337],[-48.9306796,-16.3433492],[-48.9306582,-16.343514],[-48.9306961,-16.3437951],[-48.9305694,-16.3446351],[-48.9302743,-16.3447226],[-48.9298669,-16.3453624],[-48.9299447,-16.3454982],[-48.9299943,-16.3456408],[-48.9301005,-16.3458242],[-48.9302349,-16.3461027],[-48.9303624,-16.3462318],[-48.9304261,-16.3465646],[-48.9302916,-16.3468295],[-48.9302562,-16.347237],[-48.9302703,-16.3474748],[-48.9303128,-16.3478823],[-48.9303128,-16.3481811],[-48.930419,-16.3486091],[-48.9305676,-16.3489079],[-48.9306597,-16.3491728],[-48.9307658,-16.3494309],[-48.9306172,-16.3497773],[-48.930511,-16.3499539],[-48.9305676,-16.3500626],[-48.9307234,-16.3501169],[-48.9309357,-16.3503071],[-48.9310207,-16.350538],[-48.9311481,-16.3511425],[-48.9311127,-16.3513938],[-48.931233,-16.3515093],[-48.9314595,-16.3516112],[-48.9316719,-16.3516927],[-48.9318134,-16.3516859],[-48.9319621,-16.3517131],[-48.9320895,-16.3517742],[-48.9322229,-16.3519768],[-48.9323193,-16.3520234]]]}},{"type":"Feature","properties":{"id":"jk-setor-oeste","nome":"JK Setor Oeste","lat":-16.352126,"lon":-48.945533},"geometry":{"type":"Polygon","coordinates":[[[-48.94645,-16.3505472],[-48.9462602,-16.350445],[-48.9458277,-16.350266],[-48.9444967,-16.3496648],[-48.943797,-16.3493481],[-48.9432349,-16.3506297],[-48.9431476,-16.3508671],[-48.9425158,-16.3523447],[-48.9432478,-16.3526153],[-48.9437617,-16.3527987],[-48.9438883,-16.3528563],[-48.9439988,-16.3529009],[-48.9442692,-16.3530185],[-48.9449134,-16.3532671],[-48.9448446,-16.353545],[-48.9477075,-16.3544602],[-48.9475627,-16.3539043],[-48.9475627,-16.3534822],[-48.9476807,-16.3532145],[-48.9476973,-16.3529191],[-48.947758,-16.3527642],[-48.9478529,-16.3525948],[-48.9479757,-16.3520152],[-48.9458277,-16.351502],[-48.9460344,-16.3511849],[-48.94645,-16.3505472]]]}},{"type":"Feature","properties":{"id":"joquei-club","nome":"Joquei Club","lat":-16.350538,"lon":-48.915976},"geometry":{"type":"Polygon","coordinates":[[[-48.9192695,-16.3503087],[-48.9189641,-16.3519605],[-48.9177227,-16.3524895],[-48.917873,-16.3525688],[-48.9170969,-16.3524631],[-48.9162867,-16.3522736],[-48.9152688,-16.3521297],[-48.914955,-16.3520551],[-48.9146787,-16.3519779],[-48.9142684,-16.3518234],[-48.9138258,-16.3516793],[-48.9128173,-16.3511517],[-48.9124337,-16.3509072],[-48.9137419,-16.349322],[-48.9143931,-16.3488533],[-48.9145956,-16.3486758],[-48.914778,-16.3490258],[-48.9151213,-16.3490412],[-48.9155505,-16.3492368],[-48.9157382,-16.3494067],[-48.9159152,-16.3493913],[-48.9159581,-16.34952],[-48.915985,-16.3496744],[-48.9160869,-16.3498751],[-48.916375,-16.3498771],[-48.9163732,-16.349919],[-48.9172035,-16.3499455],[-48.9184225,-16.3501473],[-48.9187447,-16.3501787],[-48.9188475,-16.3502593],[-48.9192695,-16.3503087]]]}},{"type":"Feature","properties":{"id":"lapa","nome":"Lapa","lat":-16.33204,"lon":-49.012871},"geometry":{"type":"Polygon","coordinates":[[[-49.0125806,-16.3372045],[-49.0124944,-16.3372535],[-49.0119517,-16.3375616],[-49.0112212,-16.3378934],[-49.0104353,-16.3381826],[-49.010393,-16.3380432],[-49.0104576,-16.3377563],[-49.0107682,-16.336376],[-49.012714,-16.3277287],[-49.013288,-16.325376],[-49.0135556,-16.3244639],[-49.0140238,-16.3244887],[-49.0147876,-16.324466],[-49.0146175,-16.3257508],[-49.0148589,-16.3257868],[-49.0147731,-16.3264098],[-49.0145371,-16.3263892],[-49.013491,-16.3363814],[-49.0133714,-16.3365004],[-49.0130955,-16.3367871],[-49.0125806,-16.3372045]]]}},{"type":"Feature","properties":{"id":"las-palmas","nome":"Las Palmas","lat":-16.27472,"lon":-48.973862},"geometry":{"type":"Polygon","coordinates":[[[-48.9747929,-16.277734],[-48.9747524,-16.277714],[-48.9741597,-16.2776207],[-48.9735106,-16.2775205],[-48.9720978,-16.2773468],[-48.9720223,-16.2771589],[-48.9720383,-16.2768384],[-48.9723307,-16.2768561],[-48.9723524,-16.276627],[-48.9722781,-16.2766134],[-48.9723894,-16.2753879],[-48.972408,-16.2752504],[-48.9724222,-16.2751453],[-48.9725062,-16.2745249],[-48.9725692,-16.2740497],[-48.9726159,-16.2736799],[-48.9726743,-16.2732473],[-48.9727127,-16.2729754],[-48.9727713,-16.2727528],[-48.9729513,-16.272704],[-48.9736157,-16.2725642],[-48.974352,-16.2718226],[-48.9747635,-16.2719637],[-48.9750659,-16.2719932],[-48.9753403,-16.2719911],[-48.9758166,-16.2721501],[-48.9764258,-16.2725564],[-48.976382,-16.2730241],[-48.9763602,-16.2731921],[-48.9763708,-16.2742132],[-48.9763519,-16.2743985],[-48.9751951,-16.2768937],[-48.9750369,-16.277252],[-48.9747929,-16.277734]]]}},{"type":"Feature","properties":{"id":"loteamento-guanabara","nome":"Loteamento Guanabara","lat":-16.261442,"lon":-48.982565},"geometry":{"type":"Polygon","coordinates":[[[-48.9796797,-16.2677632],[-48.9772633,-16.2645049],[-48.9776314,-16.2639341],[-48.9783251,-16.2633905],[-48.9789905,-16.2630643],[-48.9791604,-16.2627925],[-48.9793161,-16.2624528],[-48.979401,-16.2622081],[-48.9796983,-16.2618004],[-48.9800381,-16.2616102],[-48.9803637,-16.2614335],[-48.9807884,-16.2611481],[-48.981029,-16.2610394],[-48.9809016,-16.2608083],[-48.9801513,-16.2606181],[-48.9793869,-16.2601424],[-48.9791179,-16.2596259],[-48.9816378,-16.2609986],[-48.9823598,-16.2609306],[-48.9828977,-16.2610394],[-48.9833083,-16.2609442],[-48.9835348,-16.2608763],[-48.9838887,-16.2605637],[-48.9834782,-16.2602511],[-48.9830676,-16.2598978],[-48.9825863,-16.259857],[-48.9822182,-16.260156],[-48.9815953,-16.2601696],[-48.9807318,-16.259857],[-48.979854,-16.2588513],[-48.9805619,-16.2577368],[-48.9813122,-16.2573427],[-48.9814396,-16.257166],[-48.9818643,-16.2569758],[-48.9868758,-16.2593134],[-48.987158,-16.2594533],[-48.9883618,-16.2581867],[-48.9885983,-16.2579378],[-48.9918873,-16.2594629],[-48.9900328,-16.2609986],[-48.9902593,-16.2615014],[-48.9900914,-16.2617511],[-48.988972,-16.2617217],[-48.9878848,-16.2625536],[-48.9863108,-16.2638295],[-48.9808687,-16.2677024],[-48.9807592,-16.2677723],[-48.9802502,-16.2680875],[-48.9797712,-16.2684173],[-48.9796797,-16.2677632]]]}},{"type":"Feature","properties":{"id":"lourdes","nome":"Lourdes","lat":-16.339049,"lon":-48.919081},"geometry":{"type":"Polygon","coordinates":[[[-48.9221659,-16.3284161],[-48.9219553,-16.329837],[-48.9216999,-16.3313144],[-48.9215171,-16.3323722],[-48.9214544,-16.3327354],[-48.9214423,-16.3328051],[-48.9213851,-16.3331413],[-48.9213214,-16.3335151],[-48.9213147,-16.3335543],[-48.9212548,-16.333906],[-48.9211991,-16.3342334],[-48.9211892,-16.3342911],[-48.9211226,-16.3346656],[-48.9210594,-16.335021],[-48.9210553,-16.3351092],[-48.9210472,-16.3352844],[-48.9209661,-16.3370494],[-48.9208762,-16.3390054],[-48.9208265,-16.3400858],[-48.9208233,-16.3401549],[-48.9208153,-16.3403291],[-48.9207943,-16.3407847],[-48.920785,-16.3409875],[-48.920779,-16.3411176],[-48.9207119,-16.342577],[-48.9206969,-16.342904],[-48.9206934,-16.3429794],[-48.9206814,-16.3432412],[-48.9206037,-16.3449306],[-48.9205647,-16.3457788],[-48.9205485,-16.346132],[-48.920533,-16.3464679],[-48.920523,-16.3466857],[-48.920539,-16.3469174],[-48.9206149,-16.348016],[-48.9206737,-16.3488669],[-48.9206827,-16.3489967],[-48.9206977,-16.3491995],[-48.9207279,-16.3496085],[-48.9206756,-16.3496242],[-48.9207625,-16.3504806],[-48.9188475,-16.3502593],[-48.9187447,-16.3501787],[-48.9184225,-16.3501473],[-48.9172035,-16.3499455],[-48.9163732,-16.349919],[-48.916375,-16.3498771],[-48.9164207,-16.3488372],[-48.9165106,-16.3467942],[-48.9165131,-16.3467366],[-48.9165997,-16.3447654],[-48.9166033,-16.3446836],[-48.91663,-16.3440758],[-48.916686,-16.3428043],[-48.9167733,-16.3408174],[-48.9168602,-16.3388405],[-48.9169344,-16.337152],[-48.9163232,-16.3360832],[-48.9156306,-16.3348722],[-48.9155635,-16.3347547],[-48.9151243,-16.3339869],[-48.9150491,-16.3338554],[-48.9142887,-16.3325258],[-48.9142495,-16.3324572],[-48.9137853,-16.3316645],[-48.9137827,-16.3309996],[-48.913823,-16.3297028],[-48.9138311,-16.3294421],[-48.9138412,-16.3293761],[-48.9189272,-16.328386],[-48.9189297,-16.3284599],[-48.918925,-16.3285652],[-48.9205395,-16.3284554],[-48.9212362,-16.328408],[-48.9219944,-16.3283855],[-48.9220222,-16.3283905],[-48.9221659,-16.3284161]]]}},{"type":"Feature","properties":{"id":"manoel-domingues","nome":"Manoel Domingues","lat":-16.347901,"lon":-48.973369},"geometry":{"type":"Polygon","coordinates":[[[-48.9725372,-16.3470613],[-48.9730361,-16.3479495],[-48.9733553,-16.3484434],[-48.9735343,-16.3486782],[-48.9735701,-16.3486939],[-48.9740592,-16.3483677],[-48.9735388,-16.3476052],[-48.9735911,-16.3475694],[-48.9731033,-16.3467384],[-48.9725372,-16.3470613]]]}},{"type":"Feature","properties":{"id":"nossa-senhora-aparecida","nome":"Nossa Senhora Aparecida","lat":-16.318246,"lon":-48.965459},"geometry":{"type":"Polygon","coordinates":[[[-48.9668764,-16.3166537],[-48.9668444,-16.316658],[-48.9662905,-16.3167331],[-48.9655634,-16.3167741],[-48.9656107,-16.3172639],[-48.9656447,-16.3176166],[-48.965448,-16.3176761],[-48.9654895,-16.3177803],[-48.9642913,-16.3182827],[-48.9636267,-16.3185614],[-48.9626342,-16.3189789],[-48.9628233,-16.3194729],[-48.9631667,-16.3193614],[-48.9636883,-16.3195898],[-48.9639753,-16.3192827],[-48.9642053,-16.3195037],[-48.9644127,-16.3192891],[-48.9646358,-16.3194728],[-48.9648817,-16.3192132],[-48.964799,-16.3190333],[-48.9647148,-16.3188499],[-48.9646764,-16.3187971],[-48.9649096,-16.3187274],[-48.9657791,-16.3185095],[-48.9658375,-16.3186567],[-48.9662961,-16.3184879],[-48.966444,-16.3184169],[-48.9668969,-16.3182602],[-48.9671602,-16.3181422],[-48.967187,-16.3180018],[-48.9672231,-16.3177611],[-48.9673009,-16.317431],[-48.9673658,-16.317115],[-48.967376,-16.3170652],[-48.9670027,-16.3171782],[-48.9668764,-16.3166537]]]}},{"type":"Feature","properties":{"id":"novo-jundia","nome":"Novo Jundiaí","lat":-16.341876,"lon":-48.926868},"geometry":{"type":"Polygon","coordinates":[[[-48.9289304,-16.3406505],[-48.9293441,-16.3405269],[-48.928496,-16.3405861],[-48.9281883,-16.3406287],[-48.9274729,-16.340729],[-48.9274998,-16.3406026],[-48.927127,-16.3406638],[-48.9268022,-16.3406338],[-48.9266818,-16.340705],[-48.9263921,-16.3407359],[-48.9261092,-16.3406918],[-48.92608,-16.3408254],[-48.9257108,-16.340808],[-48.9256733,-16.3409006],[-48.9246928,-16.3407883],[-48.9235304,-16.3407038],[-48.9238425,-16.3413747],[-48.924006,-16.3417198],[-48.9247052,-16.3432142],[-48.9249838,-16.3438097],[-48.9250589,-16.344013],[-48.9250938,-16.3441726],[-48.9254869,-16.3439464],[-48.9256263,-16.3441265],[-48.9258624,-16.3440287],[-48.9257819,-16.3438383],[-48.9262057,-16.3436529],[-48.9280189,-16.3441729],[-48.92833,-16.3429323],[-48.928755,-16.3428343],[-48.9288408,-16.3425177],[-48.9289186,-16.3421522],[-48.9288569,-16.341936],[-48.928763,-16.3417121],[-48.9287228,-16.3413131],[-48.9287603,-16.3410094],[-48.9287905,-16.3409102],[-48.9288488,-16.3407186],[-48.9289304,-16.3406505]]]}},{"type":"Feature","properties":{"id":"novo-para-so","nome":"Novo Paraíso","lat":-16.351649,"lon":-48.979935},"geometry":{"type":"Polygon","coordinates":[[[-48.9814911,-16.347405],[-48.9804195,-16.346779],[-48.9793603,-16.3472505],[-48.977465,-16.3477623],[-48.9770398,-16.3482864],[-48.9766213,-16.3484181],[-48.97624,-16.3487227],[-48.9759577,-16.3489733],[-48.975375,-16.3494137],[-48.9753436,-16.34937],[-48.9749479,-16.3499475],[-48.9752025,-16.3503771],[-48.9758638,-16.3509193],[-48.9762861,-16.3512676],[-48.9770693,-16.351947],[-48.9777319,-16.3526082],[-48.9779653,-16.3528231],[-48.9781168,-16.3529039],[-48.9782188,-16.3529377],[-48.9791779,-16.3530588],[-48.9795185,-16.3530716],[-48.979743,-16.3530464],[-48.9807416,-16.354464],[-48.9815338,-16.354744],[-48.9823038,-16.3547827],[-48.9824659,-16.3547908],[-48.9831528,-16.3548253],[-48.984406,-16.3548442],[-48.98441,-16.3548435],[-48.9845477,-16.3545352],[-48.9847591,-16.3543636],[-48.9850118,-16.3543076],[-48.9843271,-16.3535325],[-48.9842936,-16.3528169],[-48.9844489,-16.3519111],[-48.9837941,-16.3508316],[-48.9822513,-16.3481204],[-48.9814911,-16.347405]]]}},{"type":"Feature","properties":{"id":"olhos-d-gua","nome":"Olhos D'Água","lat":-16.354654,"lon":-48.958342},"geometry":{"type":"Polygon","coordinates":[[[-48.9575642,-16.3550734],[-48.9576466,-16.354773],[-48.9577429,-16.3544261],[-48.95772,-16.3544284],[-48.9577816,-16.3537673],[-48.9583715,-16.3538606],[-48.9585053,-16.354082],[-48.9585708,-16.3541759],[-48.9588909,-16.3546006],[-48.9593689,-16.3551638],[-48.9591807,-16.355191],[-48.9587828,-16.3552227],[-48.958469,-16.3552066],[-48.9581863,-16.3551804],[-48.9575642,-16.3550734]]]}},{"type":"Feature","properties":{"id":"parque-bras-lia-1-etapa","nome":"Parque Brasília 1 Etapa","lat":-16.321541,"lon":-48.912482},"geometry":{"type":"Polygon","coordinates":[[[-48.9170419,-16.3208115],[-48.916001,-16.322702],[-48.9155799,-16.3234395],[-48.9145527,-16.3252697],[-48.9145181,-16.3252944],[-48.9139361,-16.3251459],[-48.9139206,-16.3252089],[-48.9135094,-16.3269078],[-48.9130704,-16.3265045],[-48.9129571,-16.3261216],[-48.9122598,-16.3252258],[-48.9088338,-16.3243674],[-48.9083058,-16.3242689],[-48.9083487,-16.3240984],[-48.9085982,-16.3235028],[-48.908787,-16.3232619],[-48.9091909,-16.3228835],[-48.9095396,-16.3227393],[-48.9099795,-16.3223481],[-48.9103523,-16.3213354],[-48.9105937,-16.3209338],[-48.9107129,-16.3207978],[-48.9110417,-16.3204226],[-48.9114225,-16.3199593],[-48.9115352,-16.3196504],[-48.9115566,-16.3191973],[-48.9115996,-16.3187031],[-48.9116049,-16.3185178],[-48.9118249,-16.3181213],[-48.9119697,-16.3178845],[-48.9121655,-16.3176338],[-48.9122701,-16.3174572],[-48.912423,-16.3171344],[-48.9125415,-16.316857],[-48.9135953,-16.3174745],[-48.9147661,-16.3181487],[-48.9173874,-16.3196078],[-48.9170768,-16.3202681],[-48.9168549,-16.3206466],[-48.917064,-16.3207689],[-48.9170419,-16.3208115]]]}},{"type":"Feature","properties":{"id":"parque-bras-lia-2-etapa","nome":"Parque Brasília 2 Etapa","lat":-16.326188,"lon":-48.917439},"geometry":{"type":"Polygon","coordinates":[[[-48.9098757,-16.3299722],[-48.9114613,-16.3298023],[-48.9121337,-16.3297174],[-48.9138412,-16.3293761],[-48.9140689,-16.3293306],[-48.9189272,-16.328386],[-48.918925,-16.3285652],[-48.9205395,-16.3284554],[-48.9212362,-16.328408],[-48.9219944,-16.3283855],[-48.9220222,-16.3283905],[-48.9221659,-16.3284161],[-48.9218719,-16.3260161],[-48.9218502,-16.3259138],[-48.9218126,-16.3246002],[-48.921741,-16.3244511],[-48.9217436,-16.32437],[-48.92179,-16.324093],[-48.9217657,-16.3235481],[-48.9216814,-16.3234392],[-48.921065,-16.3230791],[-48.9205698,-16.3228233],[-48.917064,-16.3207689],[-48.9170419,-16.3208115],[-48.916001,-16.322702],[-48.9155799,-16.3234395],[-48.9145527,-16.3252697],[-48.9145181,-16.3252944],[-48.9139361,-16.3251459],[-48.9139206,-16.3252089],[-48.9135094,-16.3269078],[-48.913345,-16.3275827],[-48.910445,-16.3278752],[-48.9099164,-16.3298445],[-48.9098757,-16.3299722]]]}},{"type":"Feature","properties":{"id":"parque-calixt-polis","nome":"Parque Calixtópolis","lat":-16.398497,"lon":-48.981561},"geometry":{"type":"Polygon","coordinates":[[[-48.9853759,-16.3983887],[-48.9841524,-16.400847],[-48.9810585,-16.3997195],[-48.9814996,-16.4021001],[-48.9818351,-16.4038759],[-48.9821048,-16.4053587],[-48.979448,-16.4035405],[-48.9774614,-16.4027243],[-48.977503,-16.4023131],[-48.9778911,-16.4008709],[-48.9784334,-16.3975947],[-48.9788944,-16.3946735],[-48.9789692,-16.3946883],[-48.9807831,-16.3945763],[-48.9814966,-16.3945323],[-48.9820273,-16.3944996],[-48.9824893,-16.3950292],[-48.9830213,-16.3955929],[-48.9832544,-16.3958399],[-48.9837781,-16.3963948],[-48.9843149,-16.3969637],[-48.9849522,-16.397639],[-48.9851484,-16.3976688],[-48.9853759,-16.3983887]]]}},{"type":"Feature","properties":{"id":"parque-calixt-polis-ii","nome":"Parque Calixtópolis II","lat":-16.395979,"lon":-48.984435},"geometry":{"type":"Polygon","coordinates":[[[-48.9852958,-16.3981463],[-48.9851484,-16.3976688],[-48.9849522,-16.397639],[-48.9843149,-16.3969637],[-48.9837781,-16.3963948],[-48.9832544,-16.3958399],[-48.9830213,-16.3955929],[-48.9824893,-16.3950292],[-48.9820273,-16.3944996],[-48.9821728,-16.3944906],[-48.9825495,-16.3944674],[-48.9828858,-16.3944466],[-48.9836104,-16.3944018],[-48.9846831,-16.3943356],[-48.9847219,-16.3943115],[-48.985173,-16.3950426],[-48.9855544,-16.3948246],[-48.9857779,-16.3952201],[-48.985412,-16.39543],[-48.9870039,-16.3979073],[-48.9870111,-16.3981673],[-48.9857821,-16.3983202],[-48.9853759,-16.3983887],[-48.9852958,-16.3981463]]]}},{"type":"Feature","properties":{"id":"parque-das-na-es","nome":"Parque das Nações","lat":-16.34057,"lon":-48.970287},"geometry":{"type":"Polygon","coordinates":[[[-48.9681068,-16.3407907],[-48.96829,-16.3406448],[-48.9687025,-16.3409506],[-48.969104,-16.340609],[-48.9691743,-16.3404598],[-48.9692302,-16.3402295],[-48.9693154,-16.3399397],[-48.9692739,-16.339908],[-48.9693483,-16.3398182],[-48.9693873,-16.3396987],[-48.96946,-16.3394191],[-48.9695619,-16.3391617],[-48.9696623,-16.3389035],[-48.9697067,-16.3387892],[-48.9698631,-16.3388002],[-48.9700118,-16.3388095],[-48.9702807,-16.3388298],[-48.970486,-16.3386329],[-48.970847,-16.3385038],[-48.9711198,-16.3384699],[-48.9731445,-16.3418484],[-48.9743128,-16.3440411],[-48.9736709,-16.3442442],[-48.9728894,-16.3443115],[-48.9714397,-16.3444177],[-48.9710704,-16.3445814],[-48.9681068,-16.3407907]]]}},{"type":"Feature","properties":{"id":"parque-das-primaveras","nome":"Parque das Primaveras","lat":-16.355439,"lon":-48.97222},"geometry":{"type":"Polygon","coordinates":[[[-48.969457,-16.3588408],[-48.9689733,-16.3580961],[-48.9688717,-16.3579206],[-48.9689327,-16.3578894],[-48.9686237,-16.3574291],[-48.9685302,-16.3573432],[-48.9677699,-16.3561261],[-48.9680256,-16.3559765],[-48.9722176,-16.3535242],[-48.9732591,-16.3529286],[-48.9742654,-16.3523178],[-48.9754374,-16.3516595],[-48.976281,-16.3531726],[-48.9770942,-16.3546688],[-48.9769884,-16.3547241],[-48.9765832,-16.3549437],[-48.9764287,-16.354907],[-48.969457,-16.3588408]]]}},{"type":"Feature","properties":{"id":"parque-dos-eucaliptos","nome":"Parque dos Eucaliptos","lat":-16.310006,"lon":-48.95089},"geometry":{"type":"Polygon","coordinates":[[[-48.9525471,-16.3097695],[-48.9506122,-16.3097964],[-48.9505897,-16.3095647],[-48.9501981,-16.3096619],[-48.9495013,-16.3098119],[-48.9494465,-16.3098309],[-48.9494984,-16.3100592],[-48.9495794,-16.310415],[-48.9497525,-16.3104116],[-48.9520513,-16.3103669],[-48.9526204,-16.3103558],[-48.9526398,-16.3101836],[-48.9525339,-16.3098495],[-48.9525471,-16.3097695]]]}},{"type":"Feature","properties":{"id":"parque-dos-pirineus","nome":"Parque dos Pirineus","lat":-16.275194,"lon":-48.955904},"geometry":{"type":"Polygon","coordinates":[[[-48.9612432,-16.2797713],[-48.960968,-16.2793497],[-48.9607485,-16.2789454],[-48.9604902,-16.2786362],[-48.9601894,-16.2783746],[-48.9600513,-16.2782693],[-48.9600266,-16.2780655],[-48.9598637,-16.2778447],[-48.9598673,-16.2776068],[-48.9598248,-16.2772875],[-48.9596195,-16.2770531],[-48.9595771,-16.2768187],[-48.9594921,-16.2765367],[-48.9594001,-16.2761834],[-48.9593966,-16.2759795],[-48.9595063,-16.275813],[-48.9595771,-16.2756873],[-48.9594886,-16.2754529],[-48.9596018,-16.2752627],[-48.9596089,-16.2750384],[-48.959662,-16.2746681],[-48.9597399,-16.2742706],[-48.9598213,-16.273812],[-48.9598708,-16.2733024],[-48.9596408,-16.2730408],[-48.9592585,-16.2728165],[-48.9589294,-16.2726467],[-48.9585896,-16.272453],[-48.9582923,-16.2720555],[-48.9580729,-16.2718857],[-48.9578464,-16.2718381],[-48.9577296,-16.2716512],[-48.9577367,-16.2715187],[-48.9574642,-16.2713013],[-48.957496,-16.2711688],[-48.9575951,-16.2710329],[-48.9572872,-16.2707883],[-48.9570926,-16.2705946],[-48.9569368,-16.2704859],[-48.9567846,-16.270401],[-48.9556554,-16.2717483],[-48.9551309,-16.2717941],[-48.9551321,-16.2715482],[-48.9554193,-16.2712849],[-48.9559665,-16.2709656],[-48.9550814,-16.2710068],[-48.9543089,-16.2711922],[-48.9530447,-16.2712262],[-48.9522805,-16.2712737],[-48.9521365,-16.2713331],[-48.9519271,-16.2713467],[-48.9500362,-16.2714861],[-48.9501177,-16.2717491],[-48.9502795,-16.2723387],[-48.9502926,-16.2723917],[-48.9504023,-16.2727858],[-48.9504317,-16.272893],[-48.9504841,-16.2730838],[-48.9505929,-16.2734799],[-48.9507424,-16.2740246],[-48.9509009,-16.2746019],[-48.9510625,-16.2751902],[-48.9512146,-16.2757445],[-48.9513722,-16.2763183],[-48.9514671,-16.2766641],[-48.9515272,-16.2768732],[-48.9516783,-16.2773996],[-48.9518529,-16.2780079],[-48.9520182,-16.2785835],[-48.9521776,-16.2791386],[-48.9523337,-16.2796826],[-48.9524817,-16.2802602],[-48.9525392,-16.2804776],[-48.952634,-16.280812],[-48.9526999,-16.2814769],[-48.9531882,-16.2833237],[-48.9532857,-16.2834982],[-48.9563384,-16.2825001],[-48.9565353,-16.2824334],[-48.9579024,-16.281916],[-48.9591535,-16.2811385],[-48.9612432,-16.2797713]]]}},{"type":"Feature","properties":{"id":"parque-iracema","nome":"Parque Iracema","lat":-16.28963,"lon":-48.954265},"geometry":{"type":"Polygon","coordinates":[[[-48.9522203,-16.2841883],[-48.95229,-16.2841369],[-48.9533548,-16.2837722],[-48.9533951,-16.2839566],[-48.9534809,-16.2841846],[-48.9536607,-16.2848615],[-48.9538264,-16.2854644],[-48.9539759,-16.2859642],[-48.954064,-16.2863371],[-48.9542691,-16.2871736],[-48.954516,-16.2871366],[-48.9546477,-16.2878443],[-48.9545719,-16.2878551],[-48.9547826,-16.2883905],[-48.9549798,-16.2888914],[-48.9549496,-16.2890437],[-48.9552158,-16.2896623],[-48.9556523,-16.2907733],[-48.9559142,-16.2907348],[-48.9559499,-16.290948],[-48.955958,-16.2911268],[-48.9559901,-16.2913842],[-48.9561355,-16.2917672],[-48.9563875,-16.2924309],[-48.956466,-16.2927249],[-48.9556777,-16.2941596],[-48.955603,-16.2942688],[-48.9554136,-16.2943833],[-48.9552636,-16.2945932],[-48.9550447,-16.2944254],[-48.9549811,-16.2943819],[-48.9544142,-16.2939807],[-48.9540116,-16.2937096],[-48.9536593,-16.2934723],[-48.9536362,-16.2933233],[-48.9536058,-16.2931273],[-48.9534919,-16.292392],[-48.9534607,-16.2921913],[-48.9532947,-16.2911202],[-48.9531963,-16.2904854],[-48.9530977,-16.2898488],[-48.9529952,-16.2891877],[-48.9528275,-16.2881058],[-48.952719,-16.2874059],[-48.9525918,-16.286584],[-48.9524639,-16.2857597],[-48.9523358,-16.2849338],[-48.9522203,-16.2841883]]]}},{"type":"Feature","properties":{"id":"parque-michel","nome":"Parque Michel","lat":-16.33263,"lon":-48.967485},"geometry":{"type":"Polygon","coordinates":[[[-48.9666431,-16.3346417],[-48.9666439,-16.3342147],[-48.9669246,-16.3341845],[-48.9669059,-16.3338695],[-48.9669479,-16.3336867],[-48.9671154,-16.3337239],[-48.9670712,-16.3332557],[-48.9672675,-16.3332324],[-48.9671937,-16.3328164],[-48.9671424,-16.3328119],[-48.9671424,-16.3326013],[-48.9671493,-16.332442],[-48.9671704,-16.3323145],[-48.9668388,-16.3320859],[-48.9667174,-16.3320187],[-48.966666,-16.3318798],[-48.9666193,-16.3318215],[-48.9665726,-16.3317095],[-48.9666614,-16.3315347],[-48.96668,-16.331463],[-48.9666378,-16.3314112],[-48.9667639,-16.3311847],[-48.966812,-16.3309603],[-48.9674355,-16.3311628],[-48.9674532,-16.3314652],[-48.9676302,-16.3314536],[-48.9676723,-16.3317552],[-48.9678522,-16.3317363],[-48.9679643,-16.3317363],[-48.967979,-16.3318051],[-48.9682365,-16.3319312],[-48.9684993,-16.3320059],[-48.9686978,-16.3320498],[-48.9687081,-16.3322536],[-48.9690094,-16.332225],[-48.9686235,-16.3327325],[-48.9685216,-16.3327376],[-48.9685653,-16.3331171],[-48.9681901,-16.3331497],[-48.9682053,-16.3333626],[-48.9682255,-16.333646],[-48.9679028,-16.3336019],[-48.9678781,-16.3339586],[-48.9678106,-16.3341011],[-48.9675444,-16.3345387],[-48.9674335,-16.3345929],[-48.9666431,-16.3346417]]]}},{"type":"Feature","properties":{"id":"parque-residencial-ander-1-etapa","nome":"Parque Residencial Ander 1 Etapa","lat":-16.344299,"lon":-48.922339},"geometry":{"type":"Polygon","coordinates":[[[-48.9205485,-16.346132],[-48.9248915,-16.3452643],[-48.9247466,-16.3448935],[-48.924152,-16.3439504],[-48.9240505,-16.3437893],[-48.9240981,-16.34342],[-48.9206969,-16.342904],[-48.9206934,-16.3429794],[-48.9206814,-16.3432412],[-48.9206037,-16.3449306],[-48.9205647,-16.3457788],[-48.9205485,-16.346132]]]}},{"type":"Feature","properties":{"id":"parque-residencial-ander-2-etapa","nome":"Parque Residencial Ander 2 Etapa","lat":-16.341975,"lon":-48.921872},"geometry":{"type":"Polygon","coordinates":[[[-48.922916,-16.3406352],[-48.9207943,-16.3407847],[-48.920785,-16.3409875],[-48.920779,-16.3411176],[-48.9207119,-16.342577],[-48.9206969,-16.342904],[-48.9240981,-16.34342],[-48.9241972,-16.3433725],[-48.922916,-16.3406352]]]}},{"type":"Feature","properties":{"id":"parque-residencial-das-flores","nome":"Parque Residencial das Flores","lat":-16.287452,"lon":-48.92087},"geometry":{"type":"Polygon","coordinates":[[[-48.9125226,-16.2865129],[-48.9153881,-16.2852906],[-48.9172751,-16.2846298],[-48.9191626,-16.2839613],[-48.9202457,-16.2835514],[-48.9203592,-16.2838206],[-48.9206399,-16.2844924],[-48.9208276,-16.2848837],[-48.9211926,-16.284823],[-48.9212191,-16.2848186],[-48.9218678,-16.2847107],[-48.9225386,-16.2845992],[-48.9226161,-16.2845863],[-48.923193,-16.2844904],[-48.9234248,-16.2844519],[-48.9238543,-16.2843805],[-48.9240898,-16.2843413],[-48.924234,-16.2843174],[-48.9245281,-16.2842749],[-48.9251838,-16.2841803],[-48.9257682,-16.2840959],[-48.9258487,-16.284132],[-48.9258865,-16.2842064],[-48.926294,-16.2845439],[-48.9264012,-16.2846212],[-48.9269162,-16.2847859],[-48.9281499,-16.2851494],[-48.9282349,-16.2851684],[-48.9294368,-16.2855188],[-48.9294944,-16.2855864],[-48.930006,-16.2861866],[-48.9304957,-16.2867612],[-48.9307,-16.2870027],[-48.9309966,-16.2873489],[-48.9286898,-16.2877451],[-48.9266095,-16.2881023],[-48.9246311,-16.288457],[-48.9226273,-16.2887861],[-48.9224729,-16.2888441],[-48.922398,-16.288878],[-48.9223776,-16.2890186],[-48.9219317,-16.2905781],[-48.9217369,-16.2907707],[-48.9216342,-16.2909597],[-48.9212045,-16.2913531],[-48.9207638,-16.2917933],[-48.9207169,-16.2918447],[-48.9201133,-16.2902836],[-48.9198871,-16.2903495],[-48.9195282,-16.2905634],[-48.9191365,-16.2908155],[-48.9187266,-16.2910395],[-48.9183436,-16.2912081],[-48.9155907,-16.2923217],[-48.9156881,-16.2918777],[-48.9161003,-16.2913871],[-48.9165043,-16.2910231],[-48.916834,-16.2906671],[-48.9165455,-16.289852],[-48.9165455,-16.2896305],[-48.9162405,-16.289219],[-48.9164301,-16.2890291],[-48.9165372,-16.2886018],[-48.9160344,-16.2886968],[-48.9156552,-16.2883565],[-48.9154326,-16.2883724],[-48.9149957,-16.2880717],[-48.9144021,-16.2879372],[-48.9140889,-16.2880242],[-48.9139322,-16.2887443],[-48.9137344,-16.2888234],[-48.9133799,-16.2882299],[-48.9126545,-16.2884278],[-48.9125308,-16.2874624],[-48.9128358,-16.2865445],[-48.9125226,-16.2865129]]]}},{"type":"Feature","properties":{"id":"parque-s-o-conrado","nome":"Parque São Conrado","lat":-16.354421,"lon":-48.908816},"geometry":{"type":"Polygon","coordinates":[[[-48.9121824,-16.3513522],[-48.9116637,-16.3519917],[-48.9112584,-16.3524914],[-48.9112116,-16.3525491],[-48.9107483,-16.3531198],[-48.910284,-16.3536927],[-48.9102084,-16.3537859],[-48.9097218,-16.3543859],[-48.9093804,-16.3548198],[-48.9092196,-16.3550241],[-48.9089167,-16.3553862],[-48.9087125,-16.3556303],[-48.9084573,-16.3559355],[-48.9080502,-16.3564801],[-48.9074339,-16.3565267],[-48.9068379,-16.3565812],[-48.9076335,-16.3557236],[-48.9069383,-16.3556283],[-48.9067964,-16.3555032],[-48.9069441,-16.3553103],[-48.9070377,-16.3551881],[-48.9072053,-16.3549692],[-48.9074303,-16.3546754],[-48.9076383,-16.3544038],[-48.9077279,-16.3542868],[-48.9078405,-16.3541993],[-48.9080068,-16.3541349],[-48.9084255,-16.3540594],[-48.9090435,-16.3539646],[-48.9115331,-16.3508423],[-48.9121824,-16.3513522]]]}},{"type":"Feature","properties":{"id":"parque-s-o-jer-nimo","nome":"Parque São Jerônimo","lat":-16.320429,"lon":-48.918809},"geometry":{"type":"Polygon","coordinates":[[[-48.9181928,-16.318008],[-48.9177877,-16.3187697],[-48.9177381,-16.3187396],[-48.917502,-16.3193497],[-48.9175116,-16.3193679],[-48.9174635,-16.3194461],[-48.9173874,-16.3196078],[-48.9170768,-16.3202681],[-48.9168549,-16.3206466],[-48.917064,-16.3207689],[-48.9199483,-16.3224562],[-48.9205698,-16.3228233],[-48.921065,-16.3230791],[-48.9216814,-16.3234392],[-48.9215625,-16.3201406],[-48.9215381,-16.3199495],[-48.9181928,-16.318008]]]}},{"type":"Feature","properties":{"id":"polocentro-1-etapa","nome":"Polocentro 1 Etapa","lat":-16.382182,"lon":-48.970411},"geometry":{"type":"Polygon","coordinates":[[[-48.9637775,-16.3770405],[-48.9635552,-16.379195],[-48.9633794,-16.3810837],[-48.9631766,-16.3829181],[-48.9628075,-16.3828563],[-48.9626811,-16.3844602],[-48.9626422,-16.3850662],[-48.9629388,-16.38509],[-48.9635524,-16.3851878],[-48.9644467,-16.3853523],[-48.965473,-16.3855416],[-48.9659842,-16.3856221],[-48.966209,-16.3856601],[-48.9663339,-16.3856811],[-48.9682625,-16.3860038],[-48.9690578,-16.3861408],[-48.9692036,-16.3861654],[-48.9718566,-16.3864984],[-48.971946,-16.3863969],[-48.9718972,-16.3862565],[-48.9719379,-16.3861083],[-48.9720192,-16.3859445],[-48.9718566,-16.3859445],[-48.9718078,-16.3858353],[-48.971824,-16.3856949],[-48.9720029,-16.3855467],[-48.9721168,-16.3855233],[-48.9721249,-16.3853438],[-48.972133,-16.3851254],[-48.9721655,-16.3849772],[-48.9722956,-16.3847978],[-48.9723688,-16.384517],[-48.9723526,-16.3843766],[-48.9722712,-16.3841191],[-48.9721899,-16.3839319],[-48.9722712,-16.3837057],[-48.9723607,-16.3835107],[-48.9725233,-16.3832923],[-48.9726534,-16.3831206],[-48.9727835,-16.3829724],[-48.9729217,-16.3828086],[-48.9729461,-16.3826058],[-48.9729461,-16.382403],[-48.9728973,-16.3822703],[-48.9727591,-16.3821845],[-48.9727103,-16.3820519],[-48.9727266,-16.3819271],[-48.9727266,-16.3818101],[-48.9726697,-16.3816931],[-48.9725965,-16.3815215],[-48.9726209,-16.3813654],[-48.9726697,-16.3812328],[-48.9727103,-16.3810924],[-48.9727428,-16.3809832],[-48.9728485,-16.3807336],[-48.9729217,-16.3806556],[-48.972938,-16.380562],[-48.9728567,-16.3803825],[-48.9728485,-16.3802655],[-48.9728973,-16.3801407],[-48.972938,-16.3800549],[-48.9728892,-16.3799223],[-48.9728973,-16.3798443],[-48.9728892,-16.3797585],[-48.9730274,-16.379657],[-48.9730518,-16.3795556],[-48.9730193,-16.379501],[-48.9730112,-16.3794074],[-48.9731494,-16.3793138],[-48.9731331,-16.3790564],[-48.9731738,-16.3789082],[-48.9731341,-16.3787792],[-48.9713479,-16.3784389],[-48.9707126,-16.3783247],[-48.9700219,-16.3781813],[-48.9692822,-16.3780472],[-48.9685256,-16.3779068],[-48.9677919,-16.3777685],[-48.9676738,-16.3777525],[-48.9669027,-16.3776116],[-48.9658884,-16.3774255],[-48.9653617,-16.37733],[-48.9651336,-16.3772883],[-48.9637775,-16.3770405]]]}},{"type":"Feature","properties":{"id":"polocentro-2-etapa","nome":"Polocentro 2 Etapa","lat":-16.374467,"lon":-48.968503},"geometry":{"type":"Polygon","coordinates":[[[-48.9639665,-16.3696824],[-48.9639637,-16.3699294],[-48.9639718,-16.370354],[-48.9641542,-16.3712934],[-48.9642615,-16.3718904],[-48.9642622,-16.3719112],[-48.9640967,-16.3723833],[-48.9639397,-16.3738256],[-48.9638914,-16.3751844],[-48.9637305,-16.3751638],[-48.9636446,-16.3761417],[-48.9635695,-16.3768005],[-48.9637358,-16.3768314],[-48.9637775,-16.3770405],[-48.9651336,-16.3772883],[-48.9653617,-16.37733],[-48.9658884,-16.3774255],[-48.9669027,-16.3776116],[-48.9676738,-16.3777525],[-48.9685256,-16.3779068],[-48.9692822,-16.3780472],[-48.9700219,-16.3781813],[-48.9707126,-16.3783247],[-48.9713479,-16.3784389],[-48.9731341,-16.3787792],[-48.9731954,-16.3785884],[-48.9732093,-16.3781985],[-48.973231,-16.3779719],[-48.9732061,-16.3776602],[-48.9731537,-16.3773285],[-48.9732663,-16.3770755],[-48.9732872,-16.3768061],[-48.973416,-16.3766037],[-48.9734581,-16.3762791],[-48.9734387,-16.3760604],[-48.9734525,-16.3758188],[-48.9734545,-16.375257],[-48.9734341,-16.3748165],[-48.9735166,-16.3746762],[-48.9736825,-16.3745773],[-48.9738195,-16.3746186],[-48.9738615,-16.3745344],[-48.973889,-16.374213],[-48.9715994,-16.3737576],[-48.97091,-16.3734853],[-48.9702112,-16.3731057],[-48.9695131,-16.3727337],[-48.9688452,-16.3723604],[-48.9687273,-16.3723066],[-48.9681727,-16.3720195],[-48.9679999,-16.3719274],[-48.9673286,-16.3715792],[-48.9665563,-16.3712512],[-48.9664693,-16.3711984],[-48.9657297,-16.3707498],[-48.9650213,-16.3703823],[-48.9644746,-16.3700988],[-48.9641138,-16.3699116],[-48.9640385,-16.3697961],[-48.9640235,-16.3696806],[-48.9640014,-16.3695324],[-48.9639665,-16.3696824]]]}},{"type":"Feature","properties":{"id":"priv-l-rios-do-campo","nome":"Privê Lírios do Campo","lat":-16.307352,"lon":-48.919019},"geometry":{"type":"Polygon","coordinates":[[[-48.9220364,-16.3113154],[-48.9219854,-16.3112998],[-48.9191649,-16.3104384],[-48.9162551,-16.3096251],[-48.9155898,-16.3094072],[-48.9156336,-16.3093844],[-48.9157623,-16.3092197],[-48.9159233,-16.3089983],[-48.9161486,-16.3089159],[-48.9162854,-16.3087012],[-48.9163953,-16.3084371],[-48.9166609,-16.3082996],[-48.916854,-16.30814],[-48.9171651,-16.3079547],[-48.9175085,-16.3077178],[-48.9176318,-16.3074759],[-48.9178652,-16.3071294],[-48.9179618,-16.306841],[-48.9182085,-16.3066505],[-48.9182729,-16.3064291],[-48.9186109,-16.3057753],[-48.918804,-16.3053788],[-48.9189756,-16.3052501],[-48.9192009,-16.3052038],[-48.9194209,-16.3051832],[-48.9196623,-16.3049927],[-48.9198822,-16.3048022],[-48.9201451,-16.3046323],[-48.9203677,-16.3043043],[-48.920593,-16.3039954],[-48.920725,-16.30385],[-48.9209805,-16.304388],[-48.9218214,-16.3050289],[-48.923297,-16.3061208],[-48.9237846,-16.30653],[-48.9227955,-16.3094455],[-48.9222858,-16.3108449],[-48.9220586,-16.3112735],[-48.9220364,-16.3113154]]]}},{"type":"Feature","properties":{"id":"quinta-vila-verde","nome":"Quinta Vila Verde","lat":-16.342289,"lon":-48.953179},"geometry":{"type":"Polygon","coordinates":[[[-48.9538723,-16.3419021],[-48.9536377,-16.3418178],[-48.9534235,-16.341778],[-48.9532675,-16.3417491],[-48.9527557,-16.341654],[-48.95255,-16.3416158],[-48.951635,-16.3414459],[-48.9513204,-16.3413875],[-48.9510842,-16.3413712],[-48.9510013,-16.3416426],[-48.9510155,-16.3426622],[-48.951874,-16.3427916],[-48.9543673,-16.3432476],[-48.9547218,-16.3430757],[-48.9546987,-16.3430292],[-48.9546767,-16.3429848],[-48.9546195,-16.3430089],[-48.954365,-16.3429641],[-48.9542249,-16.3429148],[-48.953891,-16.3425339],[-48.9537579,-16.3424981],[-48.9538723,-16.3419021]]]}},{"type":"Feature","properties":{"id":"recanto-do-sol","nome":"Recanto do Sol","lat":-16.280418,"lon":-48.930355},"geometry":{"type":"Polygon","coordinates":[[[-48.9335626,-16.2848641],[-48.9337251,-16.2848464],[-48.9376076,-16.2841558],[-48.9375644,-16.2840995],[-48.9373633,-16.2838465],[-48.9372184,-16.2836521],[-48.9371295,-16.2836585],[-48.935033,-16.2809955],[-48.9349568,-16.2809576],[-48.9336407,-16.2792535],[-48.933653,-16.2792091],[-48.9324154,-16.2776357],[-48.9323468,-16.2775758],[-48.9322386,-16.2774362],[-48.9306319,-16.2754057],[-48.9306578,-16.2753407],[-48.9303962,-16.2749911],[-48.9300738,-16.2751504],[-48.9295153,-16.2753803],[-48.9288195,-16.2754072],[-48.928175,-16.2754296],[-48.9278341,-16.2755282],[-48.9275586,-16.2756313],[-48.9271663,-16.2757703],[-48.9266433,-16.2762455],[-48.92584,-16.2764965],[-48.9254337,-16.2765548],[-48.9252096,-16.2764965],[-48.9249761,-16.276492],[-48.9246425,-16.2764173],[-48.9247846,-16.2781166],[-48.9251574,-16.280596],[-48.9252565,-16.2806693],[-48.926698,-16.2822699],[-48.9267292,-16.2823828],[-48.9279899,-16.2838374],[-48.9280618,-16.2838358],[-48.9295014,-16.2854651],[-48.9294368,-16.2855188],[-48.9294944,-16.2855864],[-48.9301598,-16.2854715],[-48.9308077,-16.2853571],[-48.9314377,-16.2852459],[-48.931524,-16.2852306],[-48.9321367,-16.2851218],[-48.9326115,-16.2850392],[-48.9328846,-16.2849861],[-48.9335626,-16.2848641]]]}},{"type":"Feature","properties":{"id":"resid-caminho-das-guas","nome":"Resid. Caminho das Águas","lat":-16.339343,"lon":-48.96842},"geometry":{"type":"Polygon","coordinates":[[[-48.9691569,-16.3393751],[-48.9690996,-16.3391977],[-48.9691054,-16.338927],[-48.9691121,-16.3385164],[-48.969026,-16.338524],[-48.9681917,-16.3385975],[-48.96694,-16.3387077],[-48.9673807,-16.339578],[-48.9676869,-16.3402088],[-48.9680251,-16.340066],[-48.9681555,-16.3398262],[-48.9683427,-16.3397119],[-48.9683287,-16.3396626],[-48.9685669,-16.3394744],[-48.9687163,-16.3395461],[-48.9688891,-16.339573],[-48.9691569,-16.3393751]]]}},{"type":"Feature","properties":{"id":"residencial-aldeia-dos-sonhos","nome":"Residencial Aldeia dos Sonhos","lat":-16.258988,"lon":-49.000958},"geometry":{"type":"Polygon","coordinates":[[[-49.0036909,-16.254591],[-49.0025579,-16.2561633],[-48.9943397,-16.2612719],[-48.9920544,-16.2617354],[-48.9921145,-16.2620995],[-48.9974575,-16.2621098],[-49.0056114,-16.2614609],[-49.0075855,-16.2608327],[-49.0049076,-16.2564928],[-49.0051393,-16.2563523],[-49.0050792,-16.2557616],[-49.0036909,-16.254591]]]}},{"type":"Feature","properties":{"id":"residencial-alfredo-abrah-o","nome":"Residencial Alfredo Abrahão","lat":-16.350153,"lon":-48.904962},"geometry":{"type":"Polygon","coordinates":[[[-48.9079354,-16.3480205],[-48.9035197,-16.3536442],[-48.9033131,-16.3533507],[-48.9031461,-16.3531134],[-48.9035324,-16.3522538],[-48.9037848,-16.3518071],[-48.9044814,-16.3505738],[-48.9047633,-16.3500746],[-48.9053341,-16.3490641],[-48.9053725,-16.3489961],[-48.9056252,-16.3485677],[-48.9059127,-16.3480805],[-48.9062008,-16.3475921],[-48.9065471,-16.3470051],[-48.9079354,-16.3480205]]]}},{"type":"Feature","properties":{"id":"residencial-alphaville","nome":"Residencial Alphaville","lat":-16.36182,"lon":-48.949601},"geometry":{"type":"Polygon","coordinates":[[[-48.9490595,-16.3655173],[-48.9483617,-16.3650689],[-48.9474699,-16.3645853],[-48.948142,-16.3631625],[-48.9477539,-16.3631011],[-48.9478256,-16.3629487],[-48.9478903,-16.3628245],[-48.9479673,-16.3626649],[-48.9480351,-16.362452],[-48.9481706,-16.3622274],[-48.9481614,-16.3620589],[-48.9482415,-16.3619081],[-48.948297,-16.3617692],[-48.948337,-16.3615888],[-48.9484109,-16.3614706],[-48.948451,-16.3612607],[-48.9484941,-16.3609739],[-48.9485373,-16.3608261],[-48.948679,-16.3606369],[-48.9487622,-16.3605216],[-48.9488731,-16.3602289],[-48.9489286,-16.3601255],[-48.9490703,-16.3599244],[-48.9490594,-16.3598082],[-48.9493437,-16.3599009],[-48.9497996,-16.3599935],[-48.9503575,-16.3603075],[-48.9505721,-16.3605391],[-48.9506794,-16.3608016],[-48.9510447,-16.3611341],[-48.9514948,-16.3613215],[-48.9516665,-16.3614502],[-48.9518864,-16.3616921],[-48.9521981,-16.3618753],[-48.9523,-16.3620349],[-48.9523507,-16.3621504],[-48.9523929,-16.3622007],[-48.9520079,-16.3625152],[-48.9518819,-16.3626385],[-48.9513995,-16.3631204],[-48.9512978,-16.3632733],[-48.9490595,-16.3655173]]]}},{"type":"Feature","properties":{"id":"residencial-am-rica","nome":"Residencial América","lat":-16.275512,"lon":-48.938083},"geometry":{"type":"Polygon","coordinates":[[[-48.9387009,-16.282823],[-48.9392453,-16.2814327],[-48.9393755,-16.2811828],[-48.9396364,-16.2804989],[-48.9396807,-16.2803954],[-48.9398864,-16.2798857],[-48.9400001,-16.2796041],[-48.940121,-16.2793045],[-48.9402439,-16.2789999],[-48.9403704,-16.2786864],[-48.9405906,-16.2781408],[-48.9406227,-16.2780614],[-48.9407409,-16.2777685],[-48.9414126,-16.2776119],[-48.9416187,-16.2775599],[-48.9414707,-16.276944],[-48.941199,-16.275814],[-48.9409818,-16.2749247],[-48.9409469,-16.2747728],[-48.940279,-16.2719869],[-48.9398895,-16.2719433],[-48.939642,-16.2718806],[-48.9391423,-16.272042],[-48.9388855,-16.2720733],[-48.9387313,-16.2719389],[-48.9384698,-16.2718895],[-48.9382457,-16.271894],[-48.9379515,-16.2717595],[-48.9376572,-16.2716699],[-48.9372369,-16.2713471],[-48.9368727,-16.2710736],[-48.9365131,-16.2706567],[-48.9358967,-16.2702219],[-48.9357005,-16.2699977],[-48.9354483,-16.2699753],[-48.9352942,-16.2699843],[-48.9349667,-16.2702488],[-48.935088,-16.2708146],[-48.9351555,-16.2712452],[-48.9351936,-16.2714527],[-48.9352328,-16.2724573],[-48.9354267,-16.2730166],[-48.9355559,-16.2733896],[-48.9355635,-16.2734116],[-48.935616,-16.2735685],[-48.9358497,-16.2742373],[-48.9361233,-16.2750269],[-48.9362204,-16.2752354],[-48.9365578,-16.2758688],[-48.9367566,-16.276242],[-48.9368448,-16.2769026],[-48.9367045,-16.2770055],[-48.9367504,-16.277131],[-48.9374397,-16.279044],[-48.9378024,-16.2801351],[-48.9380459,-16.2808592],[-48.9382015,-16.2813123],[-48.9382488,-16.2813447],[-48.9384005,-16.2817957],[-48.9385346,-16.2822455],[-48.9387009,-16.282823]]]}},{"type":"Feature","properties":{"id":"residencial-ana-caroline","nome":"Residencial Ana Caroline","lat":-16.270652,"lon":-48.981165},"geometry":{"type":"Polygon","coordinates":[[[-48.9855737,-16.2703213],[-48.9869102,-16.2701087],[-48.9866991,-16.2720593],[-48.986173,-16.2721745],[-48.9856007,-16.272238],[-48.9850025,-16.2722716],[-48.9844566,-16.2723118],[-48.9838799,-16.2723593],[-48.983287,-16.2724384],[-48.9827772,-16.2724594],[-48.9819837,-16.2722751],[-48.9814295,-16.2721579],[-48.9808425,-16.2720199],[-48.980292,-16.2719014],[-48.9797112,-16.2717784],[-48.9793504,-16.2717059],[-48.9787723,-16.2715802],[-48.9786105,-16.2715546],[-48.978428,-16.2714914],[-48.9782936,-16.2713864],[-48.97739,-16.2707938],[-48.977093,-16.2705733],[-48.9768119,-16.2703453],[-48.9766294,-16.2701747],[-48.9771626,-16.2698447],[-48.977266,-16.2697885],[-48.9774515,-16.2697051],[-48.9776263,-16.2696564],[-48.9778265,-16.2696688],[-48.9783078,-16.2693639],[-48.9787958,-16.2690256],[-48.97927,-16.268731],[-48.9797712,-16.2684173],[-48.9802502,-16.2680875],[-48.9807592,-16.2677723],[-48.9817265,-16.2687379],[-48.9823945,-16.2687444],[-48.9820777,-16.2701404],[-48.9820352,-16.270359],[-48.982423,-16.2704436],[-48.9830989,-16.2706018],[-48.9836636,-16.2705336],[-48.9842746,-16.2704701],[-48.9848228,-16.2704035],[-48.9854174,-16.2703418],[-48.9855737,-16.2703213]]]}},{"type":"Feature","properties":{"id":"residencial-ana-ville","nome":"Residencial Ana Ville","lat":-16.352567,"lon":-48.895785},"geometry":{"type":"Polygon","coordinates":[[[-48.8904093,-16.3578424],[-48.8908139,-16.3577471],[-48.8940555,-16.356266],[-48.8947038,-16.3554514],[-48.8947933,-16.3551442],[-48.8952654,-16.3555457],[-48.8956133,-16.3560169],[-48.8964563,-16.355278],[-48.8960808,-16.3542589],[-48.8953405,-16.3537235],[-48.8953941,-16.3530544],[-48.8962953,-16.3526119],[-48.9006404,-16.3502338],[-48.9005761,-16.3498529],[-48.9000778,-16.3496344],[-48.8999482,-16.349555],[-48.8997586,-16.3494388],[-48.8985725,-16.3486658],[-48.8984255,-16.3486096],[-48.898321,-16.34857],[-48.8956924,-16.3474378],[-48.8910332,-16.3492941],[-48.890224,-16.3500087],[-48.8903383,-16.3573695],[-48.8904093,-16.3578424]]]}},{"type":"Feature","properties":{"id":"residencial-araguaia","nome":"Residencial Araguaia","lat":-16.288514,"lon":-48.935611},"geometry":{"type":"Polygon","coordinates":[[[-48.9405826,-16.2876547],[-48.9404607,-16.2874034],[-48.9403039,-16.2872665],[-48.9399284,-16.2869472],[-48.9395274,-16.2865925],[-48.9393812,-16.2864787],[-48.9393562,-16.2864452],[-48.9390069,-16.2859771],[-48.9389306,-16.2859637],[-48.9386548,-16.2860117],[-48.9379179,-16.2861401],[-48.9361518,-16.2864478],[-48.9353915,-16.2865807],[-48.9331902,-16.2869654],[-48.9326522,-16.2870594],[-48.9309966,-16.2873489],[-48.9313598,-16.2878618],[-48.9314322,-16.2880157],[-48.9317127,-16.2884147],[-48.9319398,-16.2887584],[-48.9320373,-16.2888987],[-48.9322022,-16.289233],[-48.9322948,-16.2894085],[-48.9324683,-16.2897716],[-48.9325362,-16.2899337],[-48.9326801,-16.2903084],[-48.9329018,-16.2908303],[-48.9330934,-16.2913659],[-48.9333554,-16.291897],[-48.9336512,-16.2925831],[-48.9337777,-16.2927025],[-48.9343557,-16.2921264],[-48.9359359,-16.2904045],[-48.9363967,-16.2899357],[-48.9373727,-16.2890309],[-48.9377851,-16.2887257],[-48.9381462,-16.288517],[-48.9386174,-16.2883091],[-48.9403519,-16.2877387],[-48.9405826,-16.2876547]]]}},{"type":"Feature","properties":{"id":"residencial-ara-jo-ville","nome":"Residencial Araújo Ville","lat":-16.303895,"lon":-48.950247},"geometry":{"type":"Polygon","coordinates":[[[-48.9517566,-16.3051939],[-48.9517223,-16.3050468],[-48.9515589,-16.30476],[-48.9514048,-16.3045045],[-48.9513347,-16.3043431],[-48.9512226,-16.3041504],[-48.9511386,-16.3038949],[-48.9511806,-16.3034781],[-48.9512273,-16.3033212],[-48.9511433,-16.303115],[-48.9511059,-16.3030254],[-48.950959,-16.3029062],[-48.950796,-16.3029666],[-48.9502381,-16.3030593],[-48.9497661,-16.3030953],[-48.9495091,-16.3031322],[-48.9492994,-16.3031623],[-48.9486082,-16.303315],[-48.9479502,-16.3034603],[-48.9478929,-16.3034781],[-48.9479928,-16.3039015],[-48.9485502,-16.3062638],[-48.9493226,-16.3060219],[-48.9517566,-16.3051939]]]}},{"type":"Feature","properties":{"id":"residencial-arco-iris","nome":"Residencial Arco Iris","lat":-16.372277,"lon":-48.952697},"geometry":{"type":"Polygon","coordinates":[[[-48.9500574,-16.3710817],[-48.9513615,-16.3694844],[-48.9514653,-16.3693443],[-48.9516351,-16.369205],[-48.951667,-16.3692254],[-48.9517803,-16.3692016],[-48.9519323,-16.3690967],[-48.9525801,-16.369222],[-48.9534876,-16.369236],[-48.9535817,-16.3691507],[-48.9541447,-16.368739],[-48.9542823,-16.3692704],[-48.954391,-16.369322],[-48.9547478,-16.3694305],[-48.9552068,-16.3698445],[-48.9560022,-16.3704966],[-48.9561267,-16.370587],[-48.9563798,-16.3707208],[-48.9562673,-16.3712526],[-48.9558725,-16.3778321],[-48.9557633,-16.3780293],[-48.9553147,-16.3777937],[-48.9545863,-16.3774111],[-48.9537485,-16.376971],[-48.9524452,-16.3763506],[-48.9523973,-16.3761901],[-48.9519927,-16.3759938],[-48.9515783,-16.3757637],[-48.9514304,-16.3750695],[-48.9512775,-16.3743521],[-48.9512399,-16.3742131],[-48.9512739,-16.3739309],[-48.9513267,-16.3736073],[-48.9513728,-16.3733043],[-48.9513981,-16.3728055],[-48.9513807,-16.3726279],[-48.9513472,-16.3724503],[-48.9512882,-16.3722213],[-48.9512024,-16.3720077],[-48.9509878,-16.371704],[-48.9508376,-16.3715702],[-48.9507644,-16.3715229],[-48.9504597,-16.3713261],[-48.9502878,-16.371215],[-48.9500574,-16.3710817]]]}},{"type":"Feature","properties":{"id":"residencial-ayrton-senna","nome":"Residencial Ayrton Senna","lat":-16.317556,"lon":-48.915445},"geometry":{"type":"Polygon","coordinates":[[[-48.9173874,-16.3196078],[-48.9172654,-16.3192589],[-48.9147661,-16.3181487],[-48.9135953,-16.3174745],[-48.9125415,-16.316857],[-48.9126429,-16.3166196],[-48.9127368,-16.3162782],[-48.9126537,-16.3161511],[-48.9127529,-16.3158046],[-48.9127261,-16.315228],[-48.9127041,-16.3148629],[-48.9142569,-16.3156379],[-48.9183352,-16.3177016],[-48.9183426,-16.317805],[-48.9181928,-16.318008],[-48.9177877,-16.3187697],[-48.9177381,-16.3187396],[-48.917502,-16.3193497],[-48.9175116,-16.3193679],[-48.9174635,-16.3194461],[-48.9173874,-16.3196078]]]}},{"type":"Feature","properties":{"id":"residencial-bela-vista","nome":"Residencial Bela Vista","lat":-16.362251,"lon":-48.956234},"geometry":{"type":"Polygon","coordinates":[[[-48.9593078,-16.3641406],[-48.9583405,-16.364633],[-48.9552534,-16.3634441],[-48.9548964,-16.362829],[-48.9545722,-16.3623647],[-48.9542047,-16.3618386],[-48.9555086,-16.3609842],[-48.9569805,-16.3600315],[-48.9570459,-16.3599936],[-48.9593078,-16.3641406]]]}},{"type":"Feature","properties":{"id":"residencial-belas-artes","nome":"Residencial Belas Artes","lat":-16.297198,"lon":-48.93466},"geometry":{"type":"Polygon","coordinates":[[[-48.9354057,-16.3004965],[-48.9348696,-16.3001098],[-48.934266,-16.2997353],[-48.9334651,-16.2992879],[-48.9333588,-16.2992128],[-48.9326336,-16.2987009],[-48.9302411,-16.2969915],[-48.9339586,-16.2931143],[-48.9368447,-16.2953129],[-48.9367644,-16.2955085],[-48.9364342,-16.2966394],[-48.9363136,-16.2964457],[-48.9360937,-16.2962552],[-48.9354714,-16.2960801],[-48.9352568,-16.2959514],[-48.9349028,-16.2960698],[-48.9346453,-16.2961059],[-48.9341142,-16.296075],[-48.9336099,-16.2957506],[-48.9334651,-16.2959205],[-48.9335241,-16.2966413],[-48.9332613,-16.2972901],[-48.9335145,-16.2974525],[-48.9358429,-16.298046],[-48.9358046,-16.2982308],[-48.9357645,-16.2984241],[-48.9359834,-16.2985073],[-48.9354057,-16.3004965]]]}},{"type":"Feature","properties":{"id":"residencial-belvedere","nome":"Residencial Belvedere","lat":-16.32214,"lon":-48.898021},"geometry":{"type":"Polygon","coordinates":[[[-48.9001969,-16.32001],[-48.9001358,-16.3201181],[-48.899948,-16.3204519],[-48.8998159,-16.3206906],[-48.8997066,-16.3208908],[-48.8996526,-16.3209957],[-48.8996114,-16.321071],[-48.89955,-16.3211839],[-48.8995014,-16.321273],[-48.8994481,-16.3213741],[-48.8999661,-16.3216381],[-48.8999621,-16.3216455],[-48.8995051,-16.3224874],[-48.8994028,-16.3226663],[-48.8993217,-16.3228114],[-48.8992148,-16.3230015],[-48.8990357,-16.3233133],[-48.8988637,-16.3236206],[-48.8987199,-16.3238767],[-48.8985818,-16.3241251],[-48.898507,-16.3242706],[-48.8984181,-16.3244549],[-48.8982867,-16.3247259],[-48.898025,-16.3246174],[-48.8978735,-16.3245542],[-48.8977716,-16.3245141],[-48.8974933,-16.3244023],[-48.8973213,-16.3243325],[-48.8968804,-16.324153],[-48.8966896,-16.3240749],[-48.8965136,-16.3240005],[-48.8963733,-16.3239429],[-48.896209,-16.3238777],[-48.8960891,-16.323828],[-48.8959061,-16.3237504],[-48.8950582,-16.3234058],[-48.8951143,-16.3232829],[-48.8951718,-16.3231582],[-48.8952556,-16.3229768],[-48.8953133,-16.3228513],[-48.8954392,-16.3226248],[-48.8971806,-16.3195275],[-48.8973644,-16.3192005],[-48.8976051,-16.3187629],[-48.897882,-16.3182565],[-48.8981248,-16.3178234],[-48.8982783,-16.3175421],[-48.8983628,-16.3173877],[-48.898392,-16.3173205],[-48.9001969,-16.32001]]]}},{"type":"Feature","properties":{"id":"residencial-boa-esperan-a","nome":"Residencial Boa Esperança","lat":-16.377093,"lon":-48.90736},"geometry":{"type":"Polygon","coordinates":[[[-48.9056022,-16.3745224],[-48.9073388,-16.375722],[-48.9074391,-16.3757664],[-48.9075009,-16.3756849],[-48.9093454,-16.3767636],[-48.90888,-16.37703],[-48.9080544,-16.3779153],[-48.9077862,-16.3786564],[-48.9076784,-16.3794073],[-48.9076168,-16.3796797],[-48.903719,-16.3768697],[-48.9056022,-16.3745224]]]}},{"type":"Feature","properties":{"id":"residencial-centen-rio","nome":"Residencial Centenário","lat":-16.269721,"lon":-48.983868},"geometry":{"type":"Polygon","coordinates":[[[-48.9823945,-16.2687444],[-48.9820777,-16.2701404],[-48.9820352,-16.270359],[-48.982423,-16.2704436],[-48.9830989,-16.2706018],[-48.9836636,-16.2705336],[-48.9842746,-16.2704701],[-48.9848228,-16.2704035],[-48.9854174,-16.2703418],[-48.9855737,-16.2703213],[-48.9852779,-16.2684561],[-48.984676,-16.2687032],[-48.9845414,-16.268745],[-48.9842677,-16.2687696],[-48.9834792,-16.2687862],[-48.9823945,-16.2687444]]]}},{"type":"Feature","properties":{"id":"residencial-cerejeiras","nome":"Residencial Cerejeiras","lat":-16.315445,"lon":-48.92066},"geometry":{"type":"Polygon","coordinates":[[[-48.9215381,-16.3199495],[-48.9181928,-16.318008],[-48.9183426,-16.317805],[-48.9183765,-16.3177225],[-48.9187746,-16.3167536],[-48.9189862,-16.3162384],[-48.9192069,-16.3157014],[-48.9194282,-16.3151626],[-48.9196493,-16.3146246],[-48.9196969,-16.3145087],[-48.9177353,-16.3136762],[-48.9191649,-16.3104384],[-48.9219854,-16.3112998],[-48.9220364,-16.3113154],[-48.921548,-16.3130137],[-48.9215013,-16.3131885],[-48.9214733,-16.3133229],[-48.921464,-16.3134395],[-48.9214733,-16.314188],[-48.9214966,-16.3147661],[-48.921506,-16.3150306],[-48.9214873,-16.315165],[-48.9214593,-16.315304],[-48.9214173,-16.3154071],[-48.9212868,-16.3157889],[-48.9212573,-16.3161981],[-48.9212488,-16.3163152],[-48.9213474,-16.3163744],[-48.9214028,-16.3164335],[-48.9214953,-16.3165252],[-48.9215384,-16.3165961],[-48.9215661,-16.3166819],[-48.9215877,-16.3167499],[-48.9217756,-16.3214307],[-48.9215381,-16.3199495]]]}},{"type":"Feature","properties":{"id":"residencial-cidade-industrial","nome":"Residencial Cidade Industrial","lat":-16.397217,"lon":-48.899499},"geometry":{"type":"Polygon","coordinates":[[[-48.9037803,-16.3993321],[-48.8984836,-16.3997049],[-48.8974321,-16.3994887],[-48.8972296,-16.3991581],[-48.8969279,-16.3986654],[-48.8970137,-16.3981507],[-48.8992115,-16.3980046],[-48.8981402,-16.395907],[-48.8964987,-16.3965039],[-48.8960803,-16.3954026],[-48.8970673,-16.3950115],[-48.8987878,-16.3922109],[-48.899587,-16.3927142],[-48.902398,-16.3951536],[-48.9045974,-16.3990441],[-48.9044468,-16.399068],[-48.9038051,-16.3991697],[-48.9037803,-16.3993321]]]}},{"type":"Feature","properties":{"id":"residencial-copacabana","nome":"Residencial Copacabana","lat":-16.378253,"lon":-48.98679},"geometry":{"type":"Polygon","coordinates":[[[-48.9835377,-16.3746572],[-48.9834162,-16.3753561],[-48.9830608,-16.3762086],[-48.9829306,-16.3767541],[-48.9825996,-16.3773898],[-48.9830702,-16.3775948],[-48.9831465,-16.3776527],[-48.9835275,-16.3778247],[-48.9838655,-16.3781592],[-48.9839128,-16.3782339],[-48.9841398,-16.3784959],[-48.9843461,-16.3787688],[-48.9844591,-16.3788921],[-48.984576,-16.3790377],[-48.984773,-16.379283],[-48.9850485,-16.3796123],[-48.985323,-16.3799027],[-48.9853929,-16.3799753],[-48.9856492,-16.3803054],[-48.9857643,-16.3804284],[-48.9859634,-16.380655],[-48.9860657,-16.3807715],[-48.9863709,-16.3809526],[-48.9868092,-16.381261],[-48.9884414,-16.3796673],[-48.9879648,-16.3815302],[-48.9884038,-16.3814496],[-48.9885532,-16.3813958],[-48.9886186,-16.3812435],[-48.9889642,-16.3810105],[-48.9891417,-16.38067],[-48.989618,-16.3800875],[-48.9897674,-16.3797918],[-48.9897301,-16.3795589],[-48.9897301,-16.3792721],[-48.9897768,-16.3791198],[-48.9898702,-16.3789764],[-48.9899356,-16.3785463],[-48.9900196,-16.3783939],[-48.9900103,-16.3780265],[-48.9900103,-16.3777846],[-48.9900103,-16.3776233],[-48.9900103,-16.3774441],[-48.990029,-16.3772917],[-48.9900816,-16.3772094],[-48.9891672,-16.3763897],[-48.9884951,-16.3757247],[-48.9881642,-16.3752921],[-48.9868446,-16.3740106],[-48.9864369,-16.3735371],[-48.9862239,-16.3732502],[-48.9861856,-16.3733161],[-48.9844328,-16.3749387],[-48.9842858,-16.3749567],[-48.9835377,-16.3746572]]]}},{"type":"Feature","properties":{"id":"residencial-das-rosas","nome":"Residencial das Rosas","lat":-16.305034,"lon":-48.926536},"geometry":{"type":"Polygon","coordinates":[[[-48.9272,-16.3033585],[-48.9272025,-16.3032828],[-48.9256089,-16.3025336],[-48.9254707,-16.302959],[-48.9250682,-16.3042388],[-48.9245437,-16.305862],[-48.9245925,-16.3059401],[-48.9270277,-16.3072277],[-48.9274302,-16.3074111],[-48.927395,-16.3071197],[-48.9273678,-16.3065071],[-48.9273373,-16.305817],[-48.9273051,-16.305092],[-48.9272668,-16.3044036],[-48.9272308,-16.3037562],[-48.9272,-16.3033585]]]}},{"type":"Feature","properties":{"id":"residencial-do-trabalhador","nome":"Residencial do Trabalhador","lat":-16.413295,"lon":-48.976352},"geometry":{"type":"Polygon","coordinates":[[[-48.9793767,-16.413957],[-48.9789447,-16.4146366],[-48.9781949,-16.4162259],[-48.977822,-16.4161181],[-48.9763639,-16.4156964],[-48.9742022,-16.4150847],[-48.97311,-16.4136717],[-48.9732429,-16.413615],[-48.9734739,-16.4135104],[-48.9735861,-16.4134901],[-48.9741919,-16.4136704],[-48.9752716,-16.413211],[-48.9754856,-16.4128591],[-48.9756215,-16.4126831],[-48.9757774,-16.4125491],[-48.9759333,-16.4124356],[-48.9759528,-16.4123958],[-48.9757234,-16.4114414],[-48.975805,-16.4114186],[-48.978439,-16.4104257],[-48.9788118,-16.411845],[-48.9789246,-16.4122747],[-48.9789491,-16.41237],[-48.9792437,-16.4135048],[-48.9793767,-16.413957]]]}},{"type":"Feature","properties":{"id":"residencial-dom-emanuel","nome":"Residencial Dom Emanuel","lat":-16.280346,"lon":-48.982443},"geometry":{"type":"Polygon","coordinates":[[[-48.9872518,-16.2814407],[-48.9872357,-16.2816096],[-48.9835151,-16.2819193],[-48.9835334,-16.2811915],[-48.9827325,-16.280967],[-48.981802,-16.2808428],[-48.9814508,-16.2807777],[-48.9813337,-16.2805411],[-48.9812597,-16.2803341],[-48.9813583,-16.2801803],[-48.9814446,-16.2800028],[-48.9813706,-16.2797367],[-48.9811919,-16.2796302],[-48.9812412,-16.2793699],[-48.9812782,-16.2791629],[-48.9813294,-16.2788841],[-48.9822078,-16.2792861],[-48.9872518,-16.2814407]]]}},{"type":"Feature","properties":{"id":"residencial-dom-felipe","nome":"Residencial Dom Felipe","lat":-16.275016,"lon":-48.996553},"geometry":{"type":"Polygon","coordinates":[[[-48.999103,-16.2793257],[-48.9991453,-16.2790254],[-48.998629,-16.2738663],[-48.9985315,-16.2727345],[-48.9981981,-16.2728555],[-48.9978729,-16.273074],[-48.9976086,-16.2732067],[-48.9973687,-16.2733316],[-48.9970679,-16.273355],[-48.9968158,-16.2733199],[-48.9965191,-16.2731833],[-48.9962629,-16.2730506],[-48.9960475,-16.2729179],[-48.9957548,-16.2729101],[-48.995271,-16.273117],[-48.9950148,-16.2731911],[-48.9948603,-16.2732614],[-48.9947465,-16.2733199],[-48.9946649,-16.2743198],[-48.9946314,-16.276164],[-48.9946419,-16.280557],[-48.9950633,-16.2804134],[-48.9965291,-16.2800042],[-48.9969307,-16.2798913],[-48.999103,-16.2793257]]]}},{"type":"Feature","properties":{"id":"residencial-flamboyant","nome":"Residencial Flamboyant","lat":-16.334282,"lon":-48.905241},"geometry":{"type":"Polygon","coordinates":[[[-48.8986479,-16.3351069],[-48.8986956,-16.3351348],[-48.8992562,-16.335508],[-48.8993643,-16.3354539],[-48.8998884,-16.3358219],[-48.8997966,-16.3358716],[-48.9003076,-16.3362235],[-48.9004497,-16.3361469],[-48.9009644,-16.3364904],[-48.9008693,-16.3365337],[-48.9013027,-16.3368258],[-48.9027281,-16.3378762],[-48.9029476,-16.3376879],[-48.9030877,-16.337428],[-48.9033025,-16.3372622],[-48.903466,-16.3371905],[-48.903835,-16.3370703],[-48.9040009,-16.3370163],[-48.9046285,-16.3366199],[-48.9049665,-16.3364037],[-48.9054224,-16.3361309],[-48.9055955,-16.3359713],[-48.9058355,-16.3357499],[-48.9060205,-16.3357788],[-48.9063007,-16.3355906],[-48.9063941,-16.3354427],[-48.9067397,-16.335268],[-48.9069448,-16.3351675],[-48.9069685,-16.3351559],[-48.9070899,-16.3350797],[-48.9073808,-16.334828],[-48.9075943,-16.3346226],[-48.9078418,-16.3345061],[-48.9079352,-16.3343761],[-48.9078371,-16.3342731],[-48.9077613,-16.334135],[-48.9077399,-16.3339842],[-48.9079437,-16.333593],[-48.907874,-16.3332584],[-48.9076701,-16.3327847],[-48.9078698,-16.3327404],[-48.9079865,-16.3325611],[-48.9079305,-16.3323908],[-48.9078605,-16.3322743],[-48.9077997,-16.332113],[-48.9077437,-16.3319382],[-48.9077484,-16.3317858],[-48.9077063,-16.3316783],[-48.9075989,-16.3313466],[-48.9075849,-16.3311987],[-48.9076316,-16.3309971],[-48.907669,-16.330764],[-48.9076363,-16.3305937],[-48.9076363,-16.3304817],[-48.9075662,-16.3303472],[-48.9075191,-16.3303653],[-48.907286,-16.3304548],[-48.9069311,-16.3306341],[-48.9042967,-16.3320273],[-48.8990339,-16.3348714],[-48.8986479,-16.3351069]]]}},{"type":"Feature","properties":{"id":"residencial-flor-do-cerrado","nome":"Residencial Flor do Cerrado","lat":-16.295827,"lon":-48.922311},"geometry":{"type":"Polygon","coordinates":[[[-48.922398,-16.288878],[-48.9223776,-16.2890186],[-48.9219317,-16.2905781],[-48.9217369,-16.2907707],[-48.9216342,-16.2909597],[-48.9212045,-16.2913531],[-48.9207638,-16.2917933],[-48.9207169,-16.2918447],[-48.9197674,-16.2928839],[-48.9197369,-16.2930093],[-48.9188934,-16.2938613],[-48.9178114,-16.2948444],[-48.9167439,-16.2956631],[-48.9166609,-16.2961663],[-48.9172589,-16.2965178],[-48.9174037,-16.2968937],[-48.917629,-16.2970687],[-48.9178007,-16.2971099],[-48.9181708,-16.2970481],[-48.9184444,-16.296904],[-48.9187448,-16.29694],[-48.9191525,-16.2971923],[-48.9193402,-16.2973056],[-48.9194367,-16.2979252],[-48.9195572,-16.2985968],[-48.919925,-16.298011],[-48.9205687,-16.2985516],[-48.920853,-16.2988554],[-48.9215182,-16.2990407],[-48.9218293,-16.2990047],[-48.9223604,-16.2990665],[-48.922972,-16.2992209],[-48.9233046,-16.2992003],[-48.9234762,-16.2992003],[-48.9238464,-16.2989789],[-48.9242648,-16.2987164],[-48.9246242,-16.2984486],[-48.9249729,-16.2983405],[-48.9257024,-16.2980882],[-48.9260243,-16.2979749],[-48.9264535,-16.2978308],[-48.926711,-16.2974806],[-48.9272474,-16.2971614],[-48.9275264,-16.2968113],[-48.9276497,-16.2964148],[-48.9278214,-16.2961574],[-48.9280593,-16.2959345],[-48.9275352,-16.2955343],[-48.9273907,-16.2954111],[-48.9270557,-16.2950491],[-48.9266297,-16.2945091],[-48.926224,-16.2939427],[-48.9240523,-16.2910608],[-48.9229,-16.2895393],[-48.922398,-16.288878]]]}},{"type":"Feature","properties":{"id":"residencial-gabriela","nome":"Residencial Gabriela","lat":-16.362467,"lon":-48.912319},"geometry":{"type":"Polygon","coordinates":[[[-48.9143208,-16.3635249],[-48.9137469,-16.3642373],[-48.9116136,-16.3626989],[-48.9109372,-16.3621635],[-48.9101877,-16.3623711],[-48.9099897,-16.3622141],[-48.9107741,-16.3613008],[-48.9110262,-16.3609868],[-48.9118506,-16.3616219],[-48.9124098,-16.3620527],[-48.912704,-16.3622833],[-48.9127642,-16.3623266],[-48.9128031,-16.3623557],[-48.913178,-16.3626446],[-48.913568,-16.362945],[-48.9136177,-16.3629833],[-48.9139293,-16.3632234],[-48.9143208,-16.3635249]]]}},{"type":"Feature","properties":{"id":"residencial-giovanni-braga","nome":"Residencial Giovanni Braga","lat":-16.369265,"lon":-48.958838},"geometry":{"type":"Polygon","coordinates":[[[-48.9601245,-16.3716688],[-48.9595092,-16.3710083],[-48.9591123,-16.3705656],[-48.9587704,-16.3702192],[-48.957639,-16.3703374],[-48.9573969,-16.3704208],[-48.9573601,-16.3702743],[-48.9571943,-16.369757],[-48.9569594,-16.3691926],[-48.9568059,-16.3686979],[-48.9566493,-16.3684214],[-48.9590693,-16.3673145],[-48.9591872,-16.3675572],[-48.9602226,-16.3670855],[-48.9603134,-16.3670713],[-48.9602624,-16.3676494],[-48.9601004,-16.3683589],[-48.9600466,-16.3690187],[-48.9599959,-16.3696408],[-48.960045,-16.3710423],[-48.9601245,-16.3716688]]]}},{"type":"Feature","properties":{"id":"residencial-girassol","nome":"Residencial Girassol","lat":-16.403064,"lon":-48.893655},"geometry":{"type":"Polygon","coordinates":[[[-48.8956463,-16.4024766],[-48.8938065,-16.4006132],[-48.8915758,-16.4023748],[-48.8934148,-16.4043785],[-48.8936516,-16.4041826],[-48.8938338,-16.4043607],[-48.8956463,-16.4024766]]]}},{"type":"Feature","properties":{"id":"residencial-ildefonso-lim-rio","nome":"Residencial Ildefonso Limírio","lat":-16.358816,"lon":-48.910722},"geometry":{"type":"Polygon","coordinates":[[[-48.9107741,-16.3613008],[-48.9101977,-16.3608249],[-48.9098125,-16.3606004],[-48.9096559,-16.3605495],[-48.9095419,-16.3605124],[-48.9092621,-16.3604772],[-48.9090523,-16.3605003],[-48.9089823,-16.360508],[-48.9084754,-16.3606845],[-48.9084294,-16.3594168],[-48.9084068,-16.358796],[-48.9084124,-16.3586167],[-48.9084339,-16.358439],[-48.9084916,-16.3579613],[-48.9085049,-16.357851],[-48.908591,-16.3571389],[-48.9086921,-16.3563022],[-48.909327,-16.3562145],[-48.9099024,-16.356137],[-48.9111143,-16.3559377],[-48.9116875,-16.3564115],[-48.9121245,-16.3567095],[-48.9129392,-16.3573566],[-48.9130989,-16.3573604],[-48.9136951,-16.3574491],[-48.9136538,-16.3575038],[-48.9134538,-16.357769],[-48.9132208,-16.3580778],[-48.9130513,-16.3583025],[-48.9128105,-16.3586216],[-48.9126227,-16.3588837],[-48.9122311,-16.3593897],[-48.9118545,-16.3598889],[-48.9118159,-16.3599401],[-48.9115122,-16.3603426],[-48.9114143,-16.3604724],[-48.9111821,-16.3607801],[-48.9110262,-16.3609868],[-48.9107741,-16.3613008]]]}},{"type":"Feature","properties":{"id":"residencial-ipanema","nome":"Residencial Ipanema","lat":-16.326336,"lon":-48.892599},"geometry":{"type":"Polygon","coordinates":[[[-48.8947155,-16.3241091],[-48.8937543,-16.326925],[-48.8937057,-16.3269033],[-48.8929942,-16.3266091],[-48.8911718,-16.3294711],[-48.8910165,-16.3294164],[-48.8903298,-16.3291229],[-48.890905,-16.3259164],[-48.8907718,-16.3258403],[-48.8912632,-16.3254575],[-48.8939615,-16.3243764],[-48.8945269,-16.3241318],[-48.8946722,-16.3240932],[-48.8947155,-16.3241091]]]}},{"type":"Feature","properties":{"id":"residencial-itatiaia","nome":"Residencial Itatiaia","lat":-16.364537,"lon":-48.967294},"geometry":{"type":"Polygon","coordinates":[[[-48.9693247,-16.3698971],[-48.9693608,-16.3696563],[-48.9693729,-16.3679632],[-48.9692374,-16.3676513],[-48.9668553,-16.367676],[-48.9668384,-16.36761],[-48.9666802,-16.3669953],[-48.9665356,-16.3664586],[-48.9663864,-16.3659049],[-48.9662287,-16.3653197],[-48.9660839,-16.3647819],[-48.9659444,-16.3642642],[-48.9657879,-16.3636832],[-48.9655064,-16.3626383],[-48.9651367,-16.3612659],[-48.9655295,-16.3610618],[-48.9656638,-16.3609921],[-48.966144,-16.3607482],[-48.9662024,-16.3607123],[-48.9667108,-16.3604482],[-48.9672578,-16.3601641],[-48.9679396,-16.359697],[-48.9678596,-16.361632],[-48.9677517,-16.3628519],[-48.9676022,-16.3632999],[-48.9677495,-16.3637054],[-48.9677151,-16.3643804],[-48.9679927,-16.3648849],[-48.9690041,-16.3663524],[-48.9700333,-16.3679573],[-48.9696803,-16.3699843],[-48.9693247,-16.3698971]]]}},{"type":"Feature","properties":{"id":"residencial-itoror","nome":"Residencial Itororó","lat":-16.358678,"lon":-48.947167},"geometry":{"type":"Polygon","coordinates":[[[-48.9460694,-16.3601218],[-48.9454337,-16.3597855],[-48.9465328,-16.3589192],[-48.946919,-16.3572887],[-48.9469424,-16.3572185],[-48.9471701,-16.3572702],[-48.9472308,-16.3573268],[-48.9477485,-16.3578518],[-48.9478129,-16.3579393],[-48.9484554,-16.3590335],[-48.9485988,-16.3592776],[-48.9486264,-16.3593704],[-48.9467159,-16.3599593],[-48.9460816,-16.3601293],[-48.9460694,-16.3601218]]]}},{"type":"Feature","properties":{"id":"residencial-jandaia-1-etapa","nome":"Residencial Jandaia 1 Etapa","lat":-16.276158,"lon":-48.988984},"geometry":{"type":"Polygon","coordinates":[[[-48.9908567,-16.2734171],[-48.9904119,-16.2734477],[-48.9895759,-16.273645],[-48.9891323,-16.2736719],[-48.9886326,-16.2736719],[-48.9883291,-16.2736719],[-48.9880582,-16.2736495],[-48.987778,-16.2736226],[-48.9873717,-16.2736405],[-48.9870728,-16.2736674],[-48.9869981,-16.2736988],[-48.9867645,-16.2743114],[-48.9867553,-16.2745998],[-48.9886464,-16.2776662],[-48.9887167,-16.2777333],[-48.9887224,-16.2831965],[-48.9889641,-16.283017],[-48.9893854,-16.2827882],[-48.9908861,-16.2820143],[-48.990872,-16.2802252],[-48.9908694,-16.2776766],[-48.990912,-16.2749136],[-48.9909141,-16.2736984],[-48.9908567,-16.2734171]]]}},{"type":"Feature","properties":{"id":"residencial-jandaia-2-etapa","nome":"Residencial Jandaia 2 Etapa","lat":-16.276052,"lon":-48.991652},"geometry":{"type":"Polygon","coordinates":[[[-48.9908861,-16.2820143],[-48.9908721,-16.2819826],[-48.990872,-16.2802252],[-48.9908694,-16.2776766],[-48.9909119,-16.2749544],[-48.990912,-16.2749136],[-48.9909141,-16.2736984],[-48.9908567,-16.2734171],[-48.9910407,-16.2735122],[-48.9912319,-16.2735462],[-48.9913062,-16.2735394],[-48.9915433,-16.27357],[-48.9917309,-16.2735122],[-48.9919326,-16.2734851],[-48.992099,-16.2734477],[-48.9922087,-16.2734715],[-48.9923998,-16.2735122],[-48.9925484,-16.2735734],[-48.9926334,-16.273621],[-48.9926865,-16.2736787],[-48.9927027,-16.2741153],[-48.9926809,-16.2754739],[-48.9926647,-16.2759854],[-48.9916853,-16.2759481],[-48.9916284,-16.2760301],[-48.991543,-16.276194],[-48.9915634,-16.276553],[-48.9916325,-16.2767208],[-48.9916463,-16.2769408],[-48.9916412,-16.2776803],[-48.991846,-16.2776812],[-48.9918296,-16.2815252],[-48.991614,-16.2816369],[-48.9910186,-16.2819459],[-48.9908861,-16.2820143]]]}},{"type":"Feature","properties":{"id":"residencial-jardins-do-lago","nome":"Residencial Jardins do Lago","lat":-16.348394,"lon":-48.929644},"geometry":{"type":"Polygon","coordinates":[[[-48.9320895,-16.3517742],[-48.9322229,-16.3519768],[-48.9317537,-16.3523875],[-48.9310004,-16.3529654],[-48.930827,-16.3530726],[-48.9306536,-16.3531798],[-48.9303317,-16.3533238],[-48.9295554,-16.3530851],[-48.9292581,-16.3528202],[-48.9288334,-16.3518829],[-48.9266655,-16.3475958],[-48.9267551,-16.3475406],[-48.9268157,-16.3474259],[-48.9268667,-16.3472123],[-48.9269123,-16.346924],[-48.9269858,-16.3468199],[-48.9271038,-16.346838],[-48.9272341,-16.3466358],[-48.9273506,-16.346475],[-48.9274981,-16.3464107],[-48.9276016,-16.3463295],[-48.9276821,-16.3462085],[-48.9278886,-16.3458431],[-48.9281461,-16.3455728],[-48.928343,-16.3454919],[-48.928476,-16.345421],[-48.9286718,-16.3451378],[-48.9287839,-16.3450567],[-48.9289245,-16.3450513],[-48.9289935,-16.3450475],[-48.929159,-16.3451382],[-48.9293926,-16.3452197],[-48.9295413,-16.3452265],[-48.929697,-16.3452673],[-48.9298669,-16.3453624],[-48.9299447,-16.3454982],[-48.9299943,-16.3456408],[-48.9301005,-16.3458242],[-48.9302349,-16.3461027],[-48.9303624,-16.3462318],[-48.9304261,-16.3465646],[-48.9302916,-16.3468295],[-48.9302562,-16.347237],[-48.9302703,-16.3474748],[-48.9303128,-16.3478823],[-48.9303128,-16.3481811],[-48.930419,-16.3486091],[-48.9305676,-16.3489079],[-48.9306597,-16.3491728],[-48.9307658,-16.3494309],[-48.9306172,-16.3497773],[-48.930511,-16.3499539],[-48.9305676,-16.3500626],[-48.9307234,-16.3501169],[-48.9309357,-16.3503071],[-48.9310207,-16.350538],[-48.9311481,-16.3511425],[-48.9311127,-16.3513938],[-48.931233,-16.3515093],[-48.9314595,-16.3516112],[-48.9316719,-16.3516927],[-48.9318134,-16.3516859],[-48.9319621,-16.3517131],[-48.9320895,-16.3517742]]]}},{"type":"Feature","properties":{"id":"residencial-marla-cristina","nome":"Residencial Marla Cristina","lat":-16.385834,"lon":-48.957371},"geometry":{"type":"Polygon","coordinates":[[[-48.9567228,-16.383249],[-48.9551143,-16.3854801],[-48.9557873,-16.3866182],[-48.9561493,-16.3866389],[-48.9579061,-16.3867392],[-48.9590004,-16.3868016],[-48.9590032,-16.3867536],[-48.9590083,-16.3866647],[-48.9577826,-16.3859389],[-48.9574682,-16.3850941],[-48.9571347,-16.3841977],[-48.9567228,-16.383249]]]}},{"type":"Feature","properties":{"id":"residencial-monte-sinai","nome":"Residencial Monte Sinai","lat":-16.250408,"lon":-48.931898},"geometry":{"type":"Polygon","coordinates":[[[-48.9358055,-16.2537542],[-48.9343294,-16.2482752],[-48.9336612,-16.248303],[-48.9330621,-16.2483273],[-48.9324265,-16.2474059],[-48.9322656,-16.2465149],[-48.9319437,-16.2466488],[-48.9315843,-16.2467981],[-48.931139,-16.2469887],[-48.9308601,-16.2471896],[-48.9303397,-16.2474986],[-48.930048,-16.2476714],[-48.9288866,-16.2482747],[-48.9278848,-16.2487096],[-48.9293047,-16.2532928],[-48.9297924,-16.2532697],[-48.9300557,-16.2533301],[-48.930322,-16.2533971],[-48.9310708,-16.253465],[-48.9312208,-16.253431],[-48.9329911,-16.2533588],[-48.9336589,-16.2534448],[-48.9342856,-16.2535452],[-48.9348963,-16.2535824],[-48.9356236,-16.2537198],[-48.9358055,-16.2537542]]]}},{"type":"Feature","properties":{"id":"residencial-morada-nova","nome":"Residencial Morada Nova","lat":-16.317105,"lon":-48.907516},"geometry":{"type":"Polygon","coordinates":[[[-48.9111941,-16.3171032],[-48.9109444,-16.3174998],[-48.9104816,-16.3174033],[-48.909703,-16.3183816],[-48.9095025,-16.3182654],[-48.9090518,-16.318008],[-48.9086485,-16.319363],[-48.9085798,-16.3195937],[-48.9084637,-16.3195654],[-48.9082438,-16.3193388],[-48.9078519,-16.319056],[-48.9077139,-16.3189564],[-48.9074463,-16.3187632],[-48.9073152,-16.3186686],[-48.9069569,-16.31841],[-48.9064543,-16.3180472],[-48.9054605,-16.3173298],[-48.9049452,-16.3169579],[-48.9045731,-16.3166948],[-48.9048983,-16.3162712],[-48.9051823,-16.3159113],[-48.9052818,-16.3157853],[-48.9054942,-16.315516],[-48.9056286,-16.3153457],[-48.9059833,-16.3148963],[-48.9062977,-16.3144814],[-48.9067168,-16.3139667],[-48.9067447,-16.3139301],[-48.9070094,-16.3141152],[-48.9097542,-16.3160542],[-48.9104653,-16.3165678],[-48.9111941,-16.3171032]]]}},{"type":"Feature","properties":{"id":"residencial-morumbi","nome":"Residencial Morumbi","lat":-16.382263,"lon":-48.975811},"geometry":{"type":"Polygon","coordinates":[[[-48.978123,-16.376018],[-48.9780233,-16.3760064],[-48.9774252,-16.3758366],[-48.9774537,-16.3758108],[-48.9773647,-16.3757837],[-48.9768797,-16.3756358],[-48.9768441,-16.3756822],[-48.9766044,-16.3755844],[-48.976236,-16.3754969],[-48.97575,-16.3752323],[-48.9755557,-16.3751778],[-48.9754296,-16.3751803],[-48.9751899,-16.3750234],[-48.9750946,-16.3750896],[-48.9744758,-16.3766128],[-48.9745715,-16.3767574],[-48.9744335,-16.3773516],[-48.9742955,-16.3779119],[-48.974299,-16.3788083],[-48.9742383,-16.3796091],[-48.974161,-16.3809679],[-48.9741079,-16.3811343],[-48.974122,-16.3818575],[-48.9740583,-16.382136],[-48.9740159,-16.3826657],[-48.9740204,-16.3838443],[-48.9738672,-16.3845875],[-48.9736942,-16.384774],[-48.9736195,-16.3852598],[-48.9734551,-16.3858262],[-48.9733394,-16.3862882],[-48.9730518,-16.3872961],[-48.9752315,-16.3879261],[-48.9755012,-16.3891416],[-48.9755353,-16.3894691],[-48.9754078,-16.3900026],[-48.9759611,-16.3901605],[-48.9763969,-16.3902848],[-48.9765238,-16.390321],[-48.9767092,-16.3903739],[-48.9767356,-16.3902701],[-48.9763123,-16.3882049],[-48.9763723,-16.3882227],[-48.9764435,-16.3882438],[-48.9768532,-16.3883617],[-48.9769947,-16.3884073],[-48.9772947,-16.3884963],[-48.9776983,-16.3886439],[-48.9784024,-16.3888468],[-48.9775194,-16.3850755],[-48.9771294,-16.3834152],[-48.976884,-16.3821469],[-48.976696,-16.3804592],[-48.9766922,-16.3801121],[-48.9767563,-16.3792154],[-48.9768578,-16.3786203],[-48.9770221,-16.3781241],[-48.9773181,-16.3774668],[-48.978123,-16.376018]]]}},{"type":"Feature","properties":{"id":"residencial-m-nica-braga","nome":"Residencial Mônica Braga","lat":-16.288256,"lon":-48.976445},"geometry":{"type":"Polygon","coordinates":[[[-48.9777268,-16.2890524],[-48.9776245,-16.2892999],[-48.9771849,-16.2894583],[-48.9765983,-16.2895277],[-48.975677,-16.2896277],[-48.9749626,-16.2896921],[-48.9745365,-16.2897333],[-48.9751512,-16.2891617],[-48.9751534,-16.2890209],[-48.9751604,-16.2887737],[-48.9752496,-16.2856518],[-48.9759001,-16.285937],[-48.9761194,-16.2860331],[-48.9767485,-16.2863089],[-48.9768347,-16.2863467],[-48.9776297,-16.2866952],[-48.978009,-16.2868615],[-48.977098,-16.2885111],[-48.977166,-16.2886387],[-48.9770938,-16.2889654],[-48.9770425,-16.2891626],[-48.9771195,-16.2891828],[-48.9777268,-16.2890524]]]}},{"type":"Feature","properties":{"id":"residencial-nova-alian-a","nome":"Residencial Nova Aliança","lat":-16.405191,"lon":-48.89691},"geometry":{"type":"Polygon","coordinates":[[[-48.8986705,-16.4045373],[-48.8973163,-16.4034285],[-48.8969545,-16.4037931],[-48.8966361,-16.4041201],[-48.8963072,-16.4044666],[-48.8959821,-16.4048091],[-48.8956613,-16.4051472],[-48.8953143,-16.4055128],[-48.8950182,-16.4058247],[-48.8963281,-16.4069966],[-48.8966163,-16.4066964],[-48.8969523,-16.4063464],[-48.8972865,-16.4059983],[-48.8976167,-16.4056545],[-48.8979543,-16.4053029],[-48.8982841,-16.4049594],[-48.8985713,-16.4046603],[-48.8986705,-16.4045373]]]}},{"type":"Feature","properties":{"id":"residencial-paris","nome":"Residencial Paris","lat":-16.33138,"lon":-48.98243},"geometry":{"type":"Polygon","coordinates":[[[-48.9841342,-16.3308493],[-48.9797602,-16.3294237],[-48.9794996,-16.3298488],[-48.9793473,-16.3300834],[-48.9791982,-16.3303248],[-48.9818891,-16.3319981],[-48.9819618,-16.3320377],[-48.9831535,-16.3326868],[-48.983331,-16.3325523],[-48.9833777,-16.3323731],[-48.9833683,-16.3320325],[-48.983331,-16.3318622],[-48.983387,-16.3317546],[-48.9836018,-16.331665],[-48.9838447,-16.3315305],[-48.9839941,-16.3313334],[-48.9841249,-16.3311003],[-48.9841342,-16.3308493]]]}},{"type":"Feature","properties":{"id":"residencial-reny-cury","nome":"Residencial Reny Cury","lat":-16.375933,"lon":-48.981093},"geometry":{"type":"Polygon","coordinates":[[[-48.9825996,-16.3773898],[-48.9824416,-16.3773188],[-48.9823071,-16.3771917],[-48.982047,-16.3769652],[-48.9818163,-16.3768005],[-48.9813051,-16.3765729],[-48.9807419,-16.3763777],[-48.980116,-16.376283],[-48.979434,-16.3762093],[-48.9788371,-16.3761185],[-48.9787082,-16.3761014],[-48.9781631,-16.3760311],[-48.978123,-16.376018],[-48.9801156,-16.3731589],[-48.9804001,-16.373281],[-48.9817613,-16.3738652],[-48.9835377,-16.3746572],[-48.9834162,-16.3753561],[-48.9830608,-16.3762086],[-48.9829306,-16.3767541],[-48.9825996,-16.3773898]]]}},{"type":"Feature","properties":{"id":"residencial-rio-jord-o","nome":"Residencial Rio Jordão","lat":-16.333758,"lon":-48.979883},"geometry":{"type":"Polygon","coordinates":[[[-48.9819618,-16.3320377],[-48.9831535,-16.3326868],[-48.9829165,-16.3329371],[-48.9826988,-16.3330238],[-48.9822982,-16.3331081],[-48.9821224,-16.3333517],[-48.9820629,-16.3335122],[-48.9821231,-16.3336065],[-48.9820593,-16.3337608],[-48.9819377,-16.3339421],[-48.9817416,-16.3340052],[-48.9812928,-16.3342314],[-48.9809831,-16.3343222],[-48.9808553,-16.33446],[-48.9807374,-16.3346709],[-48.980745,-16.3347785],[-48.9804067,-16.3348381],[-48.9802049,-16.3350148],[-48.9799359,-16.3349626],[-48.9794167,-16.3349091],[-48.9792557,-16.3349246],[-48.9791593,-16.3350172],[-48.979127,-16.3351922],[-48.9789664,-16.3353946],[-48.9786281,-16.3354342],[-48.9784189,-16.3353261],[-48.9781775,-16.3352694],[-48.978067,-16.3351135],[-48.977935,-16.3343783],[-48.9778316,-16.334404],[-48.9777965,-16.3342062],[-48.9777685,-16.3340481],[-48.9776669,-16.3337633],[-48.977628,-16.3334564],[-48.9775921,-16.3333968],[-48.9772452,-16.332247],[-48.9784342,-16.331454],[-48.9787388,-16.3310773],[-48.9788394,-16.3309404],[-48.9790831,-16.3305571],[-48.9791982,-16.3303248],[-48.9819618,-16.3320377]]]}},{"type":"Feature","properties":{"id":"residencial-rose-s-garden","nome":"Residencial Rose's Garden","lat":-16.369606,"lon":-48.916141},"geometry":{"type":"Polygon","coordinates":[[[-48.9190719,-16.370144],[-48.9166582,-16.3683307],[-48.9164302,-16.3686328],[-48.9156885,-16.3680318],[-48.9154445,-16.3681887],[-48.9153924,-16.3683112],[-48.9153388,-16.3683987],[-48.9152105,-16.3684399],[-48.9151188,-16.3686046],[-48.9149155,-16.3685943],[-48.9145615,-16.368795],[-48.9142712,-16.369531],[-48.9140352,-16.3698193],[-48.9172364,-16.3721983],[-48.9173158,-16.3722095],[-48.9174045,-16.3721871],[-48.9174495,-16.3721945],[-48.9189927,-16.370295],[-48.9190719,-16.370144]]]}},{"type":"Feature","properties":{"id":"residencial-santa-cruz","nome":"Residencial Santa Cruz","lat":-16.28415,"lon":-48.945608},"geometry":{"type":"Polygon","coordinates":[[[-48.9438562,-16.2856326],[-48.9440386,-16.2852413],[-48.9444463,-16.2852207],[-48.9444574,-16.2847478],[-48.9451097,-16.2847178],[-48.9450278,-16.2841376],[-48.9447646,-16.282565],[-48.9449802,-16.2825295],[-48.9448873,-16.2819454],[-48.944833,-16.2814115],[-48.9459625,-16.2808593],[-48.9469692,-16.2806569],[-48.9478186,-16.2814043],[-48.9478187,-16.2816714],[-48.9479236,-16.2833178],[-48.9479598,-16.283916],[-48.9480079,-16.2845205],[-48.9480899,-16.2850005],[-48.9465531,-16.2855276],[-48.9460418,-16.2856814],[-48.9456679,-16.285721],[-48.9454203,-16.2857845],[-48.9445038,-16.2860788],[-48.9442991,-16.2860868],[-48.9441625,-16.2859937],[-48.9440671,-16.2859121],[-48.9437563,-16.285756],[-48.9438562,-16.2856326]]]}},{"type":"Feature","properties":{"id":"residencial-santo-antonio","nome":"Residencial Santo Antonio","lat":-16.315606,"lon":-48.89815},"geometry":{"type":"Polygon","coordinates":[[[-48.8995262,-16.315185],[-48.8993637,-16.3151867],[-48.8989133,-16.3151572],[-48.8979585,-16.3150946],[-48.8962505,-16.3149827],[-48.8960761,-16.3159023],[-48.8984403,-16.3166292],[-48.8986687,-16.3167067],[-48.8995262,-16.315185]]]}},{"type":"Feature","properties":{"id":"residencial-santo-expedito","nome":"Residencial Santo Expedito","lat":-16.307263,"lon":-48.890097},"geometry":{"type":"Polygon","coordinates":[[[-48.8943494,-16.3070124],[-48.8942132,-16.3067095],[-48.8934703,-16.3051127],[-48.8888977,-16.3072422],[-48.8888282,-16.3072746],[-48.8883936,-16.3074763],[-48.8879134,-16.3076991],[-48.8877791,-16.307751],[-48.8881223,-16.3084506],[-48.8893274,-16.3080697],[-48.8899057,-16.3071071],[-48.8899674,-16.3072493],[-48.8943494,-16.3070124]]]}},{"type":"Feature","properties":{"id":"residencial-shangril","nome":"Residencial Shangrilá","lat":-16.358109,"lon":-48.941604},"geometry":{"type":"Polygon","coordinates":[[[-48.9400294,-16.3597583],[-48.9400487,-16.3596578],[-48.9400685,-16.3594567],[-48.9400434,-16.3592048],[-48.9400085,-16.3590144],[-48.9399227,-16.3588265],[-48.9393406,-16.3579309],[-48.9392575,-16.3577301],[-48.9394414,-16.3575521],[-48.9395829,-16.3574434],[-48.9398236,-16.3574027],[-48.940128,-16.3574027],[-48.9403332,-16.3574366],[-48.9404536,-16.3574434],[-48.9406659,-16.3574298],[-48.9410836,-16.3572804],[-48.9415083,-16.35726],[-48.9418693,-16.3572261],[-48.9421453,-16.3571853],[-48.942655,-16.3571989],[-48.9429876,-16.3572057],[-48.9432142,-16.3571853],[-48.9432849,-16.3571514],[-48.9435681,-16.3571989],[-48.9437875,-16.3571581],[-48.9440334,-16.3571296],[-48.9439476,-16.3572222],[-48.9437759,-16.3573252],[-48.943615,-16.3576031],[-48.9432926,-16.3579037],[-48.9430088,-16.3583186],[-48.9425952,-16.3588457],[-48.9423061,-16.3591319],[-48.9421822,-16.3593707],[-48.942113,-16.35959],[-48.9420057,-16.3598628],[-48.9417101,-16.3601325],[-48.9411311,-16.3599726],[-48.9400294,-16.3597583]]]}},{"type":"Feature","properties":{"id":"residencial-s-o-crist-v-o","nome":"Residencial São Cristóvão","lat":-16.313847,"lon":-48.895437},"geometry":{"type":"Polygon","coordinates":[[[-48.8969314,-16.3145305],[-48.8964746,-16.3144734],[-48.8930862,-16.3147468],[-48.8934127,-16.3130038],[-48.8953969,-16.3128263],[-48.895765,-16.3131701],[-48.8969922,-16.3141802],[-48.8969314,-16.3145305]]]}},{"type":"Feature","properties":{"id":"residencial-tangar","nome":"Residencial Tangará","lat":-16.361534,"lon":-48.947664},"geometry":{"type":"Polygon","coordinates":[[[-48.9486264,-16.3593704],[-48.9467159,-16.3599593],[-48.9460816,-16.3601293],[-48.9458853,-16.3609196],[-48.9459232,-16.3610054],[-48.9459091,-16.3610833],[-48.9455317,-16.3630888],[-48.9454685,-16.3634601],[-48.9456386,-16.363549],[-48.9459734,-16.3635173],[-48.9459876,-16.3634493],[-48.9467414,-16.3633611],[-48.9467166,-16.3631437],[-48.9473999,-16.363045],[-48.9477539,-16.3631011],[-48.9478256,-16.3629487],[-48.9478903,-16.3628245],[-48.9479673,-16.3626649],[-48.9480351,-16.362452],[-48.9481706,-16.3622274],[-48.9481614,-16.3620589],[-48.9482415,-16.3619081],[-48.948297,-16.3617692],[-48.948337,-16.3615888],[-48.9484109,-16.3614706],[-48.948451,-16.3612607],[-48.9484941,-16.3609739],[-48.9485373,-16.3608261],[-48.948679,-16.3606369],[-48.9487622,-16.3605216],[-48.9488731,-16.3602289],[-48.9489286,-16.3601255],[-48.9490703,-16.3599244],[-48.9490594,-16.3598082],[-48.9489847,-16.3596878],[-48.9490438,-16.3593996],[-48.9489975,-16.359262],[-48.9486264,-16.3593704]]]}},{"type":"Feature","properties":{"id":"residencial-terezinha-braga","nome":"Residencial Terezinha Braga","lat":-16.324476,"lon":-48.976012},"geometry":{"type":"Polygon","coordinates":[[[-48.9747435,-16.3257586],[-48.9747222,-16.3256813],[-48.9747547,-16.3252248],[-48.9748132,-16.3252026],[-48.9748352,-16.3250556],[-48.9749393,-16.3243609],[-48.974861,-16.3243648],[-48.9749133,-16.3241089],[-48.9750132,-16.3236579],[-48.9751512,-16.3237045],[-48.9751842,-16.3238615],[-48.9752378,-16.3239491],[-48.9753926,-16.3240289],[-48.9754792,-16.3239748],[-48.9755382,-16.3235887],[-48.9755972,-16.3234651],[-48.9757796,-16.3234754],[-48.9759344,-16.3234523],[-48.9762302,-16.3233467],[-48.9764065,-16.323303],[-48.9765736,-16.3233107],[-48.9767015,-16.3234574],[-48.9767345,-16.323738],[-48.976739,-16.3238641],[-48.9768203,-16.3239697],[-48.9769705,-16.3240417],[-48.9770456,-16.3242116],[-48.9771339,-16.3242995],[-48.9770964,-16.3244679],[-48.9770436,-16.3246161],[-48.977007,-16.3248034],[-48.976885,-16.3249907],[-48.9768322,-16.325096],[-48.9767427,-16.3252599],[-48.976637,-16.325217],[-48.9765761,-16.3252911],[-48.9765761,-16.3256306],[-48.9765701,-16.3257715],[-48.9765221,-16.3260454],[-48.9764989,-16.3260417],[-48.9752687,-16.3258433],[-48.9747435,-16.3257586]]]}},{"type":"Feature","properties":{"id":"residencial-vale-do-sol","nome":"Residencial Vale do Sol","lat":-16.290909,"lon":-48.929168},"geometry":{"type":"Polygon","coordinates":[[[-48.9336512,-16.2925831],[-48.9333554,-16.291897],[-48.9330934,-16.2913659],[-48.9329018,-16.2908303],[-48.9326801,-16.2903084],[-48.9325362,-16.2899337],[-48.9324683,-16.2897716],[-48.9322948,-16.2894085],[-48.9322022,-16.289233],[-48.9320373,-16.2888987],[-48.9319398,-16.2887584],[-48.9316822,-16.2884667],[-48.9314322,-16.2880157],[-48.9313721,-16.2878792],[-48.9313598,-16.2878618],[-48.9309966,-16.2873489],[-48.9286898,-16.2877451],[-48.9266095,-16.2881023],[-48.9246311,-16.288457],[-48.9226273,-16.2887861],[-48.9224729,-16.2888441],[-48.922398,-16.288878],[-48.9229,-16.2895393],[-48.9240523,-16.2910608],[-48.926224,-16.2939427],[-48.9266297,-16.2945091],[-48.9270557,-16.2950491],[-48.9273907,-16.2954111],[-48.9280593,-16.2959345],[-48.9287433,-16.2962983],[-48.9295105,-16.2966088],[-48.9293638,-16.2973554],[-48.9336512,-16.2925831]]]}},{"type":"Feature","properties":{"id":"residencial-vale-dos-pirineus","nome":"Residencial Vale dos Pirineus","lat":-16.270629,"lon":-48.951437},"geometry":{"type":"Polygon","coordinates":[[[-48.9530447,-16.2712262],[-48.9522805,-16.2712737],[-48.9521365,-16.2713331],[-48.9519205,-16.2713486],[-48.9506421,-16.2714404],[-48.9501421,-16.2714763],[-48.9500362,-16.2714861],[-48.9500215,-16.2714256],[-48.9497665,-16.2694918],[-48.9498954,-16.269481],[-48.9504052,-16.269438],[-48.9526721,-16.2692472],[-48.9527644,-16.2697374],[-48.9528677,-16.2702859],[-48.9529553,-16.2707511],[-48.9530447,-16.2712262]]]}},{"type":"Feature","properties":{"id":"residencial-val-ncia","nome":"Residencial Valência","lat":-16.324076,"lon":-48.983437},"geometry":{"type":"Polygon","coordinates":[[[-48.9821802,-16.3256817],[-48.9824457,-16.3245538],[-48.9827282,-16.3233739],[-48.9827958,-16.3231407],[-48.983005,-16.323393],[-48.9831928,-16.3234959],[-48.9834235,-16.3234856],[-48.9837292,-16.3233054],[-48.9840189,-16.3233312],[-48.984212,-16.3234393],[-48.984314,-16.3237121],[-48.9844588,-16.3237945],[-48.9844975,-16.323852],[-48.9841828,-16.3254638],[-48.9832592,-16.3255657],[-48.9825412,-16.325625],[-48.9821802,-16.3256817]]]}},{"type":"Feature","properties":{"id":"residencial-veneza","nome":"Residencial Veneza","lat":-16.277068,"lon":-48.96082},"geometry":{"type":"Polygon","coordinates":[[[-48.9648616,-16.2770981],[-48.9641453,-16.2744686],[-48.9634001,-16.2746149],[-48.9617624,-16.2749458],[-48.9599255,-16.2753195],[-48.9594886,-16.2754529],[-48.9595771,-16.2756873],[-48.9595063,-16.275813],[-48.9593966,-16.2759795],[-48.9594001,-16.2761834],[-48.9594921,-16.2765367],[-48.9595771,-16.2768187],[-48.9596195,-16.2770531],[-48.9598248,-16.2772875],[-48.9598673,-16.2776068],[-48.9598637,-16.2778447],[-48.9600266,-16.2780655],[-48.9600513,-16.2782693],[-48.9601894,-16.2783746],[-48.9604902,-16.2786362],[-48.9607485,-16.2789454],[-48.960968,-16.2793497],[-48.9612432,-16.2797713],[-48.9621485,-16.2791791],[-48.9649322,-16.2773951],[-48.9648616,-16.2770981]]]}},{"type":"Feature","properties":{"id":"residencial-verona","nome":"Residencial Verona","lat":-16.274103,"lon":-48.966804},"geometry":{"type":"Polygon","coordinates":[[[-48.9649322,-16.2773951],[-48.9648616,-16.2770981],[-48.9641453,-16.2744686],[-48.9638645,-16.2733887],[-48.9657477,-16.2725014],[-48.9679632,-16.2713917],[-48.9680579,-16.2718829],[-48.9683754,-16.2729988],[-48.96858,-16.2736666],[-48.9684306,-16.2743667],[-48.9682915,-16.2749076],[-48.9683976,-16.2751742],[-48.9649322,-16.2773951]]]}},{"type":"Feature","properties":{"id":"residencial-victor-braga","nome":"Residencial Victor Braga","lat":-16.358359,"lon":-48.956805},"geometry":{"type":"Polygon","coordinates":[[[-48.9521981,-16.3618753],[-48.9545444,-16.3603597],[-48.9556287,-16.3591951],[-48.9559165,-16.3589172],[-48.9561154,-16.3587126],[-48.9563851,-16.3585748],[-48.9564081,-16.3583437],[-48.9566276,-16.358151],[-48.9567606,-16.35816],[-48.9568377,-16.3578934],[-48.9569545,-16.3578934],[-48.9569839,-16.3578951],[-48.9570277,-16.3576201],[-48.9570752,-16.3573213],[-48.9571122,-16.3570885],[-48.9572142,-16.3564475],[-48.9573211,-16.355776],[-48.95748,-16.3551505],[-48.9575169,-16.3550707],[-48.9575642,-16.3550734],[-48.9581863,-16.3551804],[-48.958469,-16.3552066],[-48.9587828,-16.3552227],[-48.9588997,-16.3557159],[-48.9586812,-16.3558026],[-48.9586179,-16.3561386],[-48.958534,-16.3561668],[-48.958531,-16.3563876],[-48.9585333,-16.356627],[-48.9585688,-16.3572266],[-48.9586435,-16.3572648],[-48.9587017,-16.3573283],[-48.95865,-16.3574082],[-48.9585281,-16.3577024],[-48.958487,-16.3578025],[-48.9585105,-16.3578775],[-48.9585576,-16.3579931],[-48.9586488,-16.3580601],[-48.9587052,-16.3580833],[-48.9582787,-16.3584667],[-48.9579622,-16.3586778],[-48.9579085,-16.3587447],[-48.9576564,-16.3588759],[-48.9576403,-16.3589171],[-48.9567954,-16.3593752],[-48.9567579,-16.3594679],[-48.9570459,-16.3599936],[-48.9569805,-16.3600315],[-48.9555086,-16.3609842],[-48.9542047,-16.3618386],[-48.9534239,-16.3623503],[-48.9527754,-16.3627928],[-48.9525945,-16.3625671],[-48.9524086,-16.3622825],[-48.9523929,-16.3622007],[-48.9523507,-16.3621504],[-48.9523,-16.3620349],[-48.9521981,-16.3618753]]]}},{"type":"Feature","properties":{"id":"residencial-vida-nova","nome":"Residencial Vida Nova","lat":-16.303631,"lon":-48.902078},"geometry":{"type":"Polygon","coordinates":[[[-48.9052274,-16.3073137],[-48.9070261,-16.3043113],[-48.9006556,-16.299511],[-48.8983716,-16.3009528],[-48.8991089,-16.3060661],[-48.9052274,-16.3073137]]]}},{"type":"Feature","properties":{"id":"residencial-vila-feliz","nome":"Residencial Vila Feliz","lat":-16.311011,"lon":-48.900532},"geometry":{"type":"Polygon","coordinates":[[[-48.9026062,-16.3103495],[-48.9025733,-16.3103986],[-48.9015822,-16.3116608],[-48.9005091,-16.3130275],[-48.9003742,-16.3131994],[-48.9003037,-16.3132061],[-48.900279,-16.3128291],[-48.9001905,-16.312272],[-48.9000737,-16.3116946],[-48.8998295,-16.310431],[-48.8994508,-16.308342],[-48.8993977,-16.3079581],[-48.899746,-16.3077797],[-48.9026062,-16.3103495]]]}},{"type":"Feature","properties":{"id":"residencial-vila-feliz-2-etapa","nome":"Residencial Vila Feliz 2 Etapa","lat":-16.306757,"lon":-48.897709},"geometry":{"type":"Polygon","coordinates":[[[-48.8990378,-16.3071615],[-48.8989455,-16.3071868],[-48.8984941,-16.3068496],[-48.8953803,-16.3069719],[-48.8957486,-16.3068031],[-48.897495,-16.3060591],[-48.897633,-16.3059474],[-48.8989393,-16.3070787],[-48.8990378,-16.3071615]]]}},{"type":"Feature","properties":{"id":"residencial-virg-nia-corr-a","nome":"Residencial Virgínia Corrêa","lat":-16.320005,"lon":-48.950278},"geometry":{"type":"Polygon","coordinates":[[[-48.9514321,-16.3191503],[-48.9512446,-16.318923],[-48.9506962,-16.3192985],[-48.9505307,-16.319086],[-48.9502288,-16.3193217],[-48.9501234,-16.319185],[-48.9498469,-16.3191908],[-48.9497626,-16.3192509],[-48.9497379,-16.3192207],[-48.9496931,-16.3191724],[-48.9496355,-16.3192045],[-48.9493774,-16.3193508],[-48.9494018,-16.3194171],[-48.949215,-16.3194834],[-48.9494172,-16.3199553],[-48.949635,-16.3204949],[-48.9498812,-16.3210304],[-48.9500635,-16.3214267],[-48.950271,-16.3213147],[-48.9504373,-16.321226],[-48.950462,-16.3212614],[-48.9506253,-16.321291],[-48.9508821,-16.3213947],[-48.9509661,-16.3212517],[-48.9512533,-16.3205999],[-48.9513202,-16.3202146],[-48.9513535,-16.3194274],[-48.9514321,-16.3191503]]]}},{"type":"Feature","properties":{"id":"residenical-portal-do-cerrado","nome":"Residenical Portal do Cerrado","lat":-16.285699,"lon":-48.934174},"geometry":{"type":"Polygon","coordinates":[[[-48.9389306,-16.2859637],[-48.9390069,-16.2859771],[-48.9386173,-16.28547],[-48.9382712,-16.2850195],[-48.9379175,-16.2845591],[-48.9378575,-16.284481],[-48.9376076,-16.2841558],[-48.9337251,-16.2848464],[-48.9335626,-16.2848641],[-48.9328846,-16.2849861],[-48.9326115,-16.2850392],[-48.9321367,-16.2851218],[-48.931524,-16.2852306],[-48.9314377,-16.2852459],[-48.9308077,-16.2853571],[-48.9301598,-16.2854715],[-48.9294944,-16.2855864],[-48.930006,-16.2861866],[-48.9304957,-16.2867612],[-48.9307,-16.2870027],[-48.9309966,-16.2873489],[-48.9326522,-16.2870594],[-48.9331902,-16.2869654],[-48.9353915,-16.2865807],[-48.9361518,-16.2864478],[-48.9379179,-16.2861401],[-48.9386548,-16.2860117],[-48.9389306,-16.2859637]]]}},{"type":"Feature","properties":{"id":"reverendo-archibald","nome":"Reverendo Archibald","lat":-16.288883,"lon":-48.955551},"geometry":{"type":"Polygon","coordinates":[[[-48.955725,-16.2944488],[-48.9556857,-16.2945174],[-48.9554405,-16.2945347],[-48.9552636,-16.2945932],[-48.9554136,-16.2943833],[-48.955603,-16.2942688],[-48.9556777,-16.2941596],[-48.956466,-16.2927249],[-48.9563875,-16.2924309],[-48.9561355,-16.2917672],[-48.9559901,-16.2913842],[-48.955958,-16.2911268],[-48.9559499,-16.290948],[-48.9559142,-16.2907348],[-48.9556523,-16.2907733],[-48.9552158,-16.2896623],[-48.9549496,-16.2890437],[-48.9549798,-16.2888914],[-48.9547826,-16.2883905],[-48.9545719,-16.2878551],[-48.9546477,-16.2878443],[-48.954516,-16.2871366],[-48.9542691,-16.2871736],[-48.954064,-16.2863371],[-48.9539759,-16.2859642],[-48.9538264,-16.2854644],[-48.9536607,-16.2848615],[-48.9534809,-16.2841846],[-48.9533951,-16.2839566],[-48.9533548,-16.2837722],[-48.9538672,-16.2836606],[-48.9545994,-16.2834185],[-48.9552966,-16.2831964],[-48.955468,-16.2831418],[-48.9559277,-16.2829953],[-48.9565043,-16.2828116],[-48.9566227,-16.2827744],[-48.956643,-16.2829105],[-48.9568361,-16.2840439],[-48.9580953,-16.2908051],[-48.9587274,-16.2943143],[-48.9588034,-16.2945125],[-48.9584998,-16.2944811],[-48.9574061,-16.2944723],[-48.955725,-16.2944488]]]}},{"type":"Feature","properties":{"id":"santa-clara","nome":"Santa Clara","lat":-16.370023,"lon":-48.946273},"geometry":{"type":"Polygon","coordinates":[[[-48.9431366,-16.3713692],[-48.9438593,-16.3713475],[-48.9444923,-16.370802],[-48.9445585,-16.3707275],[-48.9446452,-16.3706862],[-48.944385,-16.3702381],[-48.9443303,-16.3701485],[-48.9443582,-16.3700428],[-48.9443957,-16.3698845],[-48.9443376,-16.3697208],[-48.9449631,-16.3694881],[-48.9451965,-16.3693105],[-48.9450007,-16.368837],[-48.9446931,-16.3688857],[-48.9446669,-16.3684354],[-48.944827,-16.3683713],[-48.9448259,-16.3682918],[-48.9448196,-16.3678156],[-48.9448129,-16.3677621],[-48.9447501,-16.3672142],[-48.9451977,-16.3670086],[-48.9447804,-16.3666178],[-48.9449349,-16.3663807],[-48.9453469,-16.3667498],[-48.9457824,-16.3671399],[-48.9459702,-16.3673483],[-48.9461338,-16.3675697],[-48.9464278,-16.3681146],[-48.9464476,-16.3681513],[-48.9465648,-16.3683147],[-48.946986,-16.3699515],[-48.947045,-16.3700956],[-48.9471227,-16.3702448],[-48.9472247,-16.3703684],[-48.9473427,-16.3704868],[-48.9474688,-16.3705923],[-48.9476029,-16.3706772],[-48.9477745,-16.3707492],[-48.9479408,-16.3707956],[-48.9481527,-16.3708187],[-48.9492149,-16.3708831],[-48.949357,-16.3709011],[-48.9497755,-16.3709525],[-48.949923,-16.371004],[-48.9500574,-16.3710817],[-48.9502878,-16.371215],[-48.9504597,-16.3713261],[-48.9503127,-16.3715683],[-48.9496089,-16.3721773],[-48.9467177,-16.375197],[-48.9462702,-16.3747498],[-48.9458947,-16.3743381],[-48.9447686,-16.3729529],[-48.944677,-16.3728403],[-48.9444011,-16.3725468],[-48.9431366,-16.3713692]]]}},{"type":"Feature","properties":{"id":"santo-antonio","nome":"Santo Antonio","lat":-16.342749,"lon":-48.897444},"geometry":{"type":"Polygon","coordinates":[[[-48.8984642,-16.3485077],[-48.8984255,-16.3486096],[-48.898321,-16.34857],[-48.8956924,-16.3474378],[-48.8956451,-16.3472447],[-48.8957332,-16.3460402],[-48.8962905,-16.3452024],[-48.8942302,-16.3375663],[-48.8944035,-16.3374384],[-48.8945916,-16.3373133],[-48.8953674,-16.3368156],[-48.8957447,-16.3371378],[-48.8958079,-16.3373022],[-48.8963344,-16.337892],[-48.8966442,-16.338229],[-48.8968402,-16.3383847],[-48.9008756,-16.3423325],[-48.9006054,-16.3430076],[-48.9003485,-16.3436744],[-48.9000815,-16.3443672],[-48.8999571,-16.3446902],[-48.8998086,-16.3450811],[-48.8995264,-16.345824],[-48.8989213,-16.3473111],[-48.8984642,-16.3485077]]]}},{"type":"Feature","properties":{"id":"setor-alto-da-bela-vista","nome":"Setor Alto da Bela Vista","lat":-16.351156,"lon":-48.937026},"geometry":{"type":"Polygon","coordinates":[[[-48.9388827,-16.351443],[-48.9391784,-16.3515464],[-48.9393056,-16.3516052],[-48.9396712,-16.3511428],[-48.9392538,-16.350847],[-48.9390377,-16.3507327],[-48.9384542,-16.3503882],[-48.9385287,-16.3502502],[-48.9384372,-16.3499312],[-48.9383755,-16.3498874],[-48.938206,-16.349608],[-48.9381706,-16.3496114],[-48.9377126,-16.3504642],[-48.9368895,-16.3504687],[-48.9362807,-16.3486877],[-48.9365765,-16.3484271],[-48.9366819,-16.3483343],[-48.9368933,-16.3482876],[-48.937594,-16.3481328],[-48.9376863,-16.3480907],[-48.9374376,-16.3474249],[-48.9374279,-16.3473971],[-48.9366093,-16.3482796],[-48.9357096,-16.349052],[-48.9357062,-16.3493125],[-48.9356997,-16.3498097],[-48.9356855,-16.3500422],[-48.9356841,-16.3510054],[-48.9360297,-16.351381],[-48.9360566,-16.3514103],[-48.93567,-16.3517627],[-48.9355532,-16.3518692],[-48.9353357,-16.3520671],[-48.9349985,-16.3523741],[-48.9346713,-16.3526611],[-48.9343271,-16.3529726],[-48.9341439,-16.3531642],[-48.9344571,-16.3537996],[-48.9346247,-16.3536546],[-48.9347895,-16.3535121],[-48.935022,-16.3533109],[-48.9358812,-16.3536471],[-48.9373845,-16.3542385],[-48.9381372,-16.3545357],[-48.9381622,-16.3544761],[-48.9383106,-16.3541218],[-48.9384729,-16.3537343],[-48.9388642,-16.3528001],[-48.9387449,-16.3527531],[-48.9382967,-16.3525764],[-48.9386082,-16.3519389],[-48.9388827,-16.351443]]]}},{"type":"Feature","properties":{"id":"setor-bougainville","nome":"Setor Bougainville","lat":-16.298613,"lon":-48.93817},"geometry":{"type":"Polygon","coordinates":[[[-48.9419949,-16.2971696],[-48.9388287,-16.2964199],[-48.9388003,-16.2964132],[-48.9386929,-16.2963619],[-48.9380599,-16.2962048],[-48.937271,-16.2960297],[-48.9367644,-16.2955085],[-48.93674,-16.2955367],[-48.9364342,-16.2966394],[-48.9363675,-16.2968678],[-48.9379339,-16.29729],[-48.937663,-16.2984726],[-48.9369944,-16.298374],[-48.936303,-16.2982721],[-48.9358429,-16.298046],[-48.9358046,-16.2982308],[-48.9357645,-16.2984241],[-48.9359834,-16.2985073],[-48.9354057,-16.3004965],[-48.9357812,-16.3008132],[-48.9373542,-16.3020637],[-48.9374385,-16.3020158],[-48.9391261,-16.3012653],[-48.9396458,-16.3010421],[-48.9398678,-16.3009425],[-48.9399817,-16.3008938],[-48.9402635,-16.3007733],[-48.9408755,-16.3004935],[-48.9415584,-16.3001813],[-48.9416484,-16.3000782],[-48.9420671,-16.2971871],[-48.9419949,-16.2971696]]]}},{"type":"Feature","properties":{"id":"setor-escala","nome":"Setor Escala","lat":-16.277236,"lon":-48.992215},"geometry":{"type":"Polygon","coordinates":[[[-48.9918296,-16.2815252],[-48.991846,-16.2776812],[-48.9916412,-16.2776803],[-48.9916463,-16.2769408],[-48.9916325,-16.2767208],[-48.9915634,-16.276553],[-48.991543,-16.276194],[-48.9916284,-16.2760301],[-48.9916853,-16.2759481],[-48.9926647,-16.2759854],[-48.9926809,-16.2754739],[-48.9927027,-16.2741153],[-48.9929505,-16.2741178],[-48.9929426,-16.2743238],[-48.9929343,-16.2749131],[-48.9929226,-16.2754717],[-48.992912,-16.2810284],[-48.9925958,-16.2811272],[-48.9920068,-16.281433],[-48.991969,-16.281453],[-48.9918296,-16.2815252]]]}},{"type":"Feature","properties":{"id":"setor-industrial-aeroporto","nome":"Setor Industrial Aeroporto","lat":-16.35537,"lon":-48.925749},"geometry":{"type":"Polygon","coordinates":[[[-48.9211282,-16.3549363],[-48.9208716,-16.3551802],[-48.9242509,-16.35759],[-48.9264245,-16.3572703],[-48.9264717,-16.3571809],[-48.9265287,-16.3570326],[-48.9266119,-16.3569193],[-48.926695,-16.3568318],[-48.9268997,-16.3566502],[-48.9275592,-16.3560653],[-48.9277947,-16.3558564],[-48.9280791,-16.3555939],[-48.9281625,-16.3555018],[-48.9285833,-16.3549631],[-48.9285762,-16.3548123],[-48.9281524,-16.3544649],[-48.9280558,-16.3544083],[-48.9270259,-16.3542873],[-48.925953,-16.3541638],[-48.9249069,-16.3540711],[-48.9238154,-16.3539516],[-48.9227421,-16.353834],[-48.9216641,-16.353716],[-48.9210177,-16.353595],[-48.9211282,-16.3549363]]]}},{"type":"Feature","properties":{"id":"setor-industrial-munir-calixto","nome":"Setor Industrial Munir Calixto","lat":-16.404904,"lon":-48.902448},"geometry":{"type":"Polygon","coordinates":[[[-48.9001704,-16.4118532],[-48.8983974,-16.4116297],[-48.8983943,-16.4115629],[-48.8984051,-16.4114394],[-48.8983306,-16.4107058],[-48.8982469,-16.4098805],[-48.8981652,-16.4090763],[-48.8980886,-16.408321],[-48.8978317,-16.4082924],[-48.8978033,-16.4083375],[-48.8977172,-16.4082393],[-48.9030896,-16.4039819],[-48.9034489,-16.4023221],[-48.9035557,-16.4016471],[-48.9037371,-16.4005001],[-48.9037657,-16.4002587],[-48.903791,-16.4002211],[-48.9038875,-16.3994698],[-48.9038587,-16.3991964],[-48.9043435,-16.399161],[-48.9044468,-16.399068],[-48.9048804,-16.3996022],[-48.9078278,-16.4023014],[-48.9077579,-16.4023851],[-48.9075894,-16.4028732],[-48.9072628,-16.4038841],[-48.9072054,-16.4039855],[-48.9065318,-16.4071277],[-48.9001704,-16.4118532]]]}},{"type":"Feature","properties":{"id":"setor-lago-dos-buritis","nome":"Setor Lago dos Buritis","lat":-16.274307,"lon":-48.977399},"geometry":{"type":"Polygon","coordinates":[[[-48.978269,-16.2766464],[-48.9782546,-16.2764325],[-48.9783231,-16.2763549],[-48.9783761,-16.2757955],[-48.978389,-16.2752212],[-48.9784034,-16.2746757],[-48.9784518,-16.2737825],[-48.978233,-16.2738653],[-48.9780944,-16.2738299],[-48.9778325,-16.2737441],[-48.9776414,-16.2736613],[-48.9774874,-16.2735992],[-48.9774412,-16.2735282],[-48.97713,-16.2734602],[-48.9769544,-16.2733566],[-48.9767572,-16.2730461],[-48.9767233,-16.2728627],[-48.9766925,-16.2727444],[-48.976523,-16.272703],[-48.9765015,-16.2730017],[-48.9763602,-16.2731921],[-48.9763708,-16.2742132],[-48.9763519,-16.2743985],[-48.9751951,-16.2768937],[-48.9782165,-16.2766696],[-48.978269,-16.2766464]]]}},{"type":"Feature","properties":{"id":"setor-palmares","nome":"Setor Palmares","lat":-16.347291,"lon":-48.922301},"geometry":{"type":"Polygon","coordinates":[[[-48.9205485,-16.346132],[-48.9248915,-16.3452643],[-48.9250202,-16.3455936],[-48.9245374,-16.3457068],[-48.9245427,-16.3475445],[-48.9242638,-16.3475445],[-48.9241524,-16.3491335],[-48.9206977,-16.3491995],[-48.9206827,-16.3489967],[-48.9206737,-16.3488669],[-48.9206149,-16.348016],[-48.920539,-16.3469174],[-48.920523,-16.3466857],[-48.920533,-16.3464679],[-48.9205485,-16.346132]]]}},{"type":"Feature","properties":{"id":"setor-residencial-pedro-ludovico","nome":"Setor Residencial Pedro Ludovico","lat":-16.352033,"lon":-48.970663},"geometry":{"type":"Polygon","coordinates":[[[-48.9680256,-16.3559765],[-48.9675458,-16.3544385],[-48.9673868,-16.3539164],[-48.9670626,-16.354017],[-48.9669254,-16.3536744],[-48.967648,-16.3533157],[-48.9682103,-16.352926],[-48.9681968,-16.3528182],[-48.9686723,-16.3524668],[-48.9687038,-16.3525156],[-48.9703675,-16.3513277],[-48.971322,-16.3506482],[-48.9711393,-16.3502766],[-48.970992,-16.3500747],[-48.9713987,-16.3498793],[-48.9735343,-16.3486782],[-48.9737791,-16.3489993],[-48.9745232,-16.3501535],[-48.9746374,-16.3502324],[-48.9754374,-16.3516595],[-48.9742654,-16.3523178],[-48.9732591,-16.3529286],[-48.9722176,-16.3535242],[-48.9680256,-16.3559765]]]}},{"type":"Feature","properties":{"id":"setor-sul","nome":"Setor Sul","lat":-16.367232,"lon":-48.952064},"geometry":{"type":"Polygon","coordinates":[[[-48.9500574,-16.3710817],[-48.949923,-16.371004],[-48.9497755,-16.3709525],[-48.949357,-16.3709011],[-48.9492149,-16.3708831],[-48.9481527,-16.3708187],[-48.9479408,-16.3707956],[-48.9477745,-16.3707492],[-48.9476029,-16.3706772],[-48.9474688,-16.3705923],[-48.9473427,-16.3704868],[-48.9472247,-16.3703684],[-48.9471227,-16.3702448],[-48.947045,-16.3700956],[-48.946986,-16.3699515],[-48.9465648,-16.3683147],[-48.9464476,-16.3681513],[-48.9512978,-16.3632733],[-48.9513995,-16.3631204],[-48.9518819,-16.3626385],[-48.9520079,-16.3625152],[-48.9523929,-16.3622007],[-48.9524086,-16.3622825],[-48.9525945,-16.3625671],[-48.9527754,-16.3627928],[-48.9528091,-16.3628348],[-48.9530022,-16.3630973],[-48.9530398,-16.3632723],[-48.9530296,-16.3634246],[-48.9531041,-16.3635863],[-48.9532436,-16.3637613],[-48.9533192,-16.3638724],[-48.9533428,-16.3642577],[-48.953375,-16.3645614],[-48.953316,-16.3648779],[-48.9534608,-16.3651456],[-48.9534608,-16.3653489],[-48.9536271,-16.3655882],[-48.953611,-16.3657092],[-48.953442,-16.3658224],[-48.9533938,-16.3660129],[-48.9533777,-16.3662779],[-48.9534823,-16.366332],[-48.9535922,-16.3663551],[-48.9536459,-16.3664761],[-48.9536834,-16.3666331],[-48.9537344,-16.3667875],[-48.9536888,-16.366929],[-48.9536083,-16.367032],[-48.9536137,-16.3671272],[-48.9535547,-16.3672224],[-48.953603,-16.3672636],[-48.9537183,-16.3672662],[-48.9538739,-16.3673125],[-48.9540348,-16.3675106],[-48.9540643,-16.3677191],[-48.9540536,-16.3678426],[-48.954126,-16.3679584],[-48.9541635,-16.3680562],[-48.9541716,-16.3681463],[-48.9541421,-16.3682003],[-48.954008,-16.3682415],[-48.9539677,-16.3683264],[-48.9540375,-16.3685066],[-48.9540187,-16.368625],[-48.9539731,-16.3687691],[-48.9540697,-16.3690522],[-48.9540593,-16.3690816],[-48.9535817,-16.3691507],[-48.9534876,-16.369236],[-48.9525801,-16.369222],[-48.9519323,-16.3690967],[-48.9517803,-16.3692016],[-48.951667,-16.3692254],[-48.9516351,-16.369205],[-48.9514653,-16.3693443],[-48.9513615,-16.3694844],[-48.9500574,-16.3710817]]]}},{"type":"Feature","properties":{"id":"setor-sul-2-etapa","nome":"Setor Sul 2 Etapa","lat":-16.365157,"lon":-48.946323},"geometry":{"type":"Polygon","coordinates":[[[-48.9490595,-16.3655173],[-48.9483617,-16.3650689],[-48.9474699,-16.3645853],[-48.948142,-16.3631625],[-48.9477539,-16.3631011],[-48.9473999,-16.363045],[-48.9467166,-16.3631437],[-48.9467414,-16.3633611],[-48.9459876,-16.3634493],[-48.9459734,-16.3635173],[-48.9456386,-16.363549],[-48.945474,-16.3644119],[-48.9454638,-16.3646141],[-48.9454036,-16.3645734],[-48.9452325,-16.3648346],[-48.9450355,-16.3660607],[-48.9448539,-16.3663067],[-48.9449349,-16.3663807],[-48.9453469,-16.3667498],[-48.9457824,-16.3671399],[-48.9459702,-16.3673483],[-48.9461338,-16.3675697],[-48.9464278,-16.3681146],[-48.9464476,-16.3681513],[-48.9490595,-16.3655173]]]}},{"type":"Feature","properties":{"id":"setor-sul-3-etapa","nome":"Setor Sul 3 Etapa","lat":-16.360833,"lon":-48.943994},"geometry":{"type":"Polygon","coordinates":[[[-48.9450355,-16.3660607],[-48.9448539,-16.3663067],[-48.9447042,-16.3661697],[-48.9445513,-16.3659895],[-48.9441543,-16.365413],[-48.9437842,-16.3647825],[-48.9434832,-16.3643299],[-48.9433872,-16.3641855],[-48.9432934,-16.3640285],[-48.9432022,-16.3639075],[-48.9429742,-16.363663],[-48.9426899,-16.3634417],[-48.9425075,-16.363331],[-48.9423519,-16.3632538],[-48.9421534,-16.3631741],[-48.9419657,-16.3631303],[-48.9418986,-16.3631123],[-48.9416148,-16.3630902],[-48.9415031,-16.3624932],[-48.9413663,-16.3616954],[-48.9411705,-16.3608564],[-48.9410452,-16.3604716],[-48.9411951,-16.3604413],[-48.9413405,-16.360429],[-48.9414902,-16.3604516],[-48.9415975,-16.3603538],[-48.9417101,-16.3601325],[-48.9420057,-16.3598628],[-48.942113,-16.35959],[-48.9421822,-16.3593707],[-48.9423061,-16.3591319],[-48.9425952,-16.3588457],[-48.9430088,-16.3583186],[-48.9432926,-16.3579037],[-48.943615,-16.3576031],[-48.9437759,-16.3573252],[-48.9439476,-16.3572222],[-48.9440334,-16.3571296],[-48.9442053,-16.35708],[-48.9442634,-16.3569802],[-48.9443958,-16.3568409],[-48.9447363,-16.3570605],[-48.9449315,-16.357028],[-48.9454975,-16.3569389],[-48.9456905,-16.3566787],[-48.9461524,-16.3565377],[-48.9465917,-16.356411],[-48.9467687,-16.3563441],[-48.9472125,-16.3571583],[-48.947183,-16.3572162],[-48.9471701,-16.3572702],[-48.9469424,-16.3572185],[-48.9465328,-16.3589192],[-48.9454337,-16.3597855],[-48.9460694,-16.3601218],[-48.9458853,-16.3609196],[-48.9459232,-16.3610054],[-48.9459091,-16.3610833],[-48.9455317,-16.3630888],[-48.9454685,-16.3634601],[-48.9456386,-16.363549],[-48.945474,-16.3644119],[-48.9454638,-16.3646141],[-48.9454036,-16.3645734],[-48.9452325,-16.3648346],[-48.9450355,-16.3660607]]]}},{"type":"Feature","properties":{"id":"setor-sul-jamil-miguel","nome":"Setor Sul Jamil Miguel","lat":-16.353666,"lon":-48.964174},"geometry":{"type":"Polygon","coordinates":[[[-48.9649171,-16.3449804],[-48.9650001,-16.345357],[-48.965154,-16.3460549],[-48.9652858,-16.3466524],[-48.9653129,-16.3467754],[-48.9653814,-16.3470856],[-48.9654663,-16.3474706],[-48.9656644,-16.3481569],[-48.965349,-16.3482695],[-48.9645658,-16.3490441],[-48.9635276,-16.3491299],[-48.9629557,-16.349095],[-48.9628323,-16.3493318],[-48.9625801,-16.3494245],[-48.9622315,-16.3495223],[-48.9617379,-16.3498311],[-48.9616171,-16.3499178],[-48.9606497,-16.3506116],[-48.9603355,-16.3508599],[-48.96028,-16.3510964],[-48.9600274,-16.3513093],[-48.9599904,-16.3515517],[-48.9597925,-16.3520873],[-48.9598888,-16.3522682],[-48.9601036,-16.3527316],[-48.9602484,-16.3531305],[-48.9605203,-16.3541079],[-48.9606878,-16.354753],[-48.9601597,-16.3549825],[-48.9594961,-16.3551391],[-48.9593689,-16.3551638],[-48.9591807,-16.355191],[-48.9587828,-16.3552227],[-48.9588997,-16.3557159],[-48.9586812,-16.3558026],[-48.9586179,-16.3561386],[-48.958534,-16.3561668],[-48.958531,-16.3563876],[-48.9585333,-16.356627],[-48.9585688,-16.3572266],[-48.9586435,-16.3572648],[-48.9587017,-16.3573283],[-48.95865,-16.3574082],[-48.9586462,-16.3574141],[-48.9585281,-16.3577024],[-48.958487,-16.3578025],[-48.9585105,-16.3578775],[-48.9585576,-16.3579931],[-48.9586488,-16.3580601],[-48.9587052,-16.3580833],[-48.9598494,-16.3591813],[-48.9600276,-16.3593468],[-48.9610191,-16.3621899],[-48.9619391,-16.3634294],[-48.9621518,-16.3637169],[-48.963096,-16.3638654],[-48.9629441,-16.363293],[-48.9627279,-16.3624783],[-48.9625605,-16.3618474],[-48.9633192,-16.3616752],[-48.9639658,-16.3615296],[-48.9646478,-16.361376],[-48.964903,-16.3613185],[-48.9651367,-16.3612659],[-48.9655295,-16.3610618],[-48.9656638,-16.3609921],[-48.966144,-16.3607482],[-48.9662024,-16.3607123],[-48.9667108,-16.3604482],[-48.9672578,-16.3601641],[-48.9679396,-16.359697],[-48.969457,-16.3588408],[-48.9688717,-16.3579206],[-48.9689327,-16.3578894],[-48.9686237,-16.3574291],[-48.9685302,-16.3573432],[-48.9677699,-16.3561261],[-48.9680256,-16.3559765],[-48.9675458,-16.3544385],[-48.9673868,-16.3539164],[-48.9670626,-16.354017],[-48.9669254,-16.3536744],[-48.967648,-16.3533157],[-48.9682103,-16.352926],[-48.9681968,-16.3528182],[-48.9686723,-16.3524668],[-48.9687038,-16.3525156],[-48.9703675,-16.3513277],[-48.971322,-16.3506482],[-48.9711393,-16.3502766],[-48.970992,-16.3500747],[-48.9708764,-16.3499163],[-48.9704902,-16.3494993],[-48.9702756,-16.3492316],[-48.9700289,-16.3486603],[-48.9699269,-16.348408],[-48.969857,-16.3481575],[-48.9697437,-16.3477058],[-48.969503,-16.3465885],[-48.9684979,-16.3454134],[-48.9683705,-16.3450466],[-48.9676839,-16.3441466],[-48.9676314,-16.3442403],[-48.967467,-16.3446469],[-48.9670329,-16.3453047],[-48.9669858,-16.3453936],[-48.9662611,-16.3452418],[-48.9655074,-16.3452315],[-48.9651936,-16.3451234],[-48.9649171,-16.3449804]]]}},{"type":"Feature","properties":{"id":"setor-summerville","nome":"Setor Summerville","lat":-16.339201,"lon":-48.908147},"geometry":{"type":"Polygon","coordinates":[[[-48.9054734,-16.3450551],[-48.9065051,-16.3446067],[-48.9070871,-16.344388],[-48.9074665,-16.3442449],[-48.9077544,-16.344138],[-48.9096229,-16.3434075],[-48.9116332,-16.3426911],[-48.9116452,-16.3424781],[-48.9115701,-16.3420251],[-48.9115808,-16.3416235],[-48.9114896,-16.3411603],[-48.9116612,-16.3401976],[-48.9118115,-16.3400715],[-48.9118356,-16.339966],[-48.9117229,-16.3397755],[-48.9117149,-16.3396391],[-48.911798,-16.3394177],[-48.911841,-16.3391681],[-48.9118034,-16.3389725],[-48.9116827,-16.3386482],[-48.9116344,-16.3383547],[-48.9116237,-16.3381025],[-48.9115432,-16.3378091],[-48.9115647,-16.3375568],[-48.9115486,-16.3372325],[-48.9115754,-16.3370163],[-48.9114842,-16.3369339],[-48.9114735,-16.3368207],[-48.9113394,-16.3366971],[-48.9109424,-16.3365787],[-48.910878,-16.3363574],[-48.9107278,-16.3361257],[-48.9102933,-16.335961],[-48.9100841,-16.3357705],[-48.909773,-16.3355595],[-48.9096442,-16.3353484],[-48.9095048,-16.3352866],[-48.909376,-16.3351322],[-48.909258,-16.3350447],[-48.9088522,-16.3348112],[-48.9087323,-16.3347255],[-48.9082147,-16.3348593],[-48.9079733,-16.3348541],[-48.9075012,-16.3347872],[-48.9073808,-16.334828],[-48.9070899,-16.3350797],[-48.9069685,-16.3351559],[-48.9067306,-16.3352746],[-48.9063941,-16.3354427],[-48.9063007,-16.3355906],[-48.9060205,-16.3357788],[-48.9058355,-16.3357499],[-48.9055955,-16.3359713],[-48.9055349,-16.3366733],[-48.9054546,-16.3374873],[-48.9054232,-16.3380951],[-48.9054393,-16.3387906],[-48.9054224,-16.3394299],[-48.9054053,-16.3400793],[-48.9053883,-16.3407237],[-48.9054921,-16.3407277],[-48.9054735,-16.3413707],[-48.9053987,-16.3413691],[-48.9057325,-16.341749],[-48.9055838,-16.3419611],[-48.9042607,-16.3422751],[-48.9042457,-16.3425609],[-48.9042185,-16.3430807],[-48.9042185,-16.3432969],[-48.9042486,-16.3434226],[-48.9041332,-16.3435175],[-48.904062,-16.3436352],[-48.9040333,-16.3437787],[-48.9040492,-16.3438975],[-48.9040959,-16.3440019],[-48.9041653,-16.3440862],[-48.9042681,-16.344158],[-48.9054734,-16.3450551]]]}},{"type":"Feature","properties":{"id":"setor-tropical","nome":"Setor Tropical","lat":-16.35157,"lon":-48.92184},"geometry":{"type":"Polygon","coordinates":[[[-48.9207625,-16.3504806],[-48.9207324,-16.3502409],[-48.9206756,-16.3496242],[-48.9207279,-16.3496085],[-48.9206977,-16.3491995],[-48.9241524,-16.3491335],[-48.9238774,-16.3530547],[-48.9234804,-16.3530251],[-48.9231665,-16.3529839],[-48.9227821,-16.3529235],[-48.9220674,-16.3528593],[-48.9217362,-16.3528295],[-48.9214486,-16.3528993],[-48.9212957,-16.3529018],[-48.9209789,-16.3528589],[-48.9208526,-16.3504907],[-48.9207625,-16.3504806]]]}},{"type":"Feature","properties":{"id":"s-o-jos","nome":"São José","lat":-16.331366,"lon":-48.971752},"geometry":{"type":"Polygon","coordinates":[[[-48.9693584,-16.3339731],[-48.9689937,-16.3337363],[-48.9688381,-16.3335922],[-48.9682053,-16.3333626],[-48.9681901,-16.3331497],[-48.9685653,-16.3331171],[-48.9685216,-16.3327376],[-48.9686235,-16.3327325],[-48.9690094,-16.332225],[-48.9693906,-16.3317441],[-48.9695194,-16.331533],[-48.9696397,-16.3313112],[-48.9697872,-16.331059],[-48.9698677,-16.3308582],[-48.9698998,-16.3307398],[-48.9699401,-16.3304567],[-48.9702007,-16.3304557],[-48.9702167,-16.3303799],[-48.9702328,-16.3301945],[-48.9702704,-16.3301482],[-48.970324,-16.3299062],[-48.9703004,-16.3296118],[-48.9703362,-16.3296066],[-48.9705623,-16.3295738],[-48.9710484,-16.3295075],[-48.9710428,-16.3294741],[-48.9713326,-16.3293982],[-48.9713559,-16.3295058],[-48.9716315,-16.3294497],[-48.9717988,-16.329458],[-48.9726121,-16.3292671],[-48.9729468,-16.3292057],[-48.9731882,-16.32918],[-48.9735584,-16.3291903],[-48.9739561,-16.329286],[-48.9739236,-16.3294541],[-48.9739239,-16.3295254],[-48.9739614,-16.3296129],[-48.9741504,-16.329912],[-48.9746046,-16.3298217],[-48.9749502,-16.3298127],[-48.9752491,-16.3298307],[-48.9752506,-16.3299384],[-48.9753198,-16.3301434],[-48.9753994,-16.3303484],[-48.9753384,-16.3305307],[-48.9751943,-16.3306875],[-48.9749958,-16.3308626],[-48.9748242,-16.3312023],[-48.9746364,-16.3315833],[-48.974454,-16.3319539],[-48.9742502,-16.332129],[-48.9739873,-16.3321959],[-48.9736226,-16.3322886],[-48.9730593,-16.3325048],[-48.9729198,-16.3326129],[-48.9726087,-16.3328909],[-48.9720991,-16.3333027],[-48.9719107,-16.3334305],[-48.9717879,-16.3335138],[-48.9715626,-16.3336476],[-48.9715143,-16.3337248],[-48.9710369,-16.3339771],[-48.9704629,-16.3344661],[-48.9699259,-16.3345766],[-48.9698406,-16.3345941],[-48.9696154,-16.3345073],[-48.9695241,-16.3341624],[-48.9693584,-16.3339731]]]}},{"type":"Feature","properties":{"id":"s-o-jo-o","nome":"São João","lat":-16.380561,"lon":-48.958446},"geometry":{"type":"Polygon","coordinates":[[[-48.9625457,-16.3869856],[-48.9619646,-16.3869708],[-48.961041,-16.3869181],[-48.9603357,-16.3868778],[-48.9596751,-16.3868401],[-48.9590004,-16.3868016],[-48.9590032,-16.3867536],[-48.9590083,-16.3866647],[-48.9577826,-16.3859389],[-48.9574682,-16.3850941],[-48.9571347,-16.3841977],[-48.9567935,-16.3832807],[-48.9564339,-16.3823144],[-48.9563294,-16.3822598],[-48.9562546,-16.3822208],[-48.9556189,-16.3818892],[-48.95362,-16.3808468],[-48.9520579,-16.3800321],[-48.9517048,-16.3798592],[-48.9509426,-16.3792944],[-48.951207,-16.3787047],[-48.9515271,-16.3779908],[-48.9515541,-16.3779305],[-48.9517254,-16.3775559],[-48.9524162,-16.37627],[-48.9524728,-16.3763009],[-48.9537485,-16.376971],[-48.9545863,-16.3774111],[-48.9553147,-16.3777937],[-48.9557633,-16.3780293],[-48.9573253,-16.3788497],[-48.9579537,-16.3791798],[-48.958036,-16.379223],[-48.9587451,-16.3795955],[-48.9594054,-16.3796106],[-48.9598666,-16.3796211],[-48.9598994,-16.3780738],[-48.9601858,-16.3780028],[-48.9603564,-16.3761461],[-48.9609759,-16.3760407],[-48.961693,-16.3759175],[-48.9626365,-16.3757567],[-48.9630943,-16.3751563],[-48.9637305,-16.3751638],[-48.9636446,-16.3761417],[-48.9635695,-16.3768005],[-48.9637358,-16.3768314],[-48.9637775,-16.3770405],[-48.9635552,-16.379195],[-48.9633794,-16.3810837],[-48.9631766,-16.3829181],[-48.9628075,-16.3828563],[-48.9626811,-16.3844602],[-48.9626422,-16.3850662],[-48.9626395,-16.3851217],[-48.9625457,-16.3869856]]]}},{"type":"Feature","properties":{"id":"s-tios-de-recreio-americano-do-brasil","nome":"Sítios de Recreio Americano do Brasil","lat":-16.265311,"lon":-48.949508},"geometry":{"type":"Polygon","coordinates":[[[-48.9515743,-16.2606125],[-48.9517403,-16.2590898],[-48.9525046,-16.2573179],[-48.9506507,-16.2549449],[-48.9499118,-16.2553195],[-48.9445757,-16.2579317],[-48.9451094,-16.2613516],[-48.9452758,-16.26325],[-48.9453162,-16.2638833],[-48.945504,-16.2652918],[-48.9456207,-16.2663365],[-48.9462655,-16.2682931],[-48.9464064,-16.268277],[-48.9465365,-16.2682614],[-48.9467072,-16.2681911],[-48.9468698,-16.2682145],[-48.9470894,-16.2681911],[-48.9472682,-16.2681755],[-48.9474227,-16.2681287],[-48.9475935,-16.2680428],[-48.947813,-16.268074],[-48.9479268,-16.2680194],[-48.9480976,-16.2679179],[-48.9484472,-16.267996],[-48.9487643,-16.267996],[-48.9490164,-16.2680116],[-48.9492359,-16.2680116],[-48.9493416,-16.2680038],[-48.9496099,-16.2680116],[-48.9496831,-16.2680116],[-48.950049,-16.2677931],[-48.9505938,-16.2675979],[-48.9506995,-16.2674964],[-48.9509434,-16.2672701],[-48.9513988,-16.2671452],[-48.9516671,-16.2668954],[-48.9520086,-16.2667237],[-48.9521875,-16.2665676],[-48.9525798,-16.266115],[-48.9527277,-16.26563],[-48.9527524,-16.2651212],[-48.9526168,-16.2647071],[-48.9525798,-16.2644587],[-48.9524073,-16.2638671],[-48.9522717,-16.2633821],[-48.9523333,-16.2630863],[-48.9525059,-16.2627432],[-48.9526908,-16.2623764],[-48.9529989,-16.2621043],[-48.9515743,-16.2606125]]]}},{"type":"Feature","properties":{"id":"s-tios-de-recreio-boa-vista","nome":"Sítios de Recreio Boa Vista","lat":-16.280572,"lon":-48.913625},"geometry":{"type":"Polygon","coordinates":[[[-48.9202457,-16.2835514],[-48.9198127,-16.2825124],[-48.9195347,-16.2818468],[-48.9193872,-16.2814938],[-48.9193256,-16.2813462],[-48.9190432,-16.2807204],[-48.9189061,-16.2804165],[-48.9187827,-16.2801694],[-48.9186604,-16.2800435],[-48.9185145,-16.2799634],[-48.917668,-16.2796933],[-48.9169875,-16.2795605],[-48.9162722,-16.2794124],[-48.9158269,-16.2793558],[-48.9152379,-16.2793329],[-48.9149589,-16.2792968],[-48.9145566,-16.2792144],[-48.9140631,-16.2790445],[-48.9137241,-16.2789232],[-48.9134837,-16.2788643],[-48.9128228,-16.2785267],[-48.9124664,-16.2783068],[-48.9124473,-16.278295],[-48.9122864,-16.2782281],[-48.912089,-16.2782566],[-48.9119899,-16.2782876],[-48.9120869,-16.2783734],[-48.9119812,-16.2784515],[-48.9119365,-16.2785998],[-48.9119527,-16.2787091],[-48.912156,-16.2787988],[-48.9121479,-16.2788652],[-48.9119934,-16.2789471],[-48.9118104,-16.2788847],[-48.9117169,-16.2789783],[-48.9117413,-16.2790642],[-48.9119446,-16.2791578],[-48.911847,-16.2794076],[-48.9117332,-16.2795988],[-48.9117169,-16.2797081],[-48.9118836,-16.2797315],[-48.9120503,-16.2798759],[-48.9120462,-16.2799813],[-48.9121357,-16.2801217],[-48.9121479,-16.2802271],[-48.9121438,-16.2804144],[-48.91203,-16.2805315],[-48.9118755,-16.2805354],[-48.911721,-16.2805627],[-48.9116478,-16.2807227],[-48.9115177,-16.2808788],[-48.9113917,-16.2809257],[-48.9112616,-16.2809881],[-48.9112128,-16.2811403],[-48.911164,-16.2813276],[-48.9111356,-16.2815539],[-48.9111762,-16.2817413],[-48.9112209,-16.2819364],[-48.91116,-16.2820769],[-48.9114592,-16.2820895],[-48.9114427,-16.2825485],[-48.9108986,-16.2832765],[-48.9113602,-16.2843527],[-48.9119538,-16.2855238],[-48.9118713,-16.2857928],[-48.9125226,-16.2865129],[-48.9153881,-16.2852906],[-48.9172751,-16.2846298],[-48.9191626,-16.2839613],[-48.9202457,-16.2835514]]]}},{"type":"Feature","properties":{"id":"s-tios-de-recreio-denise","nome":"Sítios de Recreio Denise","lat":-16.277523,"lon":-48.917871},"geometry":{"type":"Polygon","coordinates":[[[-48.9234489,-16.276183],[-48.923193,-16.2760834],[-48.9229041,-16.2760617],[-48.9227252,-16.2760929],[-48.9226114,-16.2760851],[-48.9225301,-16.2760188],[-48.9223593,-16.2759993],[-48.9222699,-16.27605],[-48.9222617,-16.2760968],[-48.9222048,-16.2762022],[-48.9221113,-16.2762412],[-48.9220056,-16.2763271],[-48.9218715,-16.2763115],[-48.9216844,-16.2763154],[-48.9216113,-16.2762959],[-48.9215909,-16.2762178],[-48.9214243,-16.2761632],[-48.9213145,-16.2761515],[-48.9212982,-16.2762334],[-48.9211844,-16.2762959],[-48.9212088,-16.2763349],[-48.9210096,-16.2763115],[-48.9209608,-16.2762373],[-48.9209079,-16.2761827],[-48.9207494,-16.2761749],[-48.9206396,-16.2762139],[-48.9204892,-16.2763388],[-48.9203632,-16.2763232],[-48.9201884,-16.2763661],[-48.9200786,-16.2764168],[-48.9195948,-16.2765612],[-48.9193021,-16.27653],[-48.9191029,-16.2762647],[-48.918989,-16.2760188],[-48.9187858,-16.2758705],[-48.9184809,-16.2760695],[-48.9182898,-16.2762373],[-48.9179767,-16.2763154],[-48.9176678,-16.2765066],[-48.9168994,-16.2764988],[-48.9165376,-16.2764559],[-48.9162652,-16.2764949],[-48.9158424,-16.2766198],[-48.9154358,-16.2768032],[-48.9151919,-16.2774471],[-48.9151675,-16.2775798],[-48.915261,-16.2779466],[-48.9152285,-16.2780871],[-48.9150089,-16.2782159],[-48.9146796,-16.2781808],[-48.9144967,-16.2781418],[-48.9142446,-16.2781066],[-48.9140373,-16.2780793],[-48.913773,-16.2779583],[-48.9134031,-16.2779037],[-48.9132771,-16.2778608],[-48.913025,-16.2778179],[-48.9128705,-16.2777047],[-48.9125697,-16.2776227],[-48.9123095,-16.2777632],[-48.9119598,-16.2778686],[-48.9118623,-16.2779505],[-48.9119029,-16.2780832],[-48.9119899,-16.2782876],[-48.912089,-16.2782566],[-48.9122864,-16.2782281],[-48.9124664,-16.2783068],[-48.9128228,-16.2785267],[-48.9134837,-16.2788643],[-48.9137241,-16.2789232],[-48.9140631,-16.2790445],[-48.9145566,-16.2792144],[-48.9149589,-16.2792968],[-48.9152379,-16.2793329],[-48.9158269,-16.2793558],[-48.9162722,-16.2794124],[-48.9169875,-16.2795605],[-48.917668,-16.2796933],[-48.9185145,-16.2799634],[-48.9186604,-16.2800435],[-48.9187827,-16.2801694],[-48.9189061,-16.2804165],[-48.9190432,-16.2807204],[-48.9193256,-16.2813462],[-48.9193872,-16.2814938],[-48.9204199,-16.2806562],[-48.9230009,-16.278598],[-48.9235669,-16.2784281],[-48.9234489,-16.276183]]]}},{"type":"Feature","properties":{"id":"s-tios-de-recreio-presidente","nome":"Sítios de Recreio Presidente","lat":-16.415415,"lon":-48.98073},"geometry":{"type":"Polygon","coordinates":[[[-48.9821732,-16.4133011],[-48.9820264,-16.413832],[-48.9816939,-16.415382],[-48.9813671,-16.4169523],[-48.9812168,-16.4177771],[-48.9809121,-16.4171799],[-48.9805398,-16.4164726],[-48.9801885,-16.4157854],[-48.9801575,-16.4157248],[-48.9798639,-16.4151066],[-48.9793767,-16.413957],[-48.9792437,-16.4135048],[-48.9821732,-16.4133011]]]}},{"type":"Feature","properties":{"id":"s-tios-de-recreio-recanto-das-mans-es","nome":"Sítios de Recreio Recanto das Mansões","lat":-16.26065,"lon":-48.953555},"geometry":{"type":"Polygon","coordinates":[[[-48.9529989,-16.2621043],[-48.9530974,-16.2617494],[-48.9531714,-16.2616192],[-48.9533316,-16.2614891],[-48.953652,-16.2612998],[-48.9539848,-16.261217],[-48.9541943,-16.2608975],[-48.954564,-16.2606373],[-48.9549214,-16.2605189],[-48.9549831,-16.2603296],[-48.955057,-16.2602113],[-48.9525046,-16.2573179],[-48.9517403,-16.2590898],[-48.9515743,-16.2606125],[-48.9529989,-16.2621043]]]}},{"type":"Feature","properties":{"id":"s-tios-de-recreio-vale-das-laranjeiras","nome":"Sítios de Recreio Vale das Laranjeiras","lat":-16.386487,"lon":-48.984915},"geometry":{"type":"Polygon","coordinates":[[[-48.9847219,-16.3943115],[-48.9851991,-16.3942697],[-48.9854094,-16.3942347],[-48.987011,-16.3934812],[-48.9888417,-16.3918504],[-48.9873728,-16.3904956],[-48.9855064,-16.389689],[-48.9847775,-16.3895957],[-48.983958,-16.3891411],[-48.9847134,-16.3883558],[-48.9848484,-16.3878564],[-48.9849936,-16.3873523],[-48.9856287,-16.3868684],[-48.9863946,-16.3856497],[-48.9869737,-16.3851479],[-48.987478,-16.3843952],[-48.9880945,-16.3835529],[-48.9883373,-16.3831945],[-48.9887483,-16.3826748],[-48.9886175,-16.3820475],[-48.9885801,-16.3818145],[-48.9879648,-16.3815302],[-48.9875651,-16.3813532],[-48.9868092,-16.381261],[-48.9863709,-16.3809526],[-48.9860657,-16.3807715],[-48.9859634,-16.380655],[-48.9857643,-16.3804284],[-48.9856492,-16.3803054],[-48.9853929,-16.3799753],[-48.985323,-16.3799027],[-48.9850485,-16.3796123],[-48.984773,-16.379283],[-48.984576,-16.3790377],[-48.9826665,-16.3846389],[-48.9820287,-16.3861038],[-48.9818701,-16.386867],[-48.9817969,-16.3873358],[-48.9817097,-16.3877524],[-48.9817134,-16.3883889],[-48.9815801,-16.3884183],[-48.9812824,-16.388484],[-48.9814701,-16.3891362],[-48.9815946,-16.3898079],[-48.9817245,-16.3904707],[-48.9816972,-16.3904765],[-48.9820827,-16.3921201],[-48.9825495,-16.3944674],[-48.9828858,-16.3944466],[-48.9836104,-16.3944018],[-48.9847219,-16.3943115]]]}},{"type":"Feature","properties":{"id":"vila-bela","nome":"Vila Bela","lat":-16.291103,"lon":-48.962427},"geometry":{"type":"Polygon","coordinates":[[[-48.9640971,-16.2925161],[-48.9638063,-16.2924041],[-48.9635656,-16.2928796],[-48.963529,-16.2929386],[-48.9631103,-16.2927435],[-48.963033,-16.2929503],[-48.9626183,-16.2928489],[-48.9612239,-16.2929503],[-48.9607401,-16.2929777],[-48.9605959,-16.2929471],[-48.9600563,-16.2916286],[-48.9599299,-16.2915079],[-48.9597036,-16.290986],[-48.9596608,-16.2908916],[-48.9605117,-16.2904579],[-48.960658,-16.2903097],[-48.9608857,-16.2901731],[-48.9609914,-16.2900248],[-48.9611703,-16.2898531],[-48.9612719,-16.2897126],[-48.9611987,-16.2895175],[-48.9612231,-16.2894238],[-48.9613039,-16.2892866],[-48.9625518,-16.2895275],[-48.9631875,-16.2896569],[-48.9642618,-16.2898552],[-48.9644299,-16.2898345],[-48.9645892,-16.2898655],[-48.9642985,-16.2904472],[-48.9642877,-16.2905296],[-48.9643199,-16.2906068],[-48.9648716,-16.2908817],[-48.9646707,-16.2913057],[-48.9644242,-16.2918258],[-48.9641798,-16.2923417],[-48.9640971,-16.2925161]]]}},{"type":"Feature","properties":{"id":"vila-brasil","nome":"Vila Brasil","lat":-16.326118,"lon":-48.966214},"geometry":{"type":"Polygon","coordinates":[[[-48.9702163,-16.32308],[-48.9700558,-16.3231408],[-48.9696526,-16.3235861],[-48.9688943,-16.3239542],[-48.9686575,-16.324034],[-48.9683551,-16.3243223],[-48.9681808,-16.3245694],[-48.9680943,-16.3247033],[-48.9680004,-16.3250353],[-48.9678207,-16.3251074],[-48.9677624,-16.3251769],[-48.9675853,-16.3255965],[-48.9673245,-16.3258256],[-48.9668839,-16.3257523],[-48.9661741,-16.3256895],[-48.9649692,-16.3257343],[-48.9643248,-16.3257254],[-48.9641006,-16.325815],[-48.9635627,-16.3256345],[-48.9635522,-16.3255182],[-48.9633627,-16.3254654],[-48.9634001,-16.3251428],[-48.9627489,-16.3249723],[-48.9627316,-16.324714],[-48.9619107,-16.3246127],[-48.9618558,-16.3247107],[-48.9609541,-16.3247817],[-48.9609937,-16.3251778],[-48.9610613,-16.3257981],[-48.9616293,-16.3257738],[-48.9617249,-16.3257433],[-48.9618027,-16.3264599],[-48.9615975,-16.3264667],[-48.9616259,-16.3269071],[-48.9611849,-16.3269335],[-48.9612366,-16.3274208],[-48.9617815,-16.3273838],[-48.9617921,-16.3273566],[-48.9618523,-16.3273464],[-48.9618381,-16.3273124],[-48.9621609,-16.3273056],[-48.9622265,-16.3280115],[-48.9631168,-16.3279532],[-48.9646291,-16.3278419],[-48.9649522,-16.3278226],[-48.9660238,-16.3277436],[-48.9668851,-16.3276805],[-48.9668961,-16.3277698],[-48.9669275,-16.3281113],[-48.9669436,-16.3284099],[-48.9669219,-16.328572],[-48.9672786,-16.3284792],[-48.9685131,-16.3283895],[-48.9698579,-16.3282917],[-48.9700264,-16.3282884],[-48.9702428,-16.3282711],[-48.9702241,-16.3279887],[-48.9701961,-16.3278767],[-48.9701454,-16.3274595],[-48.9701253,-16.3270233],[-48.9701161,-16.3267158],[-48.9701068,-16.3263994],[-48.9700999,-16.3260811],[-48.9700914,-16.3257844],[-48.9701438,-16.3257844],[-48.9701315,-16.3255154],[-48.9701377,-16.3251901],[-48.9701007,-16.3248737],[-48.9702888,-16.3248507],[-48.9702324,-16.3240981],[-48.9702068,-16.3237565],[-48.9701998,-16.3236633],[-48.9702163,-16.32308]]]}},{"type":"Feature","properties":{"id":"vila-calixto-abr-o","nome":"Vila Calixto Abrão","lat":-16.328612,"lon":-48.973707},"geometry":{"type":"Polygon","coordinates":[[[-48.9703362,-16.3296066],[-48.9703316,-16.3284324],[-48.9703269,-16.328289],[-48.9702428,-16.3282711],[-48.9702241,-16.3279887],[-48.9701961,-16.3278767],[-48.9701454,-16.3274595],[-48.9704757,-16.3274367],[-48.9710822,-16.3273949],[-48.9716222,-16.3273576],[-48.9721853,-16.3273188],[-48.9727594,-16.3272792],[-48.9732385,-16.3272461],[-48.9739308,-16.3271984],[-48.974759,-16.3271413],[-48.9750063,-16.3270838],[-48.9752518,-16.3269991],[-48.9753712,-16.3271518],[-48.9755305,-16.3273555],[-48.9756378,-16.3275125],[-48.9757142,-16.327487],[-48.9758133,-16.3275141],[-48.9759372,-16.3277349],[-48.9761354,-16.3280168],[-48.9764487,-16.3284553],[-48.9767161,-16.3285446],[-48.9769655,-16.3285833],[-48.9772352,-16.3286947],[-48.9771768,-16.3289772],[-48.9770659,-16.3291546],[-48.9765976,-16.3294267],[-48.9762157,-16.3294587],[-48.9759449,-16.329508],[-48.9757487,-16.329629],[-48.9755246,-16.3297231],[-48.9752491,-16.3298307],[-48.9749502,-16.3298127],[-48.9746046,-16.3298217],[-48.9741975,-16.3299115],[-48.9741504,-16.329912],[-48.9739614,-16.3296129],[-48.9739239,-16.3295254],[-48.9739236,-16.3294541],[-48.9739561,-16.329286],[-48.9735584,-16.3291903],[-48.9731882,-16.32918],[-48.9729468,-16.3292057],[-48.9726121,-16.3292671],[-48.9717988,-16.329458],[-48.9716315,-16.3294497],[-48.9713559,-16.3295058],[-48.9713326,-16.3293982],[-48.9710428,-16.3294741],[-48.9710484,-16.3295075],[-48.9705623,-16.3295738],[-48.9703362,-16.3296066]]]}},{"type":"Feature","properties":{"id":"vila-celina","nome":"Vila Celina","lat":-16.333265,"lon":-48.93334},"geometry":{"type":"Polygon","coordinates":[[[-48.9345028,-16.3351898],[-48.9344337,-16.3351855],[-48.931551,-16.3348097],[-48.9318728,-16.3343496],[-48.9320766,-16.3340433],[-48.9322724,-16.3336237],[-48.9325192,-16.332764],[-48.932554,-16.3325838],[-48.9325846,-16.3320739],[-48.9325889,-16.3320021],[-48.9326962,-16.3318399],[-48.9327928,-16.3316366],[-48.9328163,-16.3315067],[-48.9345018,-16.3320088],[-48.9344397,-16.3322502],[-48.9344208,-16.3323444],[-48.9342528,-16.333032],[-48.9342248,-16.3334756],[-48.9342342,-16.3340672],[-48.9343182,-16.3346408],[-48.9344853,-16.3351374],[-48.9345028,-16.3351898]]]}},{"type":"Feature","properties":{"id":"vila-corumb","nome":"Vila Corumbá","lat":-16.317585,"lon":-48.949628},"geometry":{"type":"Polygon","coordinates":[[[-48.9523762,-16.3177888],[-48.9521992,-16.3176858],[-48.9522233,-16.3175545],[-48.9519792,-16.3175519],[-48.9518935,-16.3176157],[-48.9515286,-16.3176935],[-48.9514106,-16.3175571],[-48.9511422,-16.3177524],[-48.9510341,-16.3176212],[-48.9504941,-16.3180132],[-48.9502045,-16.3176621],[-48.9498415,-16.3179252],[-48.949686,-16.3177366],[-48.9495234,-16.3178585],[-48.9492085,-16.3178634],[-48.9489805,-16.3178995],[-48.948884,-16.3176627],[-48.9487928,-16.3175468],[-48.9487177,-16.317588],[-48.9486077,-16.3174567],[-48.9486775,-16.3173924],[-48.9484977,-16.3171813],[-48.9484313,-16.3171326],[-48.9480847,-16.3163009],[-48.9481834,-16.3162597],[-48.9479595,-16.31595],[-48.9477494,-16.3154673],[-48.9478141,-16.3154529],[-48.9477707,-16.315289],[-48.9477538,-16.3152699],[-48.9477105,-16.3152992],[-48.9476663,-16.3152176],[-48.9476857,-16.3151956],[-48.947645,-16.3150665],[-48.9475831,-16.3149884],[-48.9474768,-16.315021],[-48.9478176,-16.3158831],[-48.9478509,-16.3159897],[-48.948281,-16.3172402],[-48.9487664,-16.3184236],[-48.9487871,-16.3184798],[-48.9489646,-16.3188656],[-48.949215,-16.3194834],[-48.9494018,-16.3194171],[-48.9493774,-16.3193508],[-48.9496355,-16.3192045],[-48.9496931,-16.3191724],[-48.9497379,-16.3192207],[-48.9497626,-16.3192509],[-48.9498469,-16.3191908],[-48.9501234,-16.319185],[-48.9502288,-16.3193217],[-48.9505307,-16.319086],[-48.9506962,-16.3192985],[-48.9512446,-16.318923],[-48.9514321,-16.3191503],[-48.9516544,-16.3187581],[-48.9518231,-16.3185787],[-48.9523063,-16.3182637],[-48.9523928,-16.3182404],[-48.9523185,-16.3181608],[-48.9523762,-16.3177888]]]}},{"type":"Feature","properties":{"id":"vila-de-lourdes","nome":"Vila de Lourdes","lat":-16.333125,"lon":-48.956452},"geometry":{"type":"Polygon","coordinates":[[[-48.9565984,-16.3345196],[-48.9569909,-16.3338789],[-48.9567201,-16.3337102],[-48.9568464,-16.3333405],[-48.9566666,-16.3333014],[-48.9568086,-16.3325986],[-48.9570287,-16.3326558],[-48.9570556,-16.3324525],[-48.9572519,-16.3324033],[-48.9572217,-16.3321688],[-48.9569095,-16.3320997],[-48.9563648,-16.3319925],[-48.956177,-16.3328105],[-48.9558717,-16.3327401],[-48.9558037,-16.3331304],[-48.9557225,-16.3332066],[-48.955542,-16.3335692],[-48.9554662,-16.3337314],[-48.9556761,-16.3338572],[-48.9563206,-16.3343371],[-48.9565984,-16.3345196]]]}},{"type":"Feature","properties":{"id":"vila-de-oficiais-da-fab","nome":"Vila de Oficiais da FAB","lat":-16.299811,"lon":-48.950382},"geometry":{"type":"Polygon","coordinates":[[[-48.9531154,-16.2969381],[-48.953057,-16.2969531],[-48.9528773,-16.2969917],[-48.9526038,-16.3003565],[-48.9517696,-16.3005007],[-48.951628,-16.3005231],[-48.9516194,-16.300583],[-48.9513243,-16.3007066],[-48.9511741,-16.3009383],[-48.9512385,-16.3011442],[-48.95126,-16.3014635],[-48.9515953,-16.3015559],[-48.9514773,-16.3027143],[-48.950959,-16.3029062],[-48.950796,-16.3029666],[-48.9502381,-16.3030593],[-48.9497661,-16.3030953],[-48.9495091,-16.3031322],[-48.9495004,-16.3030544],[-48.9494414,-16.3026116],[-48.9493717,-16.3020247],[-48.9494468,-16.3017003],[-48.9496184,-16.3015973],[-48.9498778,-16.3007991],[-48.947531,-16.3013021],[-48.9473769,-16.3013198],[-48.9465635,-16.297848],[-48.9466067,-16.2976668],[-48.9467641,-16.2975557],[-48.9484258,-16.2957172],[-48.9485583,-16.2956581],[-48.9488602,-16.2956078],[-48.9511825,-16.2955684],[-48.9521723,-16.2955516],[-48.9532211,-16.2955223],[-48.9532311,-16.2955797],[-48.9531154,-16.2969381]]]}},{"type":"Feature","properties":{"id":"vila-dona-maria","nome":"Vila Dona Maria","lat":-16.34237,"lon":-48.95553},"geometry":{"type":"Polygon","coordinates":[[[-48.957355,-16.3422903],[-48.9568821,-16.3424241],[-48.9567887,-16.3424779],[-48.9567023,-16.342274],[-48.9565856,-16.3422695],[-48.9564035,-16.3423412],[-48.9563578,-16.3423575],[-48.9561616,-16.3419632],[-48.95611,-16.3418815],[-48.9558477,-16.3420029],[-48.955787,-16.3420253],[-48.955745,-16.3419312],[-48.9558174,-16.3418976],[-48.955703,-16.3416735],[-48.9556635,-16.3415908],[-48.9554979,-16.3416676],[-48.9554368,-16.3415749],[-48.955306,-16.341427],[-48.9551963,-16.3414898],[-48.9551382,-16.3415176],[-48.9550917,-16.3414246],[-48.954853,-16.3416623],[-48.9546079,-16.3418147],[-48.9545372,-16.3418509],[-48.9543651,-16.3419356],[-48.9541876,-16.3420019],[-48.9541385,-16.3419043],[-48.9538723,-16.3419021],[-48.9537579,-16.3424981],[-48.953891,-16.3425339],[-48.9542249,-16.3429148],[-48.954365,-16.3429641],[-48.9546195,-16.3430089],[-48.9546767,-16.3429848],[-48.9546987,-16.3430292],[-48.9547218,-16.3430757],[-48.9547363,-16.343105],[-48.954798,-16.3432131],[-48.9549777,-16.3431205],[-48.9551983,-16.3431309],[-48.9557635,-16.3431962],[-48.9559583,-16.3432049],[-48.9565355,-16.3432555],[-48.9568263,-16.3432872],[-48.9569718,-16.3432953],[-48.9576213,-16.3430748],[-48.9575604,-16.3428859],[-48.9573841,-16.3423965],[-48.957355,-16.3422903]]]}},{"type":"Feature","properties":{"id":"vila-dos-sargentos-da-aeron-utica","nome":"Vila dos Sargentos da Aeronáutica","lat":-16.325155,"lon":-48.930405},"geometry":{"type":"Polygon","coordinates":[[[-48.9310389,-16.3313624],[-48.9284308,-16.330318],[-48.9285835,-16.3299844],[-48.9287719,-16.3295728],[-48.9288439,-16.3293677],[-48.9289435,-16.3290477],[-48.9290401,-16.3285561],[-48.9290669,-16.3282472],[-48.9290777,-16.3278971],[-48.9290799,-16.3277941],[-48.9290945,-16.3271145],[-48.9291179,-16.3260258],[-48.9290833,-16.3251286],[-48.9290696,-16.3249986],[-48.9289969,-16.3238812],[-48.9290254,-16.3230842],[-48.9290634,-16.3209992],[-48.9290942,-16.320772],[-48.9292566,-16.3200879],[-48.9293799,-16.3196915],[-48.9294945,-16.3194338],[-48.9297636,-16.3188281],[-48.9300435,-16.3181982],[-48.9301133,-16.3180411],[-48.9326815,-16.3191613],[-48.9325523,-16.319447],[-48.9319569,-16.3207631],[-48.9318789,-16.321039],[-48.9318337,-16.3225285],[-48.9318327,-16.3229724],[-48.9318296,-16.3243491],[-48.9318381,-16.3248346],[-48.9318774,-16.3249484],[-48.9319181,-16.3256268],[-48.9319181,-16.3266539],[-48.9319181,-16.3267079],[-48.9319065,-16.3273308],[-48.931894,-16.3280027],[-48.9318645,-16.3286771],[-48.9317719,-16.3293504],[-48.9316928,-16.3296449],[-48.9314407,-16.3304583],[-48.9313257,-16.3307169],[-48.9310389,-16.3313624]]]}},{"type":"Feature","properties":{"id":"vila-esperan-a","nome":"Vila Esperança","lat":-16.39089,"lon":-48.96066},"geometry":{"type":"Polygon","coordinates":[[[-48.9619646,-16.3869708],[-48.9619317,-16.387547],[-48.9618061,-16.3897508],[-48.9618225,-16.3898689],[-48.9618571,-16.390003],[-48.9619322,-16.3901625],[-48.9619623,-16.3902669],[-48.9619071,-16.3906601],[-48.961847,-16.3911599],[-48.9618389,-16.3913242],[-48.9618445,-16.3918094],[-48.9618887,-16.3923486],[-48.9619089,-16.392486],[-48.96198,-16.3929182],[-48.9621681,-16.3936151],[-48.9623518,-16.3942022],[-48.9624011,-16.3944055],[-48.962385,-16.3945371],[-48.962175,-16.3947583],[-48.9619365,-16.3947442],[-48.9616987,-16.3946553],[-48.9613008,-16.3943884],[-48.9597844,-16.3932764],[-48.9595019,-16.3929758],[-48.959116,-16.3924852],[-48.9588321,-16.392059],[-48.9583789,-16.3912957],[-48.9578673,-16.3904375],[-48.9574765,-16.3894898],[-48.9557873,-16.3866182],[-48.9561493,-16.3866389],[-48.9579061,-16.3867392],[-48.9590004,-16.3868016],[-48.9596751,-16.3868401],[-48.9603357,-16.3868778],[-48.961041,-16.3869181],[-48.9619646,-16.3869708]]]}},{"type":"Feature","properties":{"id":"vila-fabril","nome":"Vila Fabril","lat":-16.32671,"lon":-48.992608},"geometry":{"type":"Polygon","coordinates":[[[-49.0023167,-16.3293236],[-49.0017588,-16.3272026],[-49.0017215,-16.3262399],[-48.9976078,-16.3253554],[-48.9975319,-16.3255655],[-48.9953439,-16.3250829],[-48.9940351,-16.3247943],[-48.9937446,-16.3264407],[-48.9930963,-16.3263696],[-48.9930311,-16.3266569],[-48.9916962,-16.3264159],[-48.9919483,-16.3252782],[-48.9909344,-16.3252473],[-48.9907244,-16.3264046],[-48.9892653,-16.3260597],[-48.9891419,-16.3264818],[-48.9888745,-16.3264571],[-48.9888844,-16.3267907],[-48.9892492,-16.326801],[-48.9892224,-16.3273158],[-48.9890346,-16.3278615],[-48.9891254,-16.3278802],[-48.9897588,-16.3280108],[-48.9897857,-16.3279284],[-48.9900485,-16.3279799],[-48.9900662,-16.3278986],[-48.9903658,-16.3265189],[-48.9947048,-16.3275115],[-49.0023167,-16.3293236]]]}},{"type":"Feature","properties":{"id":"vila-falluh","nome":"Vila Falluh","lat":-16.333626,"lon":-48.964565},"geometry":{"type":"Polygon","coordinates":[[[-48.9638078,-16.3327024],[-48.9639955,-16.3330519],[-48.9641833,-16.3331703],[-48.9644047,-16.3335024],[-48.963665,-16.3335426],[-48.963706,-16.3339813],[-48.9641377,-16.3339451],[-48.9641591,-16.3340918],[-48.9643737,-16.3340892],[-48.9643841,-16.334368],[-48.9646391,-16.3343473],[-48.9650146,-16.3343168],[-48.9649745,-16.3339502],[-48.965047,-16.3339399],[-48.9650335,-16.3338061],[-48.9651891,-16.333801],[-48.9651677,-16.3335384],[-48.9651588,-16.333448],[-48.965076,-16.3334482],[-48.9649573,-16.3334708],[-48.9649327,-16.3333496],[-48.9645027,-16.3328812],[-48.9644795,-16.3326617],[-48.9638078,-16.3327024]]]}},{"type":"Feature","properties":{"id":"vila-formosa","nome":"Vila Formosa","lat":-16.355608,"lon":-48.938854},"geometry":{"type":"Polygon","coordinates":[[[-48.9425158,-16.3523447],[-48.9419507,-16.3521132],[-48.9403688,-16.3514659],[-48.9396712,-16.3511428],[-48.9393056,-16.3516052],[-48.9391784,-16.3515464],[-48.9388827,-16.351443],[-48.9386082,-16.3519389],[-48.9382967,-16.3525764],[-48.9387449,-16.3527531],[-48.9388642,-16.3528001],[-48.9384729,-16.3537343],[-48.9383106,-16.3541218],[-48.9381622,-16.3544761],[-48.9381372,-16.3545357],[-48.9373845,-16.3542385],[-48.9358812,-16.3536471],[-48.935022,-16.3533109],[-48.9347895,-16.3535121],[-48.9346247,-16.3536546],[-48.9344571,-16.3537996],[-48.9342337,-16.3539928],[-48.933833,-16.3543394],[-48.9336831,-16.354469],[-48.9334006,-16.3541589],[-48.9332478,-16.3542923],[-48.9333992,-16.3547146],[-48.9325425,-16.3554556],[-48.931404,-16.3564404],[-48.9309457,-16.3559129],[-48.9305162,-16.3554186],[-48.9304217,-16.3554136],[-48.9322478,-16.3592262],[-48.9335364,-16.3587669],[-48.9338054,-16.3586439],[-48.9344315,-16.3583577],[-48.9343021,-16.3581061],[-48.9352164,-16.3576683],[-48.935478,-16.3578944],[-48.935639,-16.3579563],[-48.9354213,-16.3582065],[-48.9365452,-16.3591039],[-48.937411,-16.3587196],[-48.9396502,-16.3603655],[-48.9397832,-16.3602343],[-48.9399361,-16.3600232],[-48.9399736,-16.3599537],[-48.9400165,-16.3598251],[-48.9400294,-16.3597583],[-48.9400487,-16.3596578],[-48.9400685,-16.3594567],[-48.9400434,-16.3592048],[-48.9400085,-16.3590144],[-48.9399227,-16.3588265],[-48.9393406,-16.3579309],[-48.9392575,-16.3577301],[-48.9391985,-16.3575036],[-48.9391314,-16.3574342],[-48.9388136,-16.3573226],[-48.9389651,-16.3571176],[-48.9392199,-16.3567856],[-48.939354,-16.3565591],[-48.9395069,-16.356397],[-48.9395901,-16.3563455],[-48.9401748,-16.3560727],[-48.9402794,-16.3560418],[-48.9403599,-16.3560341],[-48.9418914,-16.3558462],[-48.9420684,-16.3558179],[-48.942452,-16.3557201],[-48.9426317,-16.3556738],[-48.9431065,-16.3554422],[-48.943259,-16.3553386],[-48.9433972,-16.3552274],[-48.9436624,-16.3550455],[-48.943769,-16.3549506],[-48.9439253,-16.354792],[-48.9444191,-16.3543853],[-48.9444956,-16.3542885],[-48.9445683,-16.3541965],[-48.9446836,-16.3539829],[-48.944756,-16.3537976],[-48.9448446,-16.353545],[-48.9449134,-16.3532671],[-48.9442692,-16.3530185],[-48.9439988,-16.3529009],[-48.9438883,-16.3528563],[-48.9437617,-16.3527987],[-48.9432478,-16.3526153],[-48.9425158,-16.3523447]]]}},{"type":"Feature","properties":{"id":"vila-goi-s","nome":"Vila Goiás","lat":-16.339692,"lon":-48.950839},"geometry":{"type":"Polygon","coordinates":[[[-48.9529873,-16.3337966],[-48.95185,-16.3338377],[-48.9518165,-16.3338481],[-48.9516691,-16.3338244],[-48.951573,-16.3338127],[-48.9514839,-16.3337969],[-48.9506811,-16.3337528],[-48.949967,-16.3339832],[-48.9501573,-16.3345437],[-48.9502,-16.3347772],[-48.9502679,-16.3353285],[-48.9503579,-16.3362201],[-48.9504418,-16.3371399],[-48.9504536,-16.3373276],[-48.9504629,-16.3378617],[-48.9504268,-16.3381672],[-48.9503079,-16.3389043],[-48.9501188,-16.3400848],[-48.9499036,-16.3412552],[-48.9497687,-16.3420118],[-48.9494902,-16.3420042],[-48.9491737,-16.3426013],[-48.9491039,-16.3428381],[-48.9490664,-16.3431264],[-48.9490449,-16.3442177],[-48.9489537,-16.3447942],[-48.9488679,-16.3451082],[-48.9486887,-16.3454773],[-48.9489501,-16.3454242],[-48.9489624,-16.345371],[-48.949265,-16.3454467],[-48.9493381,-16.3452571],[-48.949357,-16.3449983],[-48.9493608,-16.3449469],[-48.9493576,-16.3448417],[-48.949748,-16.3449275],[-48.9497696,-16.344892],[-48.9499807,-16.3449628],[-48.9499505,-16.3451863],[-48.9506258,-16.3454675],[-48.9507331,-16.3447983],[-48.9507652,-16.3437379],[-48.9509638,-16.3430788],[-48.9510174,-16.3427956],[-48.9510155,-16.3426622],[-48.9510013,-16.3416426],[-48.9510228,-16.341205],[-48.9510925,-16.3408189],[-48.9512266,-16.3403299],[-48.9513983,-16.3400262],[-48.9515217,-16.3395732],[-48.9516558,-16.3391871],[-48.9520205,-16.3384767],[-48.9521301,-16.3381036],[-48.9521471,-16.3380113],[-48.9526201,-16.3380579],[-48.9529783,-16.3378615],[-48.9528224,-16.3378217],[-48.9527466,-16.3377003],[-48.9524108,-16.3364493],[-48.952513,-16.3362284],[-48.9525827,-16.3360405],[-48.9525935,-16.3355823],[-48.9526444,-16.335186],[-48.9527115,-16.3348745],[-48.9528563,-16.3344961],[-48.9529287,-16.3342876],[-48.9530012,-16.3338835],[-48.9529873,-16.3337966]]]}},{"type":"Feature","properties":{"id":"vila-gon-alves","nome":"Vila Gonçalves","lat":-16.326425,"lon":-48.984581},"geometry":{"type":"Polygon","coordinates":[[[-48.9808224,-16.325916],[-48.9815901,-16.3277693],[-48.9818667,-16.3275724],[-48.9835962,-16.3287512],[-48.9839226,-16.3286801],[-48.9841371,-16.3283351],[-48.9843254,-16.3271615],[-48.9844558,-16.3265184],[-48.9849682,-16.3267592],[-48.9854427,-16.3267237],[-48.9856646,-16.3265404],[-48.9859234,-16.3264635],[-48.9862253,-16.3264812],[-48.9862746,-16.3265877],[-48.9865677,-16.3268114],[-48.9875135,-16.3257068],[-48.9866656,-16.3254386],[-48.9861027,-16.3252883],[-48.9856839,-16.3252426],[-48.9854176,-16.3252694],[-48.9852769,-16.3252835],[-48.9845009,-16.3254114],[-48.9841828,-16.3254638],[-48.9832592,-16.3255657],[-48.9825412,-16.325625],[-48.9821802,-16.3256817],[-48.9808224,-16.325916]]]}},{"type":"Feature","properties":{"id":"vila-g-is","nome":"Vila Góis","lat":-16.338351,"lon":-48.9584},"geometry":{"type":"Polygon","coordinates":[[[-48.9537326,-16.3331938],[-48.953606,-16.3337738],[-48.9535896,-16.3338477],[-48.9535401,-16.3341737],[-48.9534615,-16.3348503],[-48.9540993,-16.3354921],[-48.9544599,-16.3358468],[-48.9549926,-16.336392],[-48.9555248,-16.3368944],[-48.9560714,-16.3374405],[-48.955902,-16.3376293],[-48.9558722,-16.3376625],[-48.9563371,-16.3390386],[-48.9566259,-16.3398935],[-48.9566517,-16.3398907],[-48.9570501,-16.3398476],[-48.9576108,-16.3397981],[-48.9580554,-16.3405251],[-48.958147,-16.3405832],[-48.9584027,-16.3407222],[-48.9585106,-16.340941],[-48.9586901,-16.3411108],[-48.9591162,-16.3414713],[-48.9592499,-16.3415895],[-48.959361,-16.34155],[-48.9597241,-16.3419189],[-48.9600285,-16.3422115],[-48.9605197,-16.3426795],[-48.9610898,-16.3429807],[-48.9616042,-16.3432437],[-48.9620201,-16.3432136],[-48.9620792,-16.3431879],[-48.9620722,-16.343038],[-48.9626886,-16.3428879],[-48.9631066,-16.3427176],[-48.9635516,-16.3424772],[-48.9643364,-16.3421024],[-48.9640247,-16.3419086],[-48.9627574,-16.3410405],[-48.9628744,-16.340433],[-48.963002,-16.3397932],[-48.963121,-16.3390075],[-48.9631847,-16.3387845],[-48.9626825,-16.3382571],[-48.9619445,-16.3377081],[-48.9606345,-16.3368752],[-48.9598402,-16.3363393],[-48.9588126,-16.3357017],[-48.9580491,-16.3352674],[-48.957506,-16.3350003],[-48.9568336,-16.3346741],[-48.9565984,-16.3345196],[-48.9563206,-16.3343371],[-48.9556761,-16.3338572],[-48.9554662,-16.3337314],[-48.9551394,-16.3335354],[-48.9549135,-16.3334733],[-48.9546844,-16.3334094],[-48.9545639,-16.3333821],[-48.9539134,-16.3332348],[-48.9537326,-16.3331938]]]}},{"type":"Feature","properties":{"id":"vila-harmonia","nome":"Vila Harmonia","lat":-16.287311,"lon":-48.963858},"geometry":{"type":"Polygon","coordinates":[[[-48.9645892,-16.2898655],[-48.9644299,-16.2898345],[-48.9642618,-16.2898552],[-48.9631875,-16.2896569],[-48.9625518,-16.2895275],[-48.9613039,-16.2892866],[-48.9613307,-16.2890291],[-48.9614594,-16.2887047],[-48.9615453,-16.2883392],[-48.9615775,-16.2881126],[-48.9615506,-16.2877419],[-48.9614809,-16.2874844],[-48.9615614,-16.2872321],[-48.9616257,-16.2869849],[-48.9617008,-16.2867738],[-48.9617438,-16.2865782],[-48.9618993,-16.2862332],[-48.9619369,-16.2860478],[-48.9619369,-16.285847],[-48.961953,-16.2856976],[-48.9619335,-16.2855009],[-48.9633329,-16.2858233],[-48.9640544,-16.2859729],[-48.9641448,-16.2859541],[-48.964409,-16.2859678],[-48.9647618,-16.2860043],[-48.9647476,-16.2861247],[-48.964842,-16.2861453],[-48.9651144,-16.2861961],[-48.965155,-16.2860458],[-48.9654501,-16.286073],[-48.9654258,-16.2862751],[-48.9655433,-16.2862956],[-48.9659925,-16.286401],[-48.9662122,-16.2864344],[-48.9661906,-16.286611],[-48.9665056,-16.2866766],[-48.9666111,-16.28669],[-48.9666616,-16.2871042],[-48.966446,-16.2875592],[-48.9662122,-16.2880526],[-48.9657655,-16.2889953],[-48.9653192,-16.289937],[-48.9652884,-16.2900019],[-48.9645892,-16.2898655]]]}},{"type":"Feature","properties":{"id":"vila-industrial-jundia","nome":"Vila Industrial Jundiaí","lat":-16.34158,"lon":-48.947149},"geometry":{"type":"Polygon","coordinates":[[[-48.949967,-16.3339832],[-48.9493435,-16.3342658],[-48.9494171,-16.3343638],[-48.949458,-16.3348589],[-48.9475151,-16.3369714],[-48.947499,-16.3369889],[-48.9442231,-16.3405508],[-48.9428054,-16.3421322],[-48.9428014,-16.3422655],[-48.9424979,-16.3426061],[-48.9420981,-16.3423126],[-48.9419167,-16.3425291],[-48.9412639,-16.3431927],[-48.9405798,-16.3439384],[-48.9412396,-16.3442547],[-48.9409595,-16.3446293],[-48.9412179,-16.3447618],[-48.9415155,-16.3449015],[-48.9449775,-16.3466192],[-48.9451101,-16.3462769],[-48.9457819,-16.3447057],[-48.9463445,-16.345188],[-48.9469201,-16.3456721],[-48.9470261,-16.3457632],[-48.9471754,-16.3458891],[-48.947554,-16.346245],[-48.9479947,-16.3466252],[-48.9482517,-16.3468345],[-48.9486479,-16.3455612],[-48.9486887,-16.3454773],[-48.9488679,-16.3451082],[-48.9489537,-16.3447942],[-48.9490449,-16.3442177],[-48.9490664,-16.3431264],[-48.9491039,-16.3428381],[-48.9491737,-16.3426013],[-48.9494902,-16.3420042],[-48.9497687,-16.3420118],[-48.9499036,-16.3412552],[-48.9500809,-16.3403219],[-48.9501188,-16.3400848],[-48.9503079,-16.3389043],[-48.9504268,-16.3381672],[-48.9504629,-16.3378617],[-48.9504536,-16.3373276],[-48.9504418,-16.3371399],[-48.9503579,-16.3362201],[-48.9502679,-16.3353285],[-48.9502,-16.3347772],[-48.9501573,-16.3345437],[-48.949967,-16.3339832]]]}},{"type":"Feature","properties":{"id":"vila-jayara","nome":"Vila Jayara","lat":-16.286633,"lon":-48.976567},"geometry":{"type":"Polygon","coordinates":[[[-48.9666817,-16.2973817],[-48.9674066,-16.2973949],[-48.9677311,-16.2974284],[-48.967858,-16.2974219],[-48.9681504,-16.2973189],[-48.9674618,-16.2958576],[-48.9674511,-16.2952809],[-48.9676925,-16.2950852],[-48.9689772,-16.2950461],[-48.9710774,-16.2949823],[-48.970899,-16.293522],[-48.9716568,-16.2928052],[-48.971504,-16.2926594],[-48.9719079,-16.2922867],[-48.9723355,-16.2918923],[-48.9730194,-16.2911717],[-48.9731369,-16.2910617],[-48.9742631,-16.2899994],[-48.9745365,-16.2897333],[-48.9751512,-16.2891617],[-48.9751534,-16.2890209],[-48.9751604,-16.2887737],[-48.9752496,-16.2856518],[-48.9759001,-16.285937],[-48.9761194,-16.2860331],[-48.9767485,-16.2863089],[-48.9768347,-16.2863467],[-48.9776297,-16.2866952],[-48.978009,-16.2868615],[-48.977098,-16.2885111],[-48.977166,-16.2886387],[-48.9770938,-16.2889654],[-48.9770425,-16.2891626],[-48.9771195,-16.2891828],[-48.9776963,-16.2890595],[-48.9777268,-16.2890524],[-48.9778209,-16.2888247],[-48.9780627,-16.2889029],[-48.9783801,-16.2890055],[-48.9785338,-16.2890016],[-48.9788771,-16.2888705],[-48.9793613,-16.2885858],[-48.9798633,-16.2888072],[-48.9805926,-16.2891399],[-48.9812688,-16.2894483],[-48.9819273,-16.2897005],[-48.9820791,-16.289649],[-48.9820837,-16.2891312],[-48.9824947,-16.2887099],[-48.9826815,-16.2885866],[-48.9850762,-16.2880415],[-48.9845022,-16.2864661],[-48.9844135,-16.2863985],[-48.9847281,-16.2857209],[-48.9851938,-16.2847178],[-48.984507,-16.2844102],[-48.9837929,-16.2840904],[-48.9833094,-16.2841114],[-48.9819928,-16.2845768],[-48.9815398,-16.2843152],[-48.9812283,-16.2846346],[-48.9802232,-16.2841793],[-48.980294,-16.283646],[-48.9799117,-16.2835712],[-48.9800321,-16.2833062],[-48.9799825,-16.2823992],[-48.9802197,-16.2823584],[-48.9802303,-16.2819609],[-48.9808532,-16.2819032],[-48.9809202,-16.280552],[-48.978215,-16.2805165],[-48.9781873,-16.280487],[-48.977796,-16.2804101],[-48.9779103,-16.2800969],[-48.9779641,-16.2799969],[-48.9779039,-16.2799884],[-48.9780437,-16.2795094],[-48.9782118,-16.2791017],[-48.9782158,-16.279014],[-48.9777875,-16.2788386],[-48.9776901,-16.2790431],[-48.9772451,-16.2788417],[-48.9770593,-16.2787577],[-48.9766264,-16.2785618],[-48.976417,-16.278467],[-48.9760229,-16.2782887],[-48.9757874,-16.2781821],[-48.9754098,-16.2780113],[-48.9753373,-16.2779785],[-48.9748389,-16.2777529],[-48.9747929,-16.277734],[-48.973948,-16.2795396],[-48.9736214,-16.2801075],[-48.9735166,-16.2802968],[-48.9705572,-16.2865342],[-48.9669861,-16.2941049],[-48.9668553,-16.2950559],[-48.966816,-16.295342],[-48.9667298,-16.2966516],[-48.9666817,-16.2973817]]]}},{"type":"Feature","properties":{"id":"vila-jayara-setor-norte","nome":"Vila Jayara Setor Norte","lat":-16.278013,"lon":-48.970035},"geometry":{"type":"Polygon","coordinates":[[[-48.9705572,-16.2865342],[-48.9705164,-16.2865021],[-48.9695285,-16.2860656],[-48.9685608,-16.285677],[-48.9675836,-16.2852606],[-48.9666432,-16.2848162],[-48.966425,-16.2846953],[-48.9665296,-16.2838399],[-48.9668205,-16.2839687],[-48.9668988,-16.2831094],[-48.9669526,-16.2826639],[-48.9669711,-16.282513],[-48.9672175,-16.2826372],[-48.9673007,-16.2822232],[-48.9674533,-16.2822438],[-48.9675369,-16.2816323],[-48.9676631,-16.2807087],[-48.9677432,-16.2801225],[-48.967806,-16.2796629],[-48.9678448,-16.2793591],[-48.9678717,-16.279149],[-48.9679485,-16.2786455],[-48.9681078,-16.2776016],[-48.9682761,-16.2764004],[-48.9683653,-16.2760594],[-48.9684152,-16.2759922],[-48.9691059,-16.2751629],[-48.9690528,-16.2751459],[-48.9683976,-16.2751742],[-48.9682915,-16.2749076],[-48.9684306,-16.2743667],[-48.96858,-16.2736666],[-48.9683754,-16.2729988],[-48.9688168,-16.2731077],[-48.9692768,-16.2732265],[-48.9696638,-16.273322],[-48.9698237,-16.2733617],[-48.970662,-16.2735646],[-48.9713057,-16.2736228],[-48.971991,-16.2732054],[-48.9723937,-16.272901],[-48.9727713,-16.2727528],[-48.9727127,-16.2729754],[-48.9726743,-16.2732473],[-48.9726159,-16.2736799],[-48.9725692,-16.2740497],[-48.9725062,-16.2745249],[-48.9724222,-16.2751453],[-48.972408,-16.2752504],[-48.9723894,-16.2753879],[-48.9722781,-16.2766134],[-48.9723524,-16.276627],[-48.9723307,-16.2768561],[-48.9720383,-16.2768384],[-48.9720223,-16.2771589],[-48.9720978,-16.2773468],[-48.9735106,-16.2775205],[-48.9741597,-16.2776207],[-48.9747524,-16.277714],[-48.9747929,-16.277734],[-48.973948,-16.2795396],[-48.9736214,-16.2801075],[-48.9735166,-16.2802968],[-48.9705572,-16.2865342]]]}},{"type":"Feature","properties":{"id":"vila-jayara-setor-oeste","nome":"Vila Jayara Setor Oeste","lat":-16.278799,"lon":-48.980221},"geometry":{"type":"Polygon","coordinates":[[[-48.9813337,-16.2805411],[-48.9809202,-16.280552],[-48.978215,-16.2805165],[-48.9781873,-16.280487],[-48.977796,-16.2804101],[-48.9779103,-16.2800969],[-48.9779641,-16.2799969],[-48.9779039,-16.2799884],[-48.9780437,-16.2795094],[-48.9782118,-16.2791017],[-48.9782158,-16.279014],[-48.9783237,-16.2785834],[-48.9784498,-16.2782873],[-48.9787609,-16.27769],[-48.9788038,-16.2775046],[-48.978992,-16.2773568],[-48.9809136,-16.2770496],[-48.9812046,-16.2769562],[-48.981324,-16.2768235],[-48.9814088,-16.2768758],[-48.9814415,-16.2770282],[-48.9814368,-16.2771671],[-48.9815816,-16.2775258],[-48.981633,-16.2776782],[-48.9816283,-16.2778889],[-48.981591,-16.278113],[-48.9815769,-16.2784089],[-48.9814929,-16.2785165],[-48.9813154,-16.2786465],[-48.9813294,-16.2787316],[-48.9813294,-16.2788841],[-48.9812782,-16.2791629],[-48.9812412,-16.2793699],[-48.9811919,-16.2796302],[-48.9813706,-16.2797367],[-48.9814446,-16.2800028],[-48.9813583,-16.2801803],[-48.9812597,-16.2803341],[-48.9813337,-16.2805411]]]}},{"type":"Feature","properties":{"id":"vila-jayara-setor-sul","nome":"Vila Jayara Setor Sul","lat":-16.290145,"lon":-48.96597},"geometry":{"type":"Polygon","coordinates":[[[-48.9633452,-16.2941033],[-48.9639774,-16.2927689],[-48.9640971,-16.2925161],[-48.9641798,-16.2923417],[-48.9644242,-16.2918258],[-48.9646707,-16.2913057],[-48.9648716,-16.2908817],[-48.9643199,-16.2906068],[-48.9642877,-16.2905296],[-48.9642985,-16.2904472],[-48.9645892,-16.2898655],[-48.9652884,-16.2900019],[-48.9653192,-16.289937],[-48.9657655,-16.2889953],[-48.9662122,-16.2880526],[-48.966446,-16.2875592],[-48.9666616,-16.2871042],[-48.9666111,-16.28669],[-48.9667154,-16.2849533],[-48.9666432,-16.2848162],[-48.9675836,-16.2852606],[-48.9685608,-16.285677],[-48.9695285,-16.2860656],[-48.9705164,-16.2865021],[-48.9705572,-16.2865342],[-48.9669861,-16.2941049],[-48.9669277,-16.294079],[-48.9666331,-16.2939482],[-48.9659574,-16.2936481],[-48.9655,-16.2946197],[-48.9651025,-16.2945244],[-48.9644507,-16.2943682],[-48.9633452,-16.2941033]]]}},{"type":"Feature","properties":{"id":"vila-jo-o-luiz-de-oliveira","nome":"Vila João Luiz de Oliveira","lat":-16.351386,"lon":-48.950866},"geometry":{"type":"Polygon","coordinates":[[[-48.9534927,-16.3503822],[-48.9528955,-16.3502924],[-48.9519706,-16.3501356],[-48.9519706,-16.3501691],[-48.9508762,-16.349922],[-48.9497336,-16.3496234],[-48.94965,-16.3496073],[-48.9495849,-16.349902],[-48.9493766,-16.3498578],[-48.9491132,-16.3497804],[-48.9489371,-16.3497286],[-48.9489038,-16.3498069],[-48.9487643,-16.3500643],[-48.9484644,-16.3505667],[-48.9483244,-16.3508982],[-48.948207,-16.351102],[-48.9480969,-16.351398],[-48.9480991,-16.3515983],[-48.9481152,-16.3519457],[-48.9478529,-16.3526566],[-48.9478009,-16.3528363],[-48.9526625,-16.3539196],[-48.9527463,-16.3539361],[-48.9533569,-16.3536934],[-48.9535486,-16.3537747],[-48.9539004,-16.3538335],[-48.9540034,-16.3532039],[-48.9541102,-16.3525531],[-48.9541473,-16.3523268],[-48.9528124,-16.3521225],[-48.9529751,-16.3516651],[-48.9532329,-16.3510417],[-48.9534927,-16.3503822]]]}},{"type":"Feature","properties":{"id":"vila-jo-o-xxiii","nome":"Vila João XXIII","lat":-16.333655,"lon":-48.921632},"geometry":{"type":"Polygon","coordinates":[[[-48.9210472,-16.3352844],[-48.9212463,-16.3352935],[-48.9222783,-16.3352576],[-48.9223297,-16.3349619],[-48.9222596,-16.3343927],[-48.9221529,-16.3342297],[-48.9221358,-16.3338498],[-48.9221188,-16.3334713],[-48.9221015,-16.333088],[-48.9220843,-16.3327044],[-48.9220675,-16.3323312],[-48.9219553,-16.329837],[-48.9216999,-16.3313144],[-48.9215171,-16.3323722],[-48.9214544,-16.3327354],[-48.9214423,-16.3328051],[-48.9213851,-16.3331413],[-48.9213214,-16.3335151],[-48.9213147,-16.3335543],[-48.9212548,-16.333906],[-48.9211991,-16.3342334],[-48.9211892,-16.3342911],[-48.9211226,-16.3346656],[-48.9210594,-16.335021],[-48.9210553,-16.3351092],[-48.9210472,-16.3352844]]]}},{"type":"Feature","properties":{"id":"vila-jussara","nome":"Vila Jussara","lat":-16.336657,"lon":-48.953985},"geometry":{"type":"Polygon","coordinates":[[[-48.9563371,-16.3390386],[-48.9558722,-16.3376625],[-48.955902,-16.3376293],[-48.9560714,-16.3374405],[-48.9555248,-16.3368944],[-48.9549926,-16.336392],[-48.9544599,-16.3358468],[-48.9540993,-16.3354921],[-48.9534615,-16.3348503],[-48.9535896,-16.3338477],[-48.953606,-16.3337738],[-48.9535527,-16.3337701],[-48.9529873,-16.3337966],[-48.9530012,-16.3338835],[-48.9529287,-16.3342876],[-48.9528563,-16.3344961],[-48.9527115,-16.3348745],[-48.9526444,-16.335186],[-48.9525935,-16.3355823],[-48.9525827,-16.3360405],[-48.952513,-16.3362284],[-48.9524108,-16.3364493],[-48.9527466,-16.3377003],[-48.9528224,-16.3378217],[-48.9529783,-16.3378615],[-48.9531531,-16.3379389],[-48.9536735,-16.338186],[-48.9541895,-16.3383942],[-48.9542743,-16.3384871],[-48.9545425,-16.3386338],[-48.9548694,-16.3387804],[-48.9550217,-16.3387786],[-48.9552474,-16.3389112],[-48.9552718,-16.338882],[-48.9559873,-16.3391629],[-48.9563371,-16.3390386]]]}},{"type":"Feature","properties":{"id":"vila-mariana","nome":"Vila Mariana","lat":-16.363612,"lon":-48.987616},"geometry":{"type":"Polygon","coordinates":[[[-48.9898347,-16.3668874],[-48.9891217,-16.3671163],[-48.988443,-16.3670898],[-48.988142,-16.3672238],[-48.9875511,-16.3673242],[-48.9872111,-16.3673282],[-48.9863426,-16.3674317],[-48.9852774,-16.3652084],[-48.9853953,-16.3649235],[-48.9855873,-16.3645318],[-48.9859069,-16.3638797],[-48.9862245,-16.3632317],[-48.9863738,-16.3631206],[-48.986702,-16.3628765],[-48.9855709,-16.3611924],[-48.9847598,-16.3601],[-48.9867754,-16.3573593],[-48.9872343,-16.3584417],[-48.9874891,-16.3590598],[-48.9877793,-16.3596643],[-48.9884872,-16.3607713],[-48.9894923,-16.3625032],[-48.9898533,-16.363033],[-48.990278,-16.3635152],[-48.9910849,-16.3650093],[-48.991092,-16.3650908],[-48.9898347,-16.3668874]]]}},{"type":"Feature","properties":{"id":"vila-menino-jesus","nome":"Vila Menino Jesus","lat":-16.321628,"lon":-48.961045},"geometry":{"type":"Polygon","coordinates":[[[-48.9626342,-16.3189789],[-48.9622694,-16.3191324],[-48.9614192,-16.3196031],[-48.9609071,-16.3198694],[-48.9604794,-16.3200457],[-48.960559,-16.3207705],[-48.9597966,-16.3207715],[-48.9598783,-16.3217463],[-48.9599618,-16.3227512],[-48.9600613,-16.32384],[-48.9591426,-16.3239166],[-48.9592122,-16.3246105],[-48.9593757,-16.324606],[-48.9597191,-16.3245442],[-48.9600982,-16.3242435],[-48.9605282,-16.3238011],[-48.9608236,-16.323467],[-48.9617173,-16.32253],[-48.9627926,-16.3214177],[-48.9624837,-16.3208947],[-48.9624415,-16.3207692],[-48.9621293,-16.3197097],[-48.9623336,-16.3196342],[-48.9625345,-16.319568],[-48.9628233,-16.3194729],[-48.9626342,-16.3189789]]]}},{"type":"Feature","properties":{"id":"vila-miguel-jorge","nome":"Vila Miguel Jorge","lat":-16.344998,"lon":-48.954932},"geometry":{"type":"Polygon","coordinates":[[[-48.9505255,-16.3457502],[-48.9506258,-16.3454675],[-48.9507331,-16.3447983],[-48.9507652,-16.3437379],[-48.9509638,-16.3430788],[-48.9510174,-16.3427956],[-48.9510155,-16.3426622],[-48.951874,-16.3427916],[-48.9543673,-16.3432476],[-48.9547218,-16.3430757],[-48.954798,-16.3432131],[-48.9549777,-16.3431205],[-48.9551983,-16.3431309],[-48.9557635,-16.3431962],[-48.9559583,-16.3432049],[-48.9565355,-16.3432555],[-48.9568263,-16.3432872],[-48.9569718,-16.3432953],[-48.9576213,-16.3430748],[-48.95778,-16.3435194],[-48.9581154,-16.3445653],[-48.9583214,-16.3451787],[-48.958449,-16.3454628],[-48.9584488,-16.3460006],[-48.9580483,-16.3459947],[-48.9579203,-16.3459895],[-48.9577123,-16.3460016],[-48.9575357,-16.3460119],[-48.9572107,-16.3460308],[-48.9567194,-16.3460616],[-48.9567659,-16.3467568],[-48.9561839,-16.3475299],[-48.9558866,-16.3480533],[-48.9555762,-16.3485862],[-48.9547999,-16.3471066],[-48.9547495,-16.3470116],[-48.9543007,-16.3461668],[-48.9542646,-16.3460958],[-48.9535998,-16.3460219],[-48.9533831,-16.3459978],[-48.9529613,-16.3459509],[-48.9526974,-16.3459215],[-48.9522906,-16.3458763],[-48.9520251,-16.3458468],[-48.9505255,-16.3457502]]]}},{"type":"Feature","properties":{"id":"vila-milmar","nome":"Vila Milmar","lat":-16.341637,"lon":-48.956018},"geometry":{"type":"Polygon","coordinates":[[[-48.9564498,-16.3413284],[-48.956366,-16.3411073],[-48.9562603,-16.3411405],[-48.9560184,-16.3410527],[-48.9559635,-16.340883],[-48.9559377,-16.3407958],[-48.9556118,-16.3408975],[-48.9555366,-16.3409474],[-48.9553313,-16.3411756],[-48.9550723,-16.3413857],[-48.9550917,-16.3414246],[-48.9551382,-16.3415176],[-48.9551963,-16.3414898],[-48.955306,-16.341427],[-48.9554368,-16.3415749],[-48.9554979,-16.3416676],[-48.9556635,-16.3415908],[-48.9558174,-16.3418976],[-48.955745,-16.3419312],[-48.955787,-16.3420253],[-48.9558477,-16.3420029],[-48.95611,-16.3418815],[-48.9561616,-16.3419632],[-48.9563578,-16.3423575],[-48.9564035,-16.3423412],[-48.9565856,-16.3422695],[-48.9567023,-16.342274],[-48.9567887,-16.3424779],[-48.9568821,-16.3424241],[-48.957355,-16.3422903],[-48.9571623,-16.341664],[-48.9569862,-16.3411646],[-48.9564498,-16.3413284]]]}},{"type":"Feature","properties":{"id":"vila-moreira","nome":"Vila Moreira","lat":-16.332532,"lon":-48.965676},"geometry":{"type":"Polygon","coordinates":[[[-48.9644795,-16.3326617],[-48.9645027,-16.3328812],[-48.9649327,-16.3333496],[-48.9649573,-16.3334708],[-48.965076,-16.3334482],[-48.9651588,-16.333448],[-48.9655368,-16.3334393],[-48.9654988,-16.3332226],[-48.9659772,-16.3331663],[-48.9659618,-16.3330392],[-48.966162,-16.3330244],[-48.966101,-16.3325383],[-48.9660973,-16.3322409],[-48.9661836,-16.3321876],[-48.9662545,-16.33196],[-48.9663746,-16.3317767],[-48.9664763,-16.3316702],[-48.9666378,-16.3314112],[-48.9662169,-16.3315452],[-48.9660674,-16.3316013],[-48.9660721,-16.3317267],[-48.9654697,-16.3321032],[-48.9653691,-16.3322053],[-48.964666,-16.3326451],[-48.9644795,-16.3326617]]]}},{"type":"Feature","properties":{"id":"vila-norte","nome":"Vila Norte","lat":-16.282062,"lon":-48.924296},"geometry":{"type":"Polygon","coordinates":[[[-48.9295014,-16.2854651],[-48.9280618,-16.2838358],[-48.9279899,-16.2838374],[-48.9267292,-16.2823828],[-48.926698,-16.2822699],[-48.9252565,-16.2806693],[-48.9251574,-16.280596],[-48.9247846,-16.2781166],[-48.9246425,-16.2764173],[-48.9244735,-16.2763761],[-48.9242964,-16.27634],[-48.9241784,-16.2763374],[-48.9240658,-16.276322],[-48.9239397,-16.2762859],[-48.9237788,-16.2762319],[-48.923591,-16.2762138],[-48.9234489,-16.276183],[-48.9235669,-16.2784281],[-48.9230009,-16.278598],[-48.9193872,-16.2814938],[-48.9195347,-16.2818468],[-48.9198127,-16.2825124],[-48.9202457,-16.2835514],[-48.9203592,-16.2838206],[-48.9206399,-16.2844924],[-48.9208276,-16.2848837],[-48.9212191,-16.2848186],[-48.9218678,-16.2847107],[-48.9225386,-16.2845992],[-48.9226161,-16.2845863],[-48.923193,-16.2844904],[-48.9234248,-16.2844519],[-48.9238543,-16.2843805],[-48.9240898,-16.2843413],[-48.924234,-16.2843174],[-48.9245281,-16.2842749],[-48.9251838,-16.2841803],[-48.9257682,-16.2840959],[-48.9258487,-16.284132],[-48.9258865,-16.2842064],[-48.926294,-16.2845439],[-48.9264012,-16.2846212],[-48.9269162,-16.2847859],[-48.9281204,-16.2851211],[-48.9282349,-16.2851684],[-48.9294368,-16.2855188],[-48.9295014,-16.2854651]]]}},{"type":"Feature","properties":{"id":"vila-nossa-senhora-d-abadia","nome":"Vila Nossa Senhora D'Abadia","lat":-16.344277,"lon":-48.961759},"geometry":{"type":"Polygon","coordinates":[[[-48.9658685,-16.3425423],[-48.9651896,-16.3427719],[-48.9649743,-16.3426081],[-48.964497,-16.3422022],[-48.9643364,-16.3421024],[-48.9635516,-16.3424772],[-48.9631066,-16.3427176],[-48.9626886,-16.3428879],[-48.9620722,-16.343038],[-48.9620792,-16.3431879],[-48.9620201,-16.3432136],[-48.9616042,-16.3432437],[-48.9610898,-16.3429807],[-48.9605197,-16.3426795],[-48.9600285,-16.3422115],[-48.9597241,-16.3419189],[-48.959361,-16.34155],[-48.9592499,-16.3415895],[-48.9591162,-16.3414713],[-48.9586901,-16.3411108],[-48.9585106,-16.340941],[-48.9584027,-16.3407222],[-48.958147,-16.3405832],[-48.9580554,-16.3405251],[-48.9576108,-16.3397981],[-48.9570501,-16.3398476],[-48.9566517,-16.3398907],[-48.9566259,-16.3398935],[-48.9571623,-16.341664],[-48.9573841,-16.3423965],[-48.9581154,-16.3445653],[-48.9583214,-16.3451787],[-48.958449,-16.3454628],[-48.9584488,-16.3460006],[-48.9584504,-16.346609],[-48.9584317,-16.3474652],[-48.9585004,-16.3486132],[-48.9592974,-16.3488826],[-48.9593805,-16.3488903],[-48.9595891,-16.3489074],[-48.9599646,-16.3487401],[-48.9601658,-16.3487479],[-48.9608578,-16.3479191],[-48.9608417,-16.3477415],[-48.9611528,-16.3477209],[-48.9612816,-16.3475536],[-48.9613226,-16.3473822],[-48.9617048,-16.346971],[-48.9618877,-16.3467743],[-48.9623014,-16.3463294],[-48.9623644,-16.346269],[-48.9628593,-16.3457941],[-48.9628935,-16.3457622],[-48.9634343,-16.345413],[-48.9637418,-16.3452175],[-48.9641414,-16.3450721],[-48.9641482,-16.3449257],[-48.9644288,-16.3448391],[-48.9646438,-16.3448391],[-48.9649171,-16.3449804],[-48.9651936,-16.3451234],[-48.9655074,-16.3452315],[-48.9662611,-16.3452418],[-48.9669858,-16.3453936],[-48.9673568,-16.3452449],[-48.9673863,-16.3450519],[-48.9674721,-16.3446401],[-48.9676314,-16.3442403],[-48.9668754,-16.3435867],[-48.9665106,-16.3429896],[-48.9663043,-16.3426218],[-48.9658685,-16.3425423]]]}},{"type":"Feature","properties":{"id":"vila-oper-ria","nome":"Vila Operária","lat":-16.354793,"lon":-48.907076},"geometry":{"type":"Polygon","coordinates":[[[-48.9087257,-16.3530849],[-48.9083394,-16.3536022],[-48.9083786,-16.3536888],[-48.9080068,-16.3541349],[-48.9079417,-16.3541601],[-48.9078932,-16.3541789],[-48.9078405,-16.3541993],[-48.9077279,-16.3542868],[-48.9076383,-16.3544038],[-48.9074303,-16.3546754],[-48.9072053,-16.3549692],[-48.9070377,-16.3551881],[-48.9069441,-16.3553103],[-48.9067964,-16.3555032],[-48.9065316,-16.355849],[-48.9066136,-16.3559149],[-48.9066222,-16.3560049],[-48.9065796,-16.3560744],[-48.9062698,-16.3564768],[-48.9061552,-16.3566238],[-48.9057614,-16.3566423],[-48.9051372,-16.356708],[-48.9049384,-16.3563586],[-48.9053476,-16.3558276],[-48.9062661,-16.354539],[-48.9070171,-16.3535481],[-48.9070972,-16.3533858],[-48.9076404,-16.3526815],[-48.9081056,-16.3530039],[-48.9082958,-16.3527632],[-48.9087257,-16.3530849]]]}},{"type":"Feature","properties":{"id":"vila-popular-munir-calixto","nome":"Vila Popular Munir Calixto","lat":-16.352995,"lon":-48.958924},"geometry":{"type":"Polygon","coordinates":[[[-48.9594961,-16.3551391],[-48.9593689,-16.3551638],[-48.9588909,-16.3546006],[-48.9585708,-16.3541759],[-48.9585053,-16.354082],[-48.9583715,-16.3538606],[-48.9583315,-16.353719],[-48.9582811,-16.3533371],[-48.9583078,-16.3532117],[-48.9583468,-16.3531644],[-48.95846,-16.3527229],[-48.9584565,-16.3525803],[-48.9585202,-16.3522611],[-48.9585057,-16.3521555],[-48.9584741,-16.3520904],[-48.9585373,-16.3516964],[-48.9586557,-16.3512646],[-48.9587428,-16.3511233],[-48.9588676,-16.351045],[-48.9589144,-16.3511421],[-48.9592837,-16.3519464],[-48.9593787,-16.3521628],[-48.9594469,-16.3524059],[-48.9595925,-16.352925],[-48.9596267,-16.3530125],[-48.9597482,-16.3534353],[-48.9600318,-16.3544664],[-48.9601597,-16.3549825],[-48.9594961,-16.3551391]]]}},{"type":"Feature","properties":{"id":"vila-residencial-pedro-ludovico","nome":"Vila Residencial Pedro Ludovico","lat":-16.339764,"lon":-48.968849},"geometry":{"type":"Polygon","coordinates":[[[-48.9691569,-16.3393751],[-48.9688891,-16.339573],[-48.9687163,-16.3395461],[-48.9685669,-16.3394744],[-48.9683287,-16.3396626],[-48.9683427,-16.3397119],[-48.9681555,-16.3398262],[-48.9680251,-16.340066],[-48.9677496,-16.3401825],[-48.9676869,-16.3402088],[-48.9677595,-16.3404242],[-48.9681068,-16.3407907],[-48.96829,-16.3406448],[-48.9687025,-16.3409506],[-48.969104,-16.340609],[-48.9691743,-16.3404598],[-48.9692302,-16.3402295],[-48.9693154,-16.3399397],[-48.9692739,-16.339908],[-48.9693483,-16.3398182],[-48.9693873,-16.3396987],[-48.96946,-16.3394191],[-48.9695619,-16.3391617],[-48.9696623,-16.3389035],[-48.9697067,-16.3387892],[-48.9694571,-16.3388127],[-48.9692715,-16.3388431],[-48.9691054,-16.338927],[-48.9690996,-16.3391977],[-48.9691569,-16.3393751]]]}},{"type":"Feature","properties":{"id":"vila-rica","nome":"Vila Rica","lat":-16.352155,"lon":-48.90668},"geometry":{"type":"Polygon","coordinates":[[[-48.909318,-16.3491137],[-48.9092376,-16.349206],[-48.9063675,-16.3528517],[-48.9044368,-16.3553114],[-48.9044039,-16.3553527],[-48.904278,-16.3551157],[-48.9041194,-16.3547815],[-48.9088555,-16.3487333],[-48.9090994,-16.3489272],[-48.909318,-16.3491137]]]}},{"type":"Feature","properties":{"id":"vila-santa-isabel-1-etapa","nome":"Vila Santa Isabel 1 Etapa","lat":-16.305363,"lon":-48.946884},"geometry":{"type":"Polygon","coordinates":[[[-48.9495091,-16.3031322],[-48.9495004,-16.3030544],[-48.9494414,-16.3026116],[-48.9493717,-16.3020247],[-48.9494468,-16.3017003],[-48.9496184,-16.3015973],[-48.9498778,-16.3007991],[-48.947531,-16.3013021],[-48.9473769,-16.3013198],[-48.9465635,-16.297848],[-48.946485,-16.2979033],[-48.94588,-16.2982029],[-48.9459316,-16.2983528],[-48.9459793,-16.2988389],[-48.945974,-16.299098],[-48.9457011,-16.300254],[-48.9457096,-16.3004205],[-48.9454956,-16.3013398],[-48.9454052,-16.3018861],[-48.9452858,-16.3023839],[-48.9452822,-16.3023989],[-48.9450877,-16.3034894],[-48.9448271,-16.3045836],[-48.9447465,-16.3049867],[-48.9445894,-16.3056841],[-48.9443647,-16.3067519],[-48.9441257,-16.3078695],[-48.9441034,-16.3080535],[-48.9438528,-16.3089642],[-48.9436121,-16.3099333],[-48.9436349,-16.3100267],[-48.9439504,-16.3099838],[-48.9446918,-16.310442],[-48.9450156,-16.3106424],[-48.9451876,-16.3107489],[-48.9451925,-16.3107519],[-48.946192,-16.3109818],[-48.9469066,-16.3111047],[-48.9476508,-16.3112577],[-48.9483726,-16.3114889],[-48.9491008,-16.3116549],[-48.9498588,-16.3118385],[-48.949925,-16.3118313],[-48.9496779,-16.3108188],[-48.9495794,-16.310415],[-48.9494984,-16.3100592],[-48.9494465,-16.3098309],[-48.9485502,-16.3062638],[-48.9479928,-16.3039015],[-48.9478929,-16.3034781],[-48.9479502,-16.3034603],[-48.9486082,-16.303315],[-48.9492994,-16.3031623],[-48.9495091,-16.3031322]]]}},{"type":"Feature","properties":{"id":"vila-santa-isabel-2-etapa","nome":"Vila Santa Isabel 2 Etapa","lat":-16.307366,"lon":-48.951862},"geometry":{"type":"Polygon","coordinates":[[[-48.9534781,-16.3068633],[-48.9533474,-16.3065487],[-48.9532499,-16.3063107],[-48.9530994,-16.3061117],[-48.9527783,-16.3059712],[-48.9525953,-16.3059166],[-48.9523799,-16.3057839],[-48.9521766,-16.305659],[-48.9519286,-16.3053976],[-48.9517741,-16.3053079],[-48.9517566,-16.3051939],[-48.9493226,-16.3060219],[-48.9485502,-16.3062638],[-48.9494465,-16.3098309],[-48.9495013,-16.3098119],[-48.9501981,-16.3096619],[-48.9505897,-16.3095647],[-48.9506122,-16.3097964],[-48.9525471,-16.3097695],[-48.9525715,-16.3095535],[-48.9528426,-16.3089952],[-48.9531562,-16.3080372],[-48.9533601,-16.3073473],[-48.9534352,-16.307059],[-48.9534781,-16.3068633]]]}},{"type":"Feature","properties":{"id":"vila-santa-maria","nome":"Vila Santa Maria","lat":-16.323544,"lon":-48.964031},"geometry":{"type":"Polygon","coordinates":[[[-48.9668481,-16.3238873],[-48.9665122,-16.3236589],[-48.9663565,-16.3234958],[-48.9662114,-16.3234018],[-48.9660569,-16.3233316],[-48.9659553,-16.3232614],[-48.9657642,-16.3231639],[-48.9656138,-16.3231209],[-48.9655569,-16.3230546],[-48.965313,-16.322961],[-48.9652642,-16.3228283],[-48.9652073,-16.3227854],[-48.9650975,-16.3227971],[-48.965065,-16.3226957],[-48.9650243,-16.322602],[-48.9649633,-16.3224889],[-48.9648536,-16.3223835],[-48.9646882,-16.3222508],[-48.964589,-16.3221607],[-48.9645246,-16.3220809],[-48.9644951,-16.3220835],[-48.9643878,-16.3219573],[-48.9643234,-16.3218904],[-48.9642832,-16.3219033],[-48.9642161,-16.3218158],[-48.9641571,-16.3217797],[-48.9640828,-16.3217614],[-48.9639568,-16.3216814],[-48.9638775,-16.3215897],[-48.9638327,-16.3215319],[-48.9636945,-16.3215273],[-48.9636031,-16.3213732],[-48.9635136,-16.3214005],[-48.9634039,-16.3211469],[-48.9627926,-16.3214177],[-48.9617173,-16.32253],[-48.9608236,-16.323467],[-48.9605282,-16.3238011],[-48.9600982,-16.3242435],[-48.9597191,-16.3245442],[-48.9593757,-16.324606],[-48.9592122,-16.3246105],[-48.959276,-16.3253467],[-48.9601915,-16.325264],[-48.9609937,-16.3251778],[-48.9609541,-16.3247817],[-48.9618558,-16.3247107],[-48.9619107,-16.3246127],[-48.9627316,-16.324714],[-48.9627489,-16.3249723],[-48.9634001,-16.3251428],[-48.9633627,-16.3254654],[-48.9635522,-16.3255182],[-48.9635627,-16.3256345],[-48.9641006,-16.325815],[-48.9643248,-16.3257254],[-48.9649692,-16.3257343],[-48.9661741,-16.3256895],[-48.9668839,-16.3257523],[-48.9673245,-16.3258256],[-48.9675853,-16.3255965],[-48.9677624,-16.3251769],[-48.9678207,-16.3251074],[-48.9669585,-16.3239875],[-48.9668481,-16.3238873]]]}},{"type":"Feature","properties":{"id":"vila-santa-maria-de-nazar","nome":"Vila Santa Maria de Nazaré","lat":-16.323215,"lon":-48.940471},"geometry":{"type":"Polygon","coordinates":[[[-48.9436782,-16.3268109],[-48.9431787,-16.3266256],[-48.943146,-16.3265875],[-48.9431016,-16.3265629],[-48.9426977,-16.3265023],[-48.9424618,-16.326471],[-48.9424338,-16.326518],[-48.9421606,-16.326462],[-48.9421723,-16.3264172],[-48.9418944,-16.3263634],[-48.9419201,-16.3263007],[-48.941292,-16.3261752],[-48.9411309,-16.3261438],[-48.9411122,-16.3261954],[-48.9395221,-16.3257987],[-48.9377545,-16.325373],[-48.9373799,-16.3251944],[-48.9375065,-16.3249895],[-48.936936,-16.3248579],[-48.9368321,-16.3248038],[-48.9367528,-16.3248284],[-48.9363838,-16.3245573],[-48.9361457,-16.3244027],[-48.9357254,-16.3241382],[-48.9355689,-16.3240643],[-48.9352123,-16.3240325],[-48.9352218,-16.3239079],[-48.9352164,-16.323563],[-48.9352808,-16.3233236],[-48.9354766,-16.3230971],[-48.9357958,-16.3227161],[-48.9359755,-16.3223789],[-48.9360372,-16.3221086],[-48.9360184,-16.3217637],[-48.935895,-16.3213855],[-48.9358715,-16.3209608],[-48.9358424,-16.3206686],[-48.9356091,-16.319832],[-48.9354857,-16.319366],[-48.9353838,-16.3187534],[-48.9353087,-16.3183415],[-48.9349278,-16.3174612],[-48.9347803,-16.3171973],[-48.9352987,-16.3174357],[-48.9358026,-16.3175691],[-48.9360688,-16.3175713],[-48.9367505,-16.3173335],[-48.9370575,-16.3171582],[-48.9373718,-16.3169772],[-48.9377141,-16.3169144],[-48.9386054,-16.3169125],[-48.9397881,-16.3172083],[-48.9403571,-16.3173914],[-48.9410208,-16.3177669],[-48.9415083,-16.3182411],[-48.9422509,-16.3191287],[-48.9424892,-16.3195609],[-48.9426539,-16.3202261],[-48.942865,-16.3210083],[-48.9431015,-16.3214099],[-48.9433016,-16.3217172],[-48.9435854,-16.3219337],[-48.9440221,-16.3223493],[-48.9444915,-16.3227753],[-48.944939,-16.3232712],[-48.9451247,-16.3233527],[-48.9450162,-16.3234742],[-48.9445817,-16.3238423],[-48.9444771,-16.323953],[-48.9443913,-16.3240765],[-48.9443296,-16.3241924],[-48.9442706,-16.3243417],[-48.9442518,-16.3244626],[-48.9442438,-16.3246274],[-48.9443081,-16.324998],[-48.9443725,-16.3252091],[-48.9444771,-16.3254382],[-48.94463,-16.3256622],[-48.9458209,-16.3273893],[-48.945947,-16.3275206],[-48.946137,-16.3277057],[-48.9462145,-16.3277812],[-48.9456198,-16.3277302],[-48.9452454,-16.3276865],[-48.944468,-16.327569],[-48.9438828,-16.3274806],[-48.943674,-16.3274409],[-48.9435038,-16.3274086],[-48.9436561,-16.3268861],[-48.9436782,-16.3268109]]]}},{"type":"Feature","properties":{"id":"vila-santa-rita","nome":"Vila Santa Rita","lat":-16.349674,"lon":-48.959133},"geometry":{"type":"Polygon","coordinates":[[[-48.9598032,-16.3493982],[-48.9597108,-16.3499097],[-48.9597046,-16.3500013],[-48.959643,-16.3501018],[-48.9595105,-16.3501728],[-48.9595413,-16.3502408],[-48.9594427,-16.3502615],[-48.9592825,-16.3502851],[-48.9589775,-16.3503236],[-48.9588036,-16.3503798],[-48.9587095,-16.3501736],[-48.9586044,-16.3499318],[-48.9584533,-16.3494828],[-48.9583724,-16.3492693],[-48.9583748,-16.349241],[-48.9584253,-16.3485997],[-48.9585004,-16.3486132],[-48.9592974,-16.3488826],[-48.9596769,-16.3490937],[-48.9598278,-16.3491173],[-48.9598032,-16.3493982]]]}},{"type":"Feature","properties":{"id":"vila-santa-rosa","nome":"Vila Santa Rosa","lat":-16.349565,"lon":-48.954317},"geometry":{"type":"Polygon","coordinates":[[[-48.954552,-16.350485],[-48.9546259,-16.3501041],[-48.9549177,-16.3501422],[-48.9549784,-16.3497703],[-48.9551092,-16.3496784],[-48.9555342,-16.3489771],[-48.9555526,-16.3489092],[-48.9553487,-16.3488778],[-48.9545673,-16.3487573],[-48.9543267,-16.3487232],[-48.9538948,-16.3486544],[-48.953792,-16.3486375],[-48.9534433,-16.3492572],[-48.9533364,-16.3494471],[-48.9530967,-16.349873],[-48.9528955,-16.3502306],[-48.9534927,-16.3503204],[-48.9540939,-16.3504138],[-48.9544574,-16.3504703],[-48.954552,-16.350485]]]}},{"type":"Feature","properties":{"id":"vila-santa-terezinha","nome":"Vila Santa Terezinha","lat":-16.335688,"lon":-48.960822},"geometry":{"type":"Polygon","coordinates":[[[-48.9626713,-16.3357649],[-48.9624229,-16.3361299],[-48.9624688,-16.3361585],[-48.9619515,-16.3369268],[-48.9621081,-16.3370286],[-48.962387,-16.337183],[-48.9626177,-16.3372859],[-48.9628846,-16.3373812],[-48.9628887,-16.3374893],[-48.9629677,-16.337811],[-48.9631765,-16.3384129],[-48.9631995,-16.338572],[-48.9632059,-16.3386163],[-48.9631847,-16.3387845],[-48.9626825,-16.3382571],[-48.9619445,-16.3377081],[-48.9606345,-16.3368752],[-48.9598402,-16.3363393],[-48.9588126,-16.3357017],[-48.9580491,-16.3352674],[-48.9575015,-16.3349951],[-48.9574835,-16.3348303],[-48.9574058,-16.3342988],[-48.9575336,-16.3342099],[-48.9577812,-16.3338945],[-48.958264,-16.3334552],[-48.9587935,-16.3329562],[-48.9588931,-16.3328294],[-48.95897,-16.3327431],[-48.9590713,-16.3328182],[-48.9594267,-16.3330336],[-48.960032,-16.3334264],[-48.9606238,-16.3338068],[-48.9609976,-16.334047],[-48.9619932,-16.3346815],[-48.9629682,-16.3353218],[-48.9625878,-16.335417],[-48.9626713,-16.3357649]]]}},{"type":"Feature","properties":{"id":"vila-santana","nome":"Vila Santana","lat":-16.330199,"lon":-48.94927},"geometry":{"type":"Polygon","coordinates":[[[-48.946137,-16.3277057],[-48.9467582,-16.3273397],[-48.9471159,-16.327129],[-48.948006,-16.3267558],[-48.9481391,-16.3267356],[-48.9483329,-16.3266639],[-48.948459,-16.3266348],[-48.9488186,-16.3265093],[-48.9489741,-16.3264517],[-48.9493862,-16.3272303],[-48.9496578,-16.3279244],[-48.9498699,-16.3284879],[-48.9499867,-16.3288274],[-48.9502355,-16.3294618],[-48.9503913,-16.3298419],[-48.950909,-16.3309152],[-48.9509305,-16.3311073],[-48.9509922,-16.3314237],[-48.9510671,-16.3315966],[-48.9512879,-16.3323876],[-48.9513526,-16.3326534],[-48.9514974,-16.3331664],[-48.951567,-16.333457],[-48.9516691,-16.3338244],[-48.951573,-16.3338127],[-48.9514839,-16.3337969],[-48.9506811,-16.3337528],[-48.949967,-16.3339832],[-48.9498433,-16.3337002],[-48.9497633,-16.3334857],[-48.9496974,-16.3332796],[-48.9495717,-16.3329372],[-48.9487229,-16.3317729],[-48.9485338,-16.3313181],[-48.9485081,-16.3311993],[-48.9484007,-16.3302604],[-48.9483423,-16.3299781],[-48.9482816,-16.3297607],[-48.9481461,-16.3295232],[-48.9479407,-16.3292901],[-48.947793,-16.3291607],[-48.9465014,-16.3279513],[-48.9463648,-16.3277924],[-48.9462145,-16.3277812],[-48.946137,-16.3277057]]]}},{"type":"Feature","properties":{"id":"vila-sul","nome":"Vila Sul","lat":-16.330969,"lon":-48.909934},"geometry":{"type":"Polygon","coordinates":[[[-48.9137853,-16.3316645],[-48.9126002,-16.3317888],[-48.9122676,-16.3318237],[-48.9113336,-16.3319285],[-48.9107624,-16.3319888],[-48.9107337,-16.3319479],[-48.9078605,-16.3322743],[-48.9077997,-16.332113],[-48.9077437,-16.3319382],[-48.9077484,-16.3317858],[-48.9077063,-16.3316783],[-48.9075989,-16.3313466],[-48.9075849,-16.3311987],[-48.9076316,-16.3309971],[-48.907669,-16.330764],[-48.9076363,-16.3305937],[-48.9076363,-16.3304817],[-48.9075662,-16.3303472],[-48.9077154,-16.3302951],[-48.9080802,-16.3301945],[-48.9098757,-16.3299722],[-48.9114613,-16.3298023],[-48.9121337,-16.3297174],[-48.9138412,-16.3293761],[-48.9138311,-16.3294421],[-48.913823,-16.3297028],[-48.9137827,-16.3309996],[-48.9137853,-16.3316645]]]}},{"type":"Feature","properties":{"id":"vila-s-o-joaquim","nome":"Vila São Joaquim","lat":-16.34693,"lon":-48.9708},"geometry":{"type":"Polygon","coordinates":[[[-48.9703123,-16.3437286],[-48.968459,-16.34505],[-48.9685262,-16.3453081],[-48.9687103,-16.345573],[-48.9695738,-16.3465409],[-48.9696234,-16.3467039],[-48.9697296,-16.3475394],[-48.969903,-16.3480488],[-48.969857,-16.3481575],[-48.9699269,-16.348408],[-48.9700289,-16.3486603],[-48.9702756,-16.3492316],[-48.9704902,-16.3494993],[-48.9708854,-16.349861],[-48.970992,-16.3500747],[-48.9713987,-16.3498793],[-48.9735343,-16.3486782],[-48.9733553,-16.3484434],[-48.9730361,-16.3479495],[-48.9724822,-16.3471218],[-48.9723808,-16.3469616],[-48.9718426,-16.3458799],[-48.9717353,-16.3456662],[-48.971687,-16.3455968],[-48.9712996,-16.3450234],[-48.9710117,-16.34464],[-48.9708936,-16.3444889],[-48.9707957,-16.3443454],[-48.9704555,-16.3439178],[-48.9703123,-16.3437286]]]}},{"type":"Feature","properties":{"id":"vila-s-o-jorge","nome":"Vila São Jorge","lat":-16.321627,"lon":-48.965772},"geometry":{"type":"Polygon","coordinates":[[[-48.9627926,-16.3214177],[-48.9624837,-16.3208947],[-48.9624415,-16.3207692],[-48.9621293,-16.3197097],[-48.9623336,-16.3196342],[-48.9625345,-16.319568],[-48.9628233,-16.3194729],[-48.9631667,-16.3193614],[-48.9636883,-16.3195898],[-48.9639753,-16.3192827],[-48.9642053,-16.3195037],[-48.9644127,-16.3192891],[-48.9646358,-16.3194728],[-48.9648817,-16.3192132],[-48.9648996,-16.3192522],[-48.9656405,-16.3190316],[-48.9660659,-16.3194762],[-48.9661482,-16.3194409],[-48.9663277,-16.319892],[-48.966527,-16.3203459],[-48.9665882,-16.3203068],[-48.9666753,-16.3202817],[-48.9667659,-16.3202829],[-48.9686436,-16.3201181],[-48.9691571,-16.3200817],[-48.9691577,-16.3200984],[-48.9691612,-16.3201904],[-48.9691937,-16.3203972],[-48.9693034,-16.3203816],[-48.9693243,-16.3206594],[-48.9693888,-16.3207054],[-48.9694049,-16.3211701],[-48.9694091,-16.3217121],[-48.9686408,-16.3214896],[-48.9669554,-16.3207572],[-48.965389,-16.3213029],[-48.9666635,-16.3224251],[-48.9681034,-16.3226414],[-48.9684402,-16.3236572],[-48.9686575,-16.324034],[-48.9683551,-16.3243223],[-48.9681808,-16.3245694],[-48.9680943,-16.3247033],[-48.9680004,-16.3250353],[-48.9678207,-16.3251074],[-48.9676776,-16.3249359],[-48.9669585,-16.3239875],[-48.9668481,-16.3238873],[-48.9665122,-16.3236589],[-48.9663565,-16.3234958],[-48.9662114,-16.3234018],[-48.9660569,-16.3233316],[-48.9659553,-16.3232614],[-48.9657642,-16.3231639],[-48.9656138,-16.3231209],[-48.9655569,-16.3230546],[-48.965313,-16.322961],[-48.9652642,-16.3228283],[-48.9652073,-16.3227854],[-48.9650975,-16.3227971],[-48.965065,-16.3226957],[-48.9650243,-16.322602],[-48.9649633,-16.3224889],[-48.9648536,-16.3223835],[-48.9646882,-16.3222508],[-48.964589,-16.3221607],[-48.9645246,-16.3220809],[-48.9644951,-16.3220835],[-48.9643878,-16.3219573],[-48.9643234,-16.3218904],[-48.9642832,-16.3219033],[-48.9642161,-16.3218158],[-48.9641571,-16.3217797],[-48.9640828,-16.3217614],[-48.9639568,-16.3216814],[-48.9638775,-16.3215897],[-48.9638327,-16.3215319],[-48.9636945,-16.3215273],[-48.9636031,-16.3213732],[-48.9635136,-16.3214005],[-48.9634039,-16.3211469],[-48.9627926,-16.3214177]]]}},{"type":"Feature","properties":{"id":"vila-s-o-jos","nome":"Vila São José","lat":-16.347931,"lon":-48.94871},"geometry":{"type":"Polygon","coordinates":[[[-48.9506258,-16.3454675],[-48.9499505,-16.3451863],[-48.9499807,-16.3449628],[-48.9497696,-16.344892],[-48.949748,-16.3449275],[-48.9493576,-16.3448417],[-48.9493608,-16.3449469],[-48.949357,-16.3449983],[-48.9493381,-16.3452571],[-48.949265,-16.3454467],[-48.9489624,-16.345371],[-48.9489501,-16.3454242],[-48.9486887,-16.3454773],[-48.9486479,-16.3455612],[-48.9482517,-16.3468345],[-48.9479947,-16.3466252],[-48.9475777,-16.347816],[-48.947525,-16.3478812],[-48.9468403,-16.3493202],[-48.9462602,-16.350445],[-48.94645,-16.3505472],[-48.9462717,-16.3508208],[-48.9460344,-16.3511849],[-48.9458277,-16.351502],[-48.9466391,-16.35169],[-48.9479757,-16.3520152],[-48.9480133,-16.3515777],[-48.9479977,-16.3513748],[-48.9481694,-16.3510351],[-48.9483244,-16.3508364],[-48.9484644,-16.3505049],[-48.9487643,-16.3500025],[-48.9489038,-16.3497451],[-48.9489371,-16.3496668],[-48.9489735,-16.3495804],[-48.9490915,-16.3493179],[-48.9491827,-16.3489833],[-48.9496977,-16.3480104],[-48.9497782,-16.3478715],[-48.9499123,-16.3475317],[-48.9501805,-16.3469552],[-48.9504332,-16.3465362],[-48.9504922,-16.3462222],[-48.9504541,-16.3459514],[-48.9505255,-16.3457502],[-48.9506258,-16.3454675]]]}},{"type":"Feature","properties":{"id":"vila-s-o-jo-o","nome":"Vila São João","lat":-16.317431,"lon":-48.964164},"geometry":{"type":"Polygon","coordinates":[[[-48.9668891,-16.3157384],[-48.9661903,-16.315802],[-48.9662039,-16.3159472],[-48.965602,-16.3161639],[-48.9655084,-16.3162001],[-48.9653664,-16.3162142],[-48.96537,-16.3162601],[-48.9649064,-16.3164571],[-48.9648245,-16.316494],[-48.964163,-16.3167768],[-48.9641752,-16.3169171],[-48.9634777,-16.316989],[-48.9634836,-16.3170553],[-48.9631252,-16.3171726],[-48.9632139,-16.3182459],[-48.96139,-16.3184004],[-48.961304,-16.3184079],[-48.9612707,-16.3180413],[-48.9603024,-16.3183522],[-48.9604794,-16.3200457],[-48.9609071,-16.3198694],[-48.9614192,-16.3196031],[-48.9622694,-16.3191324],[-48.9626342,-16.3189789],[-48.9636267,-16.3185614],[-48.9642913,-16.3182827],[-48.9654895,-16.3177803],[-48.965448,-16.3176761],[-48.9656447,-16.3176166],[-48.9655634,-16.3167741],[-48.9662905,-16.3167331],[-48.9668444,-16.316658],[-48.9668764,-16.3166537],[-48.9670303,-16.3166416],[-48.9668891,-16.3157384]]]}},{"type":"Feature","properties":{"id":"vila-s-o-vicente-igrejinha","nome":"Vila São Vicente (Igrejinha)","lat":-16.417214,"lon":-48.979601},"geometry":{"type":"Polygon","coordinates":[[[-48.9812168,-16.4177771],[-48.981452,-16.4183508],[-48.9818335,-16.4188126],[-48.9821331,-16.4189703],[-48.9818654,-16.4192038],[-48.9801846,-16.4194075],[-48.9799991,-16.4188526],[-48.9798195,-16.4183574],[-48.9797018,-16.4180268],[-48.97947,-16.417886],[-48.9792412,-16.4179885],[-48.9791606,-16.4178013],[-48.9775894,-16.4172402],[-48.9774578,-16.4174617],[-48.977202,-16.4173567],[-48.9775943,-16.4164205],[-48.9777157,-16.4164429],[-48.977822,-16.4161181],[-48.9781949,-16.4162259],[-48.9789447,-16.4146366],[-48.9793767,-16.413957],[-48.9798639,-16.4151066],[-48.9801575,-16.4157248],[-48.9801885,-16.4157854],[-48.9805398,-16.4164726],[-48.9809121,-16.4171799],[-48.9812168,-16.4177771]]]}},{"type":"Feature","properties":{"id":"vila-tocantins","nome":"Vila Tocantins","lat":-16.332789,"lon":-48.955491},"geometry":{"type":"Polygon","coordinates":[[[-48.9553665,-16.3317962],[-48.9551006,-16.3326396],[-48.9549584,-16.3325881],[-48.9546049,-16.3332994],[-48.9545639,-16.3333821],[-48.9546844,-16.3334094],[-48.9549135,-16.3334733],[-48.9551394,-16.3335354],[-48.9554662,-16.3337314],[-48.955542,-16.3335692],[-48.9557225,-16.3332066],[-48.9558037,-16.3331304],[-48.9558717,-16.3327401],[-48.956177,-16.3328105],[-48.9563648,-16.3319925],[-48.9562995,-16.3319792],[-48.9561645,-16.3319549],[-48.9560878,-16.331939],[-48.955501,-16.3318227],[-48.9553665,-16.3317962]]]}},{"type":"Feature","properties":{"id":"vila-uni-o","nome":"Vila União","lat":-16.331411,"lon":-48.964801},"geometry":{"type":"Polygon","coordinates":[[[-48.9666859,-16.3298329],[-48.9659202,-16.3298701],[-48.9651084,-16.3299326],[-48.9642201,-16.3299833],[-48.9642502,-16.3302932],[-48.9642682,-16.3304783],[-48.9633828,-16.3305236],[-48.9634158,-16.3308761],[-48.9634677,-16.3314314],[-48.9633565,-16.3314467],[-48.9633884,-16.331756],[-48.9632183,-16.331864],[-48.9632231,-16.3321017],[-48.9632327,-16.3322825],[-48.9632211,-16.3323206],[-48.9630483,-16.3323497],[-48.9630716,-16.3324124],[-48.9631907,-16.3324012],[-48.963172,-16.3327413],[-48.9635871,-16.332709],[-48.9638078,-16.3327024],[-48.9644795,-16.3326617],[-48.964666,-16.3326451],[-48.9653691,-16.3322053],[-48.9654697,-16.3321032],[-48.9660721,-16.3317267],[-48.9660674,-16.3316013],[-48.9662169,-16.3315452],[-48.9666378,-16.3314112],[-48.9667639,-16.3311847],[-48.966812,-16.3309603],[-48.9668229,-16.3309093],[-48.9668398,-16.3306775],[-48.9668497,-16.3305412],[-48.9668417,-16.330397],[-48.9667056,-16.329913],[-48.9666859,-16.3298329]]]}},{"type":"Feature","properties":{"id":"viviam-parque","nome":"Viviam Parque","lat":-16.383911,"lon":-48.980724},"geometry":{"type":"Polygon","coordinates":[[[-48.9825495,-16.3944674],[-48.9820827,-16.3921201],[-48.9816972,-16.3904765],[-48.9817245,-16.3904707],[-48.9815946,-16.3898079],[-48.9814701,-16.3891362],[-48.9812824,-16.388484],[-48.9815801,-16.3884183],[-48.9817134,-16.3883889],[-48.9817097,-16.3877524],[-48.9817969,-16.3873358],[-48.9818701,-16.386867],[-48.9820287,-16.3861038],[-48.9826665,-16.3846389],[-48.9827873,-16.3842478],[-48.9845558,-16.379094],[-48.984576,-16.3790377],[-48.9844591,-16.3788921],[-48.9843461,-16.3787688],[-48.9841398,-16.3784959],[-48.9839128,-16.3782339],[-48.9838655,-16.3781592],[-48.9835275,-16.3778247],[-48.9831465,-16.3776527],[-48.9830702,-16.3775948],[-48.9825996,-16.3773898],[-48.9824416,-16.3773188],[-48.9823071,-16.3771917],[-48.982047,-16.3769652],[-48.9818163,-16.3768005],[-48.9813051,-16.3765729],[-48.9807419,-16.3763777],[-48.980116,-16.376283],[-48.979434,-16.3762093],[-48.9788371,-16.3761185],[-48.9787082,-16.3761014],[-48.9781631,-16.3760311],[-48.978123,-16.376018],[-48.9773181,-16.3774668],[-48.9770221,-16.3781241],[-48.9768578,-16.3786203],[-48.9767563,-16.3792154],[-48.9766922,-16.3801121],[-48.976696,-16.3804592],[-48.976884,-16.3821469],[-48.9771294,-16.3834152],[-48.9775194,-16.3850755],[-48.97804,-16.3872794],[-48.9784024,-16.3888468],[-48.9785171,-16.3893426],[-48.9789176,-16.3909908],[-48.979288,-16.3919265],[-48.9792903,-16.3921549],[-48.9789919,-16.3941646],[-48.9788944,-16.3946735],[-48.9789692,-16.3946883],[-48.9807831,-16.3945763],[-48.9814966,-16.3945323],[-48.9820273,-16.3944996],[-48.9821728,-16.3944906],[-48.9825495,-16.3944674]]]}},{"type":"Feature","properties":{"id":"v-viam-parque-2-etapa","nome":"Víviam Parque 2 Etapa","lat":-16.391209,"lon":-48.976446},"geometry":{"type":"Polygon","coordinates":[[[-48.9788128,-16.3909074],[-48.9787525,-16.3908723],[-48.9782858,-16.3907231],[-48.9782207,-16.390704],[-48.9778063,-16.3905832],[-48.9776677,-16.3905416],[-48.9772474,-16.3904181],[-48.9771078,-16.3903772],[-48.9767356,-16.3902701],[-48.9767092,-16.3903739],[-48.9765238,-16.390321],[-48.9763969,-16.3902848],[-48.9759611,-16.3901605],[-48.9754078,-16.3900026],[-48.9719975,-16.3889296],[-48.9716917,-16.3899897],[-48.9713966,-16.3900412],[-48.97254,-16.3903474],[-48.9723082,-16.391372],[-48.9737614,-16.3912578],[-48.975124,-16.3914348],[-48.9754824,-16.3916912],[-48.9759779,-16.3920395],[-48.9764734,-16.3923878],[-48.9769837,-16.3927383],[-48.9774838,-16.3930981],[-48.977999,-16.393453],[-48.978929,-16.3941454],[-48.9789919,-16.3941646],[-48.9792903,-16.3921549],[-48.979288,-16.3919265],[-48.9789176,-16.3909908],[-48.9788128,-16.3909074]]]}},{"type":"Feature","properties":{"id":"rea-remanescente","nome":"Área Remanescente","lat":-16.340152,"lon":-48.922073},"geometry":{"type":"Polygon","coordinates":[[[-48.922916,-16.3406352],[-48.9207943,-16.3407847],[-48.9208153,-16.3403291],[-48.9208233,-16.3401549],[-48.922232,-16.3400016],[-48.9222667,-16.3400218],[-48.9223046,-16.3400358],[-48.9223444,-16.340043],[-48.9223848,-16.3400434],[-48.922451,-16.3400286],[-48.9225096,-16.3399957],[-48.9225399,-16.3399674],[-48.9225643,-16.3399343],[-48.922916,-16.3406352]]]}}]}